{
  "type": "rollout",
  "grpo_step": 162,
  "num_questions": 32,
  "group_size": 8.0,
  "num_rollouts": 256,
  "reward": 0.609375,
  "format_accuracy": 0.796875,
  "answer_accuracy": 0.609375,
  "avg_response_token_length": 385.171875,
  "rollout_seconds": 13.482466697692871,
  "mean_reward": 0.609375,
  "std_reward": 0.48884618282318115,
  "min_reward": 0.0,
  "max_reward": 1.0,
  "mean_advantage": -2.7939677238464355e-09,
  "std_advantage": 0.5495083332061768,
  "num_groups": 32.0
}
