{
  "type": "rollout",
  "grpo_step": 38,
  "num_questions": 32,
  "group_size": 8.0,
  "num_rollouts": 256,
  "reward": 0.58984375,
  "format_accuracy": 0.86328125,
  "answer_accuracy": 0.58984375,
  "avg_response_token_length": 382.4375,
  "rollout_seconds": 13.558966398239136,
  "mean_reward": 0.58984375,
  "std_reward": 0.49282535910606384,
  "min_reward": 0.0,
  "max_reward": 1.0,
  "mean_advantage": -6.51925802230835e-09,
  "std_advantage": 0.7409567832946777,
  "num_groups": 32.0
}
