{
  "type": "rollout",
  "grpo_step": 10,
  "num_questions": 32,
  "group_size": 8.0,
  "num_rollouts": 256,
  "reward": 0.28515625,
  "format_accuracy": 0.96484375,
  "answer_accuracy": 0.28515625,
  "avg_response_token_length": 81.87890625,
  "rollout_seconds": 6.7575578689575195,
  "mean_reward": 0.28515625,
  "std_reward": 0.4523732364177704,
  "min_reward": 0.0,
  "max_reward": 1.0,
  "mean_advantage": 2.7939677238464355e-09,
  "std_advantage": 0.7029333710670471,
  "num_groups": 32.0
}
