{
  "type": "rollout",
  "grpo_step": 109,
  "num_questions": 32,
  "group_size": 8.0,
  "num_rollouts": 256,
  "reward": 0.578125,
  "format_accuracy": 0.953125,
  "answer_accuracy": 0.578125,
  "avg_response_token_length": 347.9375,
  "rollout_seconds": 12.722395896911621,
  "mean_reward": 0.578125,
  "std_reward": 0.49482616782188416,
  "min_reward": 0.0,
  "max_reward": 1.0,
  "mean_advantage": 0.0,
  "std_advantage": 0.246544748544693,
  "num_groups": 32.0
}
