{
  "type": "rollout",
  "grpo_step": 70,
  "num_questions": 32,
  "group_size": 8.0,
  "num_rollouts": 256,
  "reward": 0.6953125,
  "format_accuracy": 0.94140625,
  "answer_accuracy": 0.6953125,
  "avg_response_token_length": 350.66015625,
  "rollout_seconds": 13.119922637939453,
  "mean_reward": 0.6953125,
  "std_reward": 0.4611765742301941,
  "min_reward": 0.0,
  "max_reward": 1.0,
  "mean_advantage": -4.6566128730773926e-09,
  "std_advantage": 0.6416873335838318,
  "num_groups": 32.0
}
