{
  "type": "rollout",
  "grpo_step": 155,
  "num_questions": 32,
  "group_size": 8.0,
  "num_rollouts": 256,
  "reward": 0.7421875,
  "format_accuracy": 0.96484375,
  "answer_accuracy": 0.7421875,
  "avg_response_token_length": 383.8984375,
  "rollout_seconds": 10.27673053741455,
  "mean_reward": 0.7421875,
  "std_reward": 0.4382871091365814,
  "min_reward": 0.0,
  "max_reward": 1.0,
  "mean_advantage": -1.3969838619232178e-09,
  "std_advantage": 0.6199288368225098,
  "num_groups": 32.0
}
