{
  "type": "rollout",
  "grpo_step": 87,
  "num_questions": 32,
  "group_size": 8.0,
  "num_rollouts": 256,
  "reward": 0.65625,
  "format_accuracy": 0.98828125,
  "answer_accuracy": 0.65625,
  "avg_response_token_length": 199.19921875,
  "rollout_seconds": 9.311675071716309,
  "mean_reward": 0.65625,
  "std_reward": 0.47588926553726196,
  "min_reward": 0.0,
  "max_reward": 1.0,
  "mean_advantage": 1.862645149230957e-09,
  "std_advantage": 0.7409568428993225,
  "num_groups": 32.0
}
