{
  "type": "rollout",
  "grpo_step": 5,
  "num_questions": 32,
  "group_size": 8.0,
  "num_rollouts": 256,
  "reward": 0.09765625,
  "format_accuracy": 0.38671875,
  "answer_accuracy": 0.09765625,
  "avg_response_token_length": 304.61328125,
  "rollout_seconds": 12.373296976089478,
  "mean_reward": 0.09765625,
  "std_reward": 0.29743078351020813,
  "min_reward": 0.0,
  "max_reward": 1.0,
  "mean_advantage": 5.587935447692871e-09,
  "std_advantage": 0.5973784327507019,
  "num_groups": 32.0
}
