{
  "type": "rollout",
  "grpo_step": 314,
  "num_questions": 32,
  "group_size": 8.0,
  "num_rollouts": 256,
  "reward": 0.66015625,
  "format_accuracy": 0.95703125,
  "answer_accuracy": 0.66015625,
  "avg_response_token_length": 399.546875,
  "rollout_seconds": 10.435070514678955,
  "mean_reward": 0.66015625,
  "std_reward": 0.47458380460739136,
  "min_reward": 0.0,
  "max_reward": 1.0,
  "mean_advantage": 9.313225746154785e-09,
  "std_advantage": 0.6627320051193237,
  "num_groups": 32.0
}
