{
  "type": "rollout",
  "grpo_step": 88,
  "num_questions": 32,
  "group_size": 8.0,
  "num_rollouts": 256,
  "reward": 0.671875,
  "format_accuracy": 0.8984375,
  "answer_accuracy": 0.671875,
  "avg_response_token_length": 452.890625,
  "rollout_seconds": 15.174001693725586,
  "mean_reward": 0.671875,
  "std_reward": 0.47045034170150757,
  "min_reward": 0.0,
  "max_reward": 1.0,
  "mean_advantage": -2.7939677238464355e-09,
  "std_advantage": 0.5495083332061768,
  "num_groups": 32.0
}
