{
  "type": "rollout",
  "grpo_step": 145,
  "num_questions": 32,
  "group_size": 8.0,
  "num_rollouts": 256,
  "reward": 0.60546875,
  "format_accuracy": 0.8671875,
  "answer_accuracy": 0.60546875,
  "avg_response_token_length": 313.8203125,
  "rollout_seconds": 12.15186858177185,
  "mean_reward": 0.60546875,
  "std_reward": 0.48970717191696167,
  "min_reward": 0.0,
  "max_reward": 1.0,
  "mean_advantage": 0.0,
  "std_advantage": 0.5739427208900452,
  "num_groups": 32.0
}
