{
  "type": "rollout",
  "grpo_step": 184,
  "num_questions": 32,
  "group_size": 8.0,
  "num_rollouts": 256,
  "reward": 0.88671875,
  "format_accuracy": 0.984375,
  "answer_accuracy": 0.88671875,
  "avg_response_token_length": 373.546875,
  "rollout_seconds": 13.455671072006226,
  "mean_reward": 0.88671875,
  "std_reward": 0.31755712628364563,
  "min_reward": 0.0,
  "max_reward": 1.0,
  "mean_advantage": 0.0,
  "std_advantage": 0.43835583329200745,
  "num_groups": 32.0
}
