{
  "type": "rollout",
  "grpo_step": 21,
  "num_questions": 32,
  "group_size": 8.0,
  "num_rollouts": 256,
  "reward": 0.44921875,
  "format_accuracy": 0.71484375,
  "answer_accuracy": 0.44921875,
  "avg_response_token_length": 451.91015625,
  "rollout_seconds": 14.835575103759766,
  "mean_reward": 0.44921875,
  "std_reward": 0.49838894605636597,
  "min_reward": 0.0,
  "max_reward": 1.0,
  "mean_advantage": -6.51925802230835e-09,
  "std_advantage": 0.7221953868865967,
  "num_groups": 32.0
}
