{
  "type": "rollout",
  "grpo_step": 197,
  "num_questions": 32,
  "group_size": 8.0,
  "num_rollouts": 256,
  "reward": 0.2421875,
  "format_accuracy": 0.66796875,
  "answer_accuracy": 0.2421875,
  "avg_response_token_length": 103.01953125,
  "rollout_seconds": 7.186338186264038,
  "mean_reward": 0.2421875,
  "std_reward": 0.42924636602401733,
  "min_reward": 0.0,
  "max_reward": 1.0,
  "mean_advantage": 2.7939677238464355e-09,
  "std_advantage": 0.6416874527931213,
  "num_groups": 32.0
}
