{
  "type": "rollout",
  "grpo_step": 139,
  "num_questions": 32,
  "group_size": 8.0,
  "num_rollouts": 256,
  "reward": 0.8125,
  "format_accuracy": 0.9609375,
  "answer_accuracy": 0.8125,
  "avg_response_token_length": 456.53125,
  "rollout_seconds": 15.764269828796387,
  "mean_reward": 0.8125,
  "std_reward": 0.3910769522190094,
  "min_reward": 0.0,
  "max_reward": 1.0,
  "mean_advantage": -4.6566128730773926e-09,
  "std_advantage": 0.5739426612854004,
  "num_groups": 32.0
}
