{
  "type": "rollout",
  "grpo_step": 44,
  "num_questions": 32,
  "group_size": 8.0,
  "num_rollouts": 256,
  "reward": 0.69921875,
  "format_accuracy": 0.9140625,
  "answer_accuracy": 0.69921875,
  "avg_response_token_length": 278.07421875,
  "rollout_seconds": 10.92850375175476,
  "mean_reward": 0.69921875,
  "std_reward": 0.45949608087539673,
  "min_reward": 0.0,
  "max_reward": 1.0,
  "mean_advantage": -9.313225746154785e-10,
  "std_advantage": 0.5973785519599915,
  "num_groups": 32.0
}
