{
  "type": "rollout",
  "grpo_step": 108,
  "num_questions": 32,
  "group_size": 8.0,
  "num_rollouts": 256,
  "reward": 0.74609375,
  "format_accuracy": 0.953125,
  "answer_accuracy": 0.74609375,
  "avg_response_token_length": 369.48828125,
  "rollout_seconds": 12.937685489654541,
  "mean_reward": 0.74609375,
  "std_reward": 0.4360972046852112,
  "min_reward": 0.0,
  "max_reward": 1.0,
  "mean_advantage": -2.7939677238464355e-09,
  "std_advantage": 0.7221953868865967,
  "num_groups": 32.0
}
