{
  "type": "rollout",
  "ei_step": 2,
  "num_questions": 1024,
  "rollouts_per_question": 4,
  "num_rollouts": 4096,
  "num_accepted": 963,
  "accepted_fraction": 0.235107421875,
  "question_coverage_with_accept": 0.5380859375,
  "reward": 0.235107421875,
  "format_accuracy": 0.791259765625,
  "answer_accuracy": 0.235107421875,
  "avg_token_entropy": 0.926251232624054,
  "avg_accepted_token_entropy": 0.7417527116595275,
  "avg_response_token_length": 190.166259765625,
  "avg_accepted_response_token_length": 122.96053997923157,
  "rollout_seconds": 129.52490520477295
}
