{
  "type": "rollout",
  "grpo_step": 384,
  "num_questions": 32,
  "group_size": 8.0,
  "num_rollouts": 256,
  "reward": 0.71484375,
  "format_accuracy": 0.98046875,
  "answer_accuracy": 0.71484375,
  "avg_response_token_length": 358.890625,
  "rollout_seconds": 12.755327939987183,
  "mean_reward": 0.71484375,
  "std_reward": 0.4523732364177704,
  "min_reward": 0.0,
  "max_reward": 1.0,
  "mean_advantage": -1.3969838619232178e-09,
  "std_advantage": 0.5495080947875977,
  "num_groups": 32.0
}
