{
  "type": "rollout",
  "grpo_step": 36,
  "num_questions": 32,
  "group_size": 8.0,
  "num_rollouts": 256,
  "reward": 0.36328125,
  "format_accuracy": 0.9453125,
  "answer_accuracy": 0.36328125,
  "avg_response_token_length": 173.3359375,
  "rollout_seconds": 10.079192638397217,
  "mean_reward": 0.36328125,
  "std_reward": 0.48188698291778564,
  "min_reward": 0.0,
  "max_reward": 1.0,
  "mean_advantage": 2.7939677238464355e-09,
  "std_advantage": 0.7221953272819519,
  "num_groups": 32.0
}
