{
  "type": "rollout",
  "grpo_step": 96,
  "num_questions": 32,
  "group_size": 8.0,
  "num_rollouts": 256,
  "reward": 0.234375,
  "format_accuracy": 0.86328125,
  "answer_accuracy": 0.234375,
  "avg_response_token_length": 66.4765625,
  "rollout_seconds": 8.269258499145508,
  "mean_reward": 0.234375,
  "std_reward": 0.42443734407424927,
  "min_reward": 0.0,
  "max_reward": 1.0,
  "mean_advantage": -3.725290298461914e-09,
  "std_advantage": 0.5495083332061768,
  "num_groups": 32.0
}
