{
  "type": "rollout",
  "grpo_step": 19,
  "num_questions": 32,
  "group_size": 8.0,
  "num_rollouts": 256,
  "reward": 0.5703125,
  "format_accuracy": 0.86328125,
  "answer_accuracy": 0.5703125,
  "avg_response_token_length": 327.08984375,
  "rollout_seconds": 13.403273582458496,
  "mean_reward": 0.5703125,
  "std_reward": 0.49600115418434143,
  "min_reward": 0.0,
  "max_reward": 1.0,
  "mean_advantage": 0.0,
  "std_advantage": 0.3731161952018738,
  "num_groups": 32.0
}
