{
  "type": "rollout",
  "grpo_step": 43,
  "num_questions": 32,
  "group_size": 8.0,
  "num_rollouts": 256,
  "reward": 0.69921875,
  "format_accuracy": 0.94921875,
  "answer_accuracy": 0.69921875,
  "avg_response_token_length": 318.6953125,
  "rollout_seconds": 14.43107533454895,
  "mean_reward": 0.69921875,
  "std_reward": 0.45949608087539673,
  "min_reward": 0.0,
  "max_reward": 1.0,
  "mean_advantage": 0.0,
  "std_advantage": 0.27917948365211487,
  "num_groups": 32.0
}
