{
  "num_examples": 1024,
  "reward": 0.818359375,
  "format_accuracy": 0.9853515625,
  "answer_accuracy": 0.818359375,
  "temperature": 1.0,
  "top_p": 1.0,
  "max_tokens": 1024,
  "stop": "</answer>",
  "include_stop_str_in_output": true,
  "eval_seconds": 51.488208532333374
}
