{
  "num_examples": 1024,
  "reward": 0.7177734375,
  "format_accuracy": 0.9599609375,
  "answer_accuracy": 0.7177734375,
  "temperature": 1.0,
  "top_p": 1.0,
  "max_tokens": 1024,
  "stop": "</answer>",
  "include_stop_str_in_output": true,
  "eval_seconds": 42.94431734085083
}
