{
  "type": "rollout",
  "grpo_step": 239,
  "num_questions": 32,
  "group_size": 8.0,
  "num_rollouts": 256,
  "reward": 0.6484375,
  "format_accuracy": 0.890625,
  "answer_accuracy": 0.6484375,
  "avg_response_token_length": 457.9375,
  "rollout_seconds": 12.641703367233276,
  "mean_reward": 0.6484375,
  "std_reward": 0.47839346528053284,
  "min_reward": 0.0,
  "max_reward": 1.0,
  "mean_advantage": 1.3969838619232178e-09,
  "std_advantage": 0.5973784923553467,
  "num_groups": 32.0
}
