{
  "type": "rollout",
  "grpo_step": 22,
  "num_questions": 32,
  "group_size": 8.0,
  "num_rollouts": 256,
  "reward": 0.484375,
  "format_accuracy": 0.95703125,
  "answer_accuracy": 0.484375,
  "avg_response_token_length": 242.84765625,
  "rollout_seconds": 10.034501552581787,
  "mean_reward": 0.484375,
  "std_reward": 0.5007347464561462,
  "min_reward": 0.0,
  "max_reward": 1.0,
  "mean_advantage": 1.862645149230957e-09,
  "std_advantage": 0.7409569025039673,
  "num_groups": 32.0
}
