{
  "type": "rollout",
  "grpo_step": 32,
  "num_questions": 32,
  "group_size": 8.0,
  "num_rollouts": 256,
  "reward": 0.61328125,
  "format_accuracy": 0.8984375,
  "answer_accuracy": 0.61328125,
  "avg_response_token_length": 220.99609375,
  "rollout_seconds": 12.10307002067566,
  "mean_reward": 0.61328125,
  "std_reward": 0.4879522919654846,
  "min_reward": 0.0,
  "max_reward": 1.0,
  "mean_advantage": 0.0,
  "std_advantage": 0.2553352415561676,
  "num_groups": 32.0
}
