{
  "type": "rollout",
  "grpo_step": 200,
  "num_questions": 32,
  "group_size": 8.0,
  "num_rollouts": 256,
  "reward": 0.80859375,
  "format_accuracy": 0.94140625,
  "answer_accuracy": 0.80859375,
  "avg_response_token_length": 466.91796875,
  "rollout_seconds": 14.934511661529541,
  "mean_reward": 0.80859375,
  "std_reward": 0.39417868852615356,
  "min_reward": 0.0,
  "max_reward": 1.0,
  "mean_advantage": -4.6566128730773926e-09,
  "std_advantage": 0.4970490634441376,
  "num_groups": 32.0
}
