{
  "type": "rollout",
  "grpo_step": 129,
  "num_questions": 32,
  "group_size": 8.0,
  "num_rollouts": 256,
  "reward": 0.62890625,
  "format_accuracy": 0.9609375,
  "answer_accuracy": 0.62890625,
  "avg_response_token_length": 257.2265625,
  "rollout_seconds": 10.369118452072144,
  "mean_reward": 0.62890625,
  "std_reward": 0.48404380679130554,
  "min_reward": 0.0,
  "max_reward": 1.0,
  "mean_advantage": 2.3283064365386963e-10,
  "std_advantage": 0.6627318263053894,
  "num_groups": 32.0
}
