{
  "type": "rollout",
  "grpo_step": 59,
  "num_questions": 32,
  "group_size": 8.0,
  "num_rollouts": 256,
  "reward": 0.76953125,
  "format_accuracy": 0.96875,
  "answer_accuracy": 0.76953125,
  "avg_response_token_length": 518.640625,
  "rollout_seconds": 36.84107542037964,
  "mean_reward": 0.76953125,
  "std_reward": 0.4219578206539154,
  "min_reward": 0.0,
  "max_reward": 1.0,
  "mean_advantage": 0.0,
  "std_advantage": 0.2629023492336273,
  "num_groups": 32.0
}
