{
  "type": "rollout",
  "grpo_step": 22,
  "num_questions": 32,
  "group_size": 8.0,
  "num_rollouts": 256,
  "reward": 0.29296875,
  "format_accuracy": 0.86328125,
  "answer_accuracy": 0.29296875,
  "avg_response_token_length": 146.6953125,
  "rollout_seconds": 8.326751470565796,
  "mean_reward": 0.29296875,
  "std_reward": 0.45601576566696167,
  "min_reward": 0.0,
  "max_reward": 1.0,
  "mean_advantage": 0.0,
  "std_advantage": 0.2774180769920349,
  "num_groups": 32.0
}
