{
  "type": "rollout",
  "grpo_step": 148,
  "num_questions": 32,
  "group_size": 8.0,
  "num_rollouts": 256,
  "reward": 0.765625,
  "format_accuracy": 0.95703125,
  "answer_accuracy": 0.765625,
  "avg_response_token_length": 331.88671875,
  "rollout_seconds": 11.878268718719482,
  "mean_reward": 0.765625,
  "std_reward": 0.42443734407424927,
  "min_reward": 0.0,
  "max_reward": 1.0,
  "mean_advantage": 0.0,
  "std_advantage": 0.5495082139968872,
  "num_groups": 32.0
}
