{
  "type": "rollout",
  "grpo_step": 319,
  "num_questions": 32,
  "group_size": 8.0,
  "num_rollouts": 256,
  "reward": 0.6640625,
  "format_accuracy": 0.90625,
  "answer_accuracy": 0.6640625,
  "avg_response_token_length": 448.75,
  "rollout_seconds": 14.668920516967773,
  "mean_reward": 0.6640625,
  "std_reward": 0.4732423722743988,
  "min_reward": 0.0,
  "max_reward": 1.0,
  "mean_advantage": -2.3283064365386963e-09,
  "std_advantage": 0.5239355564117432,
  "num_groups": 32.0
}
