{
  "type": "rollout",
  "grpo_step": 191,
  "num_questions": 32,
  "group_size": 8.0,
  "num_rollouts": 256,
  "reward": 0.70703125,
  "format_accuracy": 0.89453125,
  "answer_accuracy": 0.70703125,
  "avg_response_token_length": 524.48046875,
  "rollout_seconds": 31.867452383041382,
  "mean_reward": 0.70703125,
  "std_reward": 0.45601576566696167,
  "min_reward": 0.0,
  "max_reward": 1.0,
  "mean_advantage": -1.1641532182693481e-09,
  "std_advantage": 0.5495083332061768,
  "num_groups": 32.0
}
