{
  "type": "rollout",
  "grpo_step": 30,
  "num_questions": 32,
  "group_size": 8.0,
  "num_rollouts": 256,
  "reward": 0.47265625,
  "format_accuracy": 0.96484375,
  "answer_accuracy": 0.47265625,
  "avg_response_token_length": 261.58984375,
  "rollout_seconds": 10.44049072265625,
  "mean_reward": 0.47265625,
  "std_reward": 0.5002297163009644,
  "min_reward": 0.0,
  "max_reward": 1.0,
  "mean_advantage": -3.4924596548080444e-09,
  "std_advantage": 0.6627320051193237,
  "num_groups": 32.0
}
