{
  "type": "rollout",
  "grpo_step": 146,
  "num_questions": 32,
  "group_size": 8.0,
  "num_rollouts": 256,
  "reward": 0.5703125,
  "format_accuracy": 0.95703125,
  "answer_accuracy": 0.5703125,
  "avg_response_token_length": 248.2265625,
  "rollout_seconds": 10.321852445602417,
  "mean_reward": 0.5703125,
  "std_reward": 0.49600115418434143,
  "min_reward": 0.0,
  "max_reward": 1.0,
  "mean_advantage": -4.423782229423523e-09,
  "std_advantage": 0.5973783731460571,
  "num_groups": 32.0
}
