{
  "type": "rollout",
  "grpo_step": 108,
  "num_questions": 32,
  "group_size": 8.0,
  "num_rollouts": 256,
  "reward": 0.46484375,
  "format_accuracy": 0.61328125,
  "answer_accuracy": 0.46484375,
  "avg_response_token_length": 515.66015625,
  "rollout_seconds": 16.50310969352722,
  "mean_reward": 0.46484375,
  "std_reward": 0.49973952770233154,
  "min_reward": 0.0,
  "max_reward": 1.0,
  "mean_advantage": 9.313225746154785e-10,
  "std_advantage": 0.6627320647239685,
  "num_groups": 32.0
}
