{
  "type": "rollout",
  "grpo_step": 170,
  "num_questions": 32,
  "group_size": 8.0,
  "num_rollouts": 256,
  "reward": 0.33203125,
  "format_accuracy": 0.79296875,
  "answer_accuracy": 0.33203125,
  "avg_response_token_length": 181.19140625,
  "rollout_seconds": 9.221278667449951,
  "mean_reward": 0.33203125,
  "std_reward": 0.47186464071273804,
  "min_reward": 0.0,
  "max_reward": 1.0,
  "mean_advantage": 7.450580596923828e-09,
  "std_advantage": 0.7029334902763367,
  "num_groups": 32.0
}
