{
  "type": "rollout",
  "grpo_step": 161,
  "num_questions": 32,
  "group_size": 8.0,
  "num_rollouts": 256,
  "reward": 0.2890625,
  "format_accuracy": 0.62890625,
  "answer_accuracy": 0.2890625,
  "avg_response_token_length": 380.7265625,
  "rollout_seconds": 27.62428307533264,
  "mean_reward": 0.2890625,
  "std_reward": 0.45421501994132996,
  "min_reward": 0.0,
  "max_reward": 1.0,
  "mean_advantage": 0.0,
  "std_advantage": 0.3283948004245758,
  "num_groups": 32.0
}
