{
  "type": "rollout",
  "grpo_step": 5,
  "num_questions": 32,
  "group_size": 8.0,
  "num_rollouts": 256,
  "reward": 0.64453125,
  "format_accuracy": 0.87109375,
  "answer_accuracy": 0.64453125,
  "avg_response_token_length": 569.94921875,
  "rollout_seconds": 29.63630509376526,
  "mean_reward": 0.64453125,
  "std_reward": 0.4795927405357361,
  "min_reward": 0.0,
  "max_reward": 1.0,
  "mean_advantage": 0.0,
  "std_advantage": 0.2610311508178711,
  "num_groups": 32.0
}
