{
  "type": "rollout",
  "grpo_step": 37,
  "num_questions": 32,
  "group_size": 8.0,
  "num_rollouts": 256,
  "reward": 0.08984375,
  "format_accuracy": 0.13671875,
  "answer_accuracy": 0.08984375,
  "avg_response_token_length": 895.0078125,
  "rollout_seconds": 25.840709686279297,
  "mean_reward": 0.08984375,
  "std_reward": 0.2865179181098938,
  "min_reward": 0.0,
  "max_reward": 1.0,
  "mean_advantage": -1.862645149230957e-09,
  "std_advantage": 0.4383559226989746,
  "num_groups": 32.0
}
