{
  "type": "rollout",
  "grpo_step": 5,
  "num_questions": 32,
  "group_size": 8.0,
  "num_rollouts": 256,
  "reward": 0.30859375,
  "format_accuracy": 0.77734375,
  "answer_accuracy": 0.30859375,
  "avg_response_token_length": 194.22265625,
  "rollout_seconds": 9.425148963928223,
  "mean_reward": 0.30859375,
  "std_reward": 0.46281784772872925,
  "min_reward": 0.0,
  "max_reward": 1.0,
  "mean_advantage": -1.862645149230957e-09,
  "std_advantage": 0.7592549324035645,
  "num_groups": 32.0
}
