{
  "type": "rollout",
  "ei_step": 5,
  "num_questions": 512,
  "rollouts_per_question": 4,
  "num_rollouts": 2048,
  "num_accepted": 406,
  "accepted_fraction": 0.1982421875,
  "question_coverage_with_accept": 0.478515625,
  "reward": 0.1982421875,
  "format_accuracy": 0.72265625,
  "answer_accuracy": 0.1982421875,
  "avg_token_entropy": 1.3687739372253418,
  "avg_accepted_token_entropy": 0.9191040640394089,
  "avg_response_token_length": 262.51904296875,
  "avg_accepted_response_token_length": 134.69950738916256,
  "rollout_seconds": 113.6892921924591
}
