{
  "type": "rollout",
  "ei_step": 5,
  "num_questions": 512,
  "rollouts_per_question": 4,
  "num_rollouts": 2048,
  "num_accepted": 358,
  "accepted_fraction": 0.1748046875,
  "question_coverage_with_accept": 0.3671875,
  "reward": 0.1748046875,
  "format_accuracy": 0.84814453125,
  "answer_accuracy": 0.1748046875,
  "avg_token_entropy": 2.65970516204834,
  "avg_accepted_token_entropy": 2.184532122905028,
  "avg_response_token_length": 169.51611328125,
  "avg_accepted_response_token_length": 99.41340782122904,
  "rollout_seconds": 60.556069135665894
}
