{
  "num_examples": 1024,
  "reward": 0.8134765625,
  "format_accuracy": 0.9658203125,
  "answer_accuracy": 0.8134765625,
  "temperature": 1.0,
  "top_p": 1.0,
  "max_tokens": 1024,
  "stop": "</answer>",
  "include_stop_str_in_output": true,
  "eval_seconds": 51.6815721988678
}
