{
  "type": "rollout",
  "grpo_step": 127,
  "num_questions": 32,
  "group_size": 8.0,
  "num_rollouts": 256,
  "reward": 0.66796875,
  "format_accuracy": 0.94921875,
  "answer_accuracy": 0.66796875,
  "avg_response_token_length": 349.875,
  "rollout_seconds": 12.782223463058472,
  "mean_reward": 0.66796875,
  "std_reward": 0.47186464071273804,
  "min_reward": 0.0,
  "max_reward": 1.0,
  "mean_advantage": 0.0,
  "std_advantage": 0.24554860591888428,
  "num_groups": 32.0
}
