{
  "type": "rollout",
  "grpo_step": 81,
  "num_questions": 32,
  "group_size": 8.0,
  "num_rollouts": 256,
  "reward": 0.32421875,
  "format_accuracy": 0.84375,
  "answer_accuracy": 0.32421875,
  "avg_response_token_length": 19.2109375,
  "rollout_seconds": 1.8500995635986328,
  "mean_reward": 0.32421875,
  "std_reward": 0.46899911761283875,
  "min_reward": 0.0,
  "max_reward": 1.0,
  "mean_advantage": -1.862645149230957e-09,
  "std_advantage": 0.6199288964271545,
  "num_groups": 32.0
}
