{
  "type": "rollout",
  "grpo_step": 81,
  "num_questions": 32,
  "group_size": 8.0,
  "num_rollouts": 256,
  "reward": 0.30859375,
  "format_accuracy": 0.8671875,
  "answer_accuracy": 0.30859375,
  "avg_response_token_length": 33.25390625,
  "rollout_seconds": 5.676241159439087,
  "mean_reward": 0.30859375,
  "std_reward": 0.46281784772872925,
  "min_reward": 0.0,
  "max_reward": 1.0,
  "mean_advantage": 0.0,
  "std_advantage": 0.6627320647239685,
  "num_groups": 32.0
}
