{
  "type": "rollout",
  "grpo_step": 113,
  "num_questions": 32,
  "group_size": 8.0,
  "num_rollouts": 256,
  "reward": 0.67578125,
  "format_accuracy": 0.953125,
  "answer_accuracy": 0.67578125,
  "avg_response_token_length": 253.28515625,
  "rollout_seconds": 10.5458083152771,
  "mean_reward": 0.67578125,
  "std_reward": 0.46899911761283875,
  "min_reward": 0.0,
  "max_reward": 1.0,
  "mean_advantage": -5.587935447692871e-09,
  "std_advantage": 0.6199290156364441,
  "num_groups": 32.0
}
