{
  "type": "rollout",
  "grpo_step": 6,
  "num_questions": 32,
  "group_size": 8.0,
  "num_rollouts": 256,
  "reward": 0.18359375,
  "format_accuracy": 0.52734375,
  "answer_accuracy": 0.18359375,
  "avg_response_token_length": 397.37109375,
  "rollout_seconds": 14.353857517242432,
  "mean_reward": 0.18359375,
  "std_reward": 0.3879109025001526,
  "min_reward": 0.0,
  "max_reward": 1.0,
  "mean_advantage": 9.313225746154785e-09,
  "std_advantage": 0.7221953272819519,
  "num_groups": 32.0
}
