{
  "num_examples": 1024,
  "reward": 0.2333984375,
  "format_accuracy": 0.970703125,
  "answer_accuracy": 0.2333984375,
  "temperature": 1.0,
  "top_p": 1.0,
  "max_tokens": 1024,
  "stop": "</answer>",
  "include_stop_str_in_output": true,
  "eval_seconds": 9.697991847991943
}
