{
  "type": "rollout",
  "grpo_step": 167,
  "num_questions": 32,
  "group_size": 8.0,
  "num_rollouts": 256,
  "reward": 0.8515625,
  "format_accuracy": 0.97265625,
  "answer_accuracy": 0.8515625,
  "avg_response_token_length": 322.71875,
  "rollout_seconds": 12.207165718078613,
  "mean_reward": 0.8515625,
  "std_reward": 0.3562295734882355,
  "min_reward": 0.0,
  "max_reward": 1.0,
  "mean_advantage": 0.0,
  "std_advantage": 0.3313659131526947,
  "num_groups": 32.0
}
