{
  "type": "rollout",
  "grpo_step": 37,
  "num_questions": 32,
  "group_size": 8.0,
  "num_rollouts": 256,
  "reward": 0.59765625,
  "format_accuracy": 0.9140625,
  "answer_accuracy": 0.59765625,
  "avg_response_token_length": 255.9609375,
  "rollout_seconds": 10.449642896652222,
  "mean_reward": 0.59765625,
  "std_reward": 0.4913311004638672,
  "min_reward": 0.0,
  "max_reward": 1.0,
  "mean_advantage": -5.587935447692871e-09,
  "std_advantage": 0.7029334902763367,
  "num_groups": 32.0
}
