{
  "type": "rollout",
  "grpo_step": 78,
  "num_questions": 32,
  "group_size": 8.0,
  "num_rollouts": 256,
  "reward": 0.703125,
  "format_accuracy": 0.93359375,
  "answer_accuracy": 0.703125,
  "avg_response_token_length": 307.390625,
  "rollout_seconds": 11.678240060806274,
  "mean_reward": 0.703125,
  "std_reward": 0.45777595043182373,
  "min_reward": 0.0,
  "max_reward": 1.0,
  "mean_advantage": -2.7939677238464355e-09,
  "std_advantage": 0.6627320051193237,
  "num_groups": 32.0
}
