{
  "type": "rollout",
  "grpo_step": 99,
  "num_questions": 32,
  "group_size": 8.0,
  "num_rollouts": 256,
  "reward": 0.26953125,
  "format_accuracy": 0.78125,
  "answer_accuracy": 0.26953125,
  "avg_response_token_length": 184.99609375,
  "rollout_seconds": 9.107594966888428,
  "mean_reward": 0.26953125,
  "std_reward": 0.4445854723453522,
  "min_reward": 0.0,
  "max_reward": 1.0,
  "mean_advantage": 2.3283064365386963e-09,
  "std_advantage": 0.7029334306716919,
  "num_groups": 32.0
}
