{
  "type": "rollout",
  "grpo_step": 58,
  "num_questions": 32,
  "group_size": 8.0,
  "num_rollouts": 256,
  "reward": 0.59765625,
  "format_accuracy": 0.92578125,
  "answer_accuracy": 0.59765625,
  "avg_response_token_length": 286.0234375,
  "rollout_seconds": 11.205995321273804,
  "mean_reward": 0.59765625,
  "std_reward": 0.4913311004638672,
  "min_reward": 0.0,
  "max_reward": 1.0,
  "mean_advantage": 0.0,
  "std_advantage": 0.6831284761428833,
  "num_groups": 32.0
}
