{
  "type": "rollout",
  "grpo_step": 75,
  "num_questions": 32,
  "group_size": 8.0,
  "num_rollouts": 256,
  "reward": 0.47265625,
  "format_accuracy": 0.828125,
  "answer_accuracy": 0.47265625,
  "avg_response_token_length": 246.30078125,
  "rollout_seconds": 10.593648433685303,
  "mean_reward": 0.47265625,
  "std_reward": 0.5002297163009644,
  "min_reward": 0.0,
  "max_reward": 1.0,
  "mean_advantage": 0.0,
  "std_advantage": 0.8448207378387451,
  "num_groups": 32.0
}
