{
  "type": "rollout",
  "grpo_step": 308,
  "num_questions": 32,
  "group_size": 8.0,
  "num_rollouts": 256,
  "reward": 0.71484375,
  "format_accuracy": 0.94140625,
  "answer_accuracy": 0.71484375,
  "avg_response_token_length": 395.16015625,
  "rollout_seconds": 10.601480722427368,
  "mean_reward": 0.71484375,
  "std_reward": 0.4523732364177704,
  "min_reward": 0.0,
  "max_reward": 1.0,
  "mean_advantage": -5.587935447692871e-09,
  "std_advantage": 0.5495083928108215,
  "num_groups": 32.0
}
