{
  "type": "rollout",
  "grpo_step": 9,
  "num_questions": 32,
  "group_size": 8.0,
  "num_rollouts": 256,
  "reward": 0.3984375,
  "format_accuracy": 0.67578125,
  "answer_accuracy": 0.3984375,
  "avg_response_token_length": 277.48828125,
  "rollout_seconds": 10.990187168121338,
  "mean_reward": 0.3984375,
  "std_reward": 0.4905354082584381,
  "min_reward": 0.0,
  "max_reward": 1.0,
  "mean_advantage": 0.0,
  "std_advantage": 0.3444233536720276,
  "num_groups": 32.0
}
