{
  "type": "rollout",
  "ei_step": 2,
  "num_questions": 2048,
  "rollouts_per_question": 4,
  "num_rollouts": 8192,
  "num_accepted": 2434,
  "accepted_fraction": 0.297119140625,
  "question_coverage_with_accept": 0.61328125,
  "reward": 0.297119140625,
  "format_accuracy": 0.844482421875,
  "answer_accuracy": 0.297119140625,
  "avg_token_entropy": 0.6417301297187805,
  "avg_accepted_token_entropy": 0.45507952925996303,
  "avg_response_token_length": 214.1739501953125,
  "avg_accepted_response_token_length": 158.71815940838127,
  "rollout_seconds": 284.0576100349426
}
