{
  "type": "rollout",
  "ei_step": 2,
  "num_questions": 512,
  "rollouts_per_question": 4,
  "num_rollouts": 2048,
  "num_accepted": 304,
  "accepted_fraction": 0.1484375,
  "question_coverage_with_accept": 0.38671875,
  "reward": 0.1484375,
  "format_accuracy": 0.79736328125,
  "answer_accuracy": 0.1484375,
  "avg_token_entropy": 0.9876253604888916,
  "avg_accepted_token_entropy": 0.6815089175575658,
  "avg_response_token_length": 178.52099609375,
  "avg_accepted_response_token_length": 127.64473684210526,
  "rollout_seconds": 63.04313778877258
}
