{
  "type": "rollout",
  "grpo_step": 180,
  "num_questions": 32,
  "group_size": 8.0,
  "num_rollouts": 256,
  "reward": 0.8515625,
  "format_accuracy": 0.97265625,
  "answer_accuracy": 0.8515625,
  "avg_response_token_length": 337.75,
  "rollout_seconds": 13.137035369873047,
  "mean_reward": 0.8515625,
  "std_reward": 0.3562295734882355,
  "min_reward": 0.0,
  "max_reward": 1.0,
  "mean_advantage": -5.122274160385132e-09,
  "std_advantage": 0.5739426016807556,
  "num_groups": 32.0
}
