{
  "type": "rollout",
  "grpo_step": 26,
  "num_questions": 32,
  "group_size": 8.0,
  "num_rollouts": 256,
  "reward": 0.515625,
  "format_accuracy": 0.90625,
  "answer_accuracy": 0.515625,
  "avg_response_token_length": 191.2109375,
  "rollout_seconds": 9.077199697494507,
  "mean_reward": 0.515625,
  "std_reward": 0.5007347464561462,
  "min_reward": 0.0,
  "max_reward": 1.0,
  "mean_advantage": 0.0,
  "std_advantage": 0.30357348918914795,
  "num_groups": 32.0
}
