{
  "type": "rollout",
  "grpo_step": 82,
  "num_questions": 32,
  "group_size": 8.0,
  "num_rollouts": 256,
  "reward": 0.64453125,
  "format_accuracy": 0.8984375,
  "answer_accuracy": 0.64453125,
  "avg_response_token_length": 411.50390625,
  "rollout_seconds": 18.4826557636261,
  "mean_reward": 0.64453125,
  "std_reward": 0.4795927405357361,
  "min_reward": 0.0,
  "max_reward": 1.0,
  "mean_advantage": -9.313225746154785e-10,
  "std_advantage": 0.7409567832946777,
  "num_groups": 32.0
}
