{
  "type": "rollout",
  "grpo_step": 2,
  "num_questions": 32,
  "group_size": 8.0,
  "num_rollouts": 256,
  "reward": 0.1171875,
  "format_accuracy": 0.80859375,
  "answer_accuracy": 0.1171875,
  "avg_response_token_length": 126.48046875,
  "rollout_seconds": 7.802396535873413,
  "mean_reward": 0.1171875,
  "std_reward": 0.3222736418247223,
  "min_reward": 0.0,
  "max_reward": 1.0,
  "mean_advantage": 1.4901161193847656e-08,
  "std_advantage": 0.6831283569335938,
  "num_groups": 32.0
}
