{
  "type": "rollout",
  "grpo_step": 40,
  "num_questions": 32,
  "group_size": 8.0,
  "num_rollouts": 256,
  "reward": 0.4453125,
  "format_accuracy": 0.96484375,
  "answer_accuracy": 0.4453125,
  "avg_response_token_length": 267.66796875,
  "rollout_seconds": 13.358379125595093,
  "mean_reward": 0.4453125,
  "std_reward": 0.49797382950782776,
  "min_reward": 0.0,
  "max_reward": 1.0,
  "mean_advantage": 5.587935447692871e-09,
  "std_advantage": 0.7409567832946777,
  "num_groups": 32.0
}
