{
  "type": "rollout",
  "grpo_step": 43,
  "num_questions": 32,
  "group_size": 8.0,
  "num_rollouts": 256,
  "reward": 0.70703125,
  "format_accuracy": 0.921875,
  "answer_accuracy": 0.70703125,
  "avg_response_token_length": 328.9921875,
  "rollout_seconds": 11.813127994537354,
  "mean_reward": 0.70703125,
  "std_reward": 0.45601576566696167,
  "min_reward": 0.0,
  "max_reward": 1.0,
  "mean_advantage": -7.450580596923828e-09,
  "std_advantage": 0.5973784327507019,
  "num_groups": 32.0
}
