{
  "type": "rollout",
  "grpo_step": 128,
  "num_questions": 32,
  "group_size": 8.0,
  "num_rollouts": 256,
  "reward": 0.28125,
  "format_accuracy": 1.0,
  "answer_accuracy": 0.28125,
  "avg_response_token_length": 16.11328125,
  "rollout_seconds": 1.3607268333435059,
  "mean_reward": 0.28125,
  "std_reward": 0.45048993825912476,
  "min_reward": 0.0,
  "max_reward": 1.0,
  "mean_advantage": 4.656612873077393e-10,
  "std_advantage": 0.28697139024734497,
  "num_groups": 32.0
}
