{
  "type": "rollout",
  "grpo_step": 58,
  "num_questions": 32,
  "group_size": 8.0,
  "num_rollouts": 256,
  "reward": 0.109375,
  "format_accuracy": 0.15625,
  "answer_accuracy": 0.109375,
  "avg_response_token_length": 879.453125,
  "rollout_seconds": 25.5279278755188,
  "mean_reward": 0.109375,
  "std_reward": 0.31272050738334656,
  "min_reward": 0.0,
  "max_reward": 1.0,
  "mean_advantage": 2.7939677238464355e-09,
  "std_advantage": 0.49704882502555847,
  "num_groups": 32.0
}
