{
  "type": "rollout",
  "grpo_step": 135,
  "num_questions": 32,
  "group_size": 8.0,
  "num_rollouts": 256,
  "reward": 0.62109375,
  "format_accuracy": 0.90625,
  "answer_accuracy": 0.62109375,
  "avg_response_token_length": 355.703125,
  "rollout_seconds": 20.081789016723633,
  "mean_reward": 0.62109375,
  "std_reward": 0.48606500029563904,
  "min_reward": 0.0,
  "max_reward": 1.0,
  "mean_advantage": 0.0,
  "std_advantage": 0.2435440868139267,
  "num_groups": 32.0
}
