{
  "type": "rollout",
  "grpo_step": 62,
  "num_questions": 32,
  "group_size": 8.0,
  "num_rollouts": 256,
  "reward": 0.2109375,
  "format_accuracy": 0.86328125,
  "answer_accuracy": 0.2109375,
  "avg_response_token_length": 112.734375,
  "rollout_seconds": 7.4557130336761475,
  "mean_reward": 0.2109375,
  "std_reward": 0.408773273229599,
  "min_reward": 0.0,
  "max_reward": 1.0,
  "mean_advantage": 2.3283064365386963e-09,
  "std_advantage": 0.7029334902763367,
  "num_groups": 32.0
}
