{
  "type": "rollout",
  "grpo_step": 68,
  "num_questions": 32,
  "group_size": 8.0,
  "num_rollouts": 256,
  "reward": 0.6328125,
  "format_accuracy": 0.90625,
  "answer_accuracy": 0.6328125,
  "avg_response_token_length": 307.078125,
  "rollout_seconds": 11.898096799850464,
  "mean_reward": 0.6328125,
  "std_reward": 0.48298245668411255,
  "min_reward": 0.0,
  "max_reward": 1.0,
  "mean_advantage": 0.0,
  "std_advantage": 0.2765331566333771,
  "num_groups": 32.0
}
