{
  "type": "rollout",
  "grpo_step": 11,
  "num_questions": 32,
  "group_size": 8.0,
  "num_rollouts": 256,
  "reward": 0.5859375,
  "format_accuracy": 0.9140625,
  "answer_accuracy": 0.5859375,
  "avg_response_token_length": 241.62890625,
  "rollout_seconds": 10.200823307037354,
  "mean_reward": 0.5859375,
  "std_reward": 0.4935242533683777,
  "min_reward": 0.0,
  "max_reward": 1.0,
  "mean_advantage": 3.725290298461914e-09,
  "std_advantage": 0.7221952676773071,
  "num_groups": 32.0
}
