{
  "type": "rollout",
  "grpo_step": 187,
  "num_questions": 32,
  "group_size": 8.0,
  "num_rollouts": 256,
  "reward": 0.84765625,
  "format_accuracy": 0.92578125,
  "answer_accuracy": 0.84765625,
  "avg_response_token_length": 404.83984375,
  "rollout_seconds": 10.710989475250244,
  "mean_reward": 0.84765625,
  "std_reward": 0.36005768179893494,
  "min_reward": 0.0,
  "max_reward": 1.0,
  "mean_advantage": 9.313225746154785e-10,
  "std_advantage": 0.46862223744392395,
  "num_groups": 32.0
}
