{
  "type": "rollout",
  "grpo_step": 164,
  "num_questions": 32,
  "group_size": 8.0,
  "num_rollouts": 256,
  "reward": 0.65625,
  "format_accuracy": 0.84765625,
  "answer_accuracy": 0.65625,
  "avg_response_token_length": 405.1953125,
  "rollout_seconds": 13.874268770217896,
  "mean_reward": 0.65625,
  "std_reward": 0.47588926553726196,
  "min_reward": 0.0,
  "max_reward": 1.0,
  "mean_advantage": 0.0,
  "std_advantage": 0.2675231397151947,
  "num_groups": 32.0
}
