{
  "type": "rollout",
  "grpo_step": 18,
  "num_questions": 32,
  "group_size": 8.0,
  "num_rollouts": 256,
  "reward": 0.32421875,
  "format_accuracy": 0.93359375,
  "answer_accuracy": 0.32421875,
  "avg_response_token_length": 76.50390625,
  "rollout_seconds": 6.7843239307403564,
  "mean_reward": 0.32421875,
  "std_reward": 0.46899911761283875,
  "min_reward": 0.0,
  "max_reward": 1.0,
  "mean_advantage": 0.0,
  "std_advantage": 0.34228184819221497,
  "num_groups": 32.0
}
