{
  "type": "rollout",
  "grpo_step": 128,
  "num_questions": 32,
  "group_size": 8.0,
  "num_rollouts": 256,
  "reward": 0.72265625,
  "format_accuracy": 0.97265625,
  "answer_accuracy": 0.72265625,
  "avg_response_token_length": 390.0234375,
  "rollout_seconds": 13.783329963684082,
  "mean_reward": 0.72265625,
  "std_reward": 0.4485645592212677,
  "min_reward": 0.0,
  "max_reward": 1.0,
  "mean_advantage": 2.7939677238464355e-09,
  "std_advantage": 0.7029333710670471,
  "num_groups": 32.0
}
