{
  "type": "rollout",
  "ei_step": 4,
  "num_questions": 2048,
  "rollouts_per_question": 4,
  "num_rollouts": 8192,
  "num_accepted": 2691,
  "accepted_fraction": 0.3284912109375,
  "question_coverage_with_accept": 0.65380859375,
  "reward": 0.3284912109375,
  "format_accuracy": 0.804931640625,
  "answer_accuracy": 0.3284912109375,
  "avg_token_entropy": 0.4056830257177353,
  "avg_accepted_token_entropy": 0.3125903619704571,
  "avg_response_token_length": 284.7816162109375,
  "avg_accepted_response_token_length": 159.35600148643627,
  "rollout_seconds": 393.1999068260193
}
