{
  "type": "rollout",
  "grpo_step": 96,
  "num_questions": 32,
  "group_size": 8.0,
  "num_rollouts": 256,
  "reward": 0.75390625,
  "format_accuracy": 0.9609375,
  "answer_accuracy": 0.75390625,
  "avg_response_token_length": 354.2890625,
  "rollout_seconds": 12.558263063430786,
  "mean_reward": 0.75390625,
  "std_reward": 0.43157756328582764,
  "min_reward": 0.0,
  "max_reward": 1.0,
  "mean_advantage": 4.656612873077393e-10,
  "std_advantage": 0.5739426612854004,
  "num_groups": 32.0
}
