{
  "type": "rollout",
  "grpo_step": 146,
  "num_questions": 32,
  "group_size": 8.0,
  "num_rollouts": 256,
  "reward": 0.28515625,
  "format_accuracy": 0.8203125,
  "answer_accuracy": 0.28515625,
  "avg_response_token_length": 174.34375,
  "rollout_seconds": 8.83838415145874,
  "mean_reward": 0.28515625,
  "std_reward": 0.4523732364177704,
  "min_reward": 0.0,
  "max_reward": 1.0,
  "mean_advantage": -3.4924596548080444e-10,
  "std_advantage": 0.7029333710670471,
  "num_groups": 32.0
}
