{
  "type": "rollout",
  "ei_step": 5,
  "num_questions": 2048,
  "rollouts_per_question": 4,
  "num_rollouts": 8192,
  "num_accepted": 1980,
  "accepted_fraction": 0.24169921875,
  "question_coverage_with_accept": 0.53759765625,
  "reward": 0.24169921875,
  "format_accuracy": 0.7913818359375,
  "answer_accuracy": 0.24169921875,
  "avg_token_entropy": 0.6720914244651794,
  "avg_accepted_token_entropy": 0.5805521030618687,
  "avg_response_token_length": 283.8526611328125,
  "avg_accepted_response_token_length": 152.40959595959595,
  "rollout_seconds": 400.33566546440125
}
