{
  "type": "rollout",
  "grpo_step": 123,
  "num_questions": 32,
  "group_size": 8.0,
  "num_rollouts": 256,
  "reward": 0.6875,
  "format_accuracy": 0.9140625,
  "answer_accuracy": 0.6875,
  "avg_response_token_length": 403.94140625,
  "rollout_seconds": 13.457340717315674,
  "mean_reward": 0.6875,
  "std_reward": 0.4644203782081604,
  "min_reward": 0.0,
  "max_reward": 1.0,
  "mean_advantage": -2.7939677238464355e-09,
  "std_advantage": 0.5495082139968872,
  "num_groups": 32.0
}
