{
  "type": "rollout",
  "grpo_step": 185,
  "num_questions": 32,
  "group_size": 8.0,
  "num_rollouts": 256,
  "reward": 0.62109375,
  "format_accuracy": 0.8671875,
  "answer_accuracy": 0.62109375,
  "avg_response_token_length": 563.44921875,
  "rollout_seconds": 17.48635244369507,
  "mean_reward": 0.62109375,
  "std_reward": 0.48606500029563904,
  "min_reward": 0.0,
  "max_reward": 1.0,
  "mean_advantage": -2.7939677238464355e-09,
  "std_advantage": 0.5973785519599915,
  "num_groups": 32.0
}
