{
  "type": "rollout",
  "grpo_step": 3,
  "num_questions": 32,
  "group_size": 8.0,
  "num_rollouts": 256,
  "reward": 0.05859375,
  "format_accuracy": 0.25390625,
  "answer_accuracy": 0.05859375,
  "avg_response_token_length": 266.9140625,
  "rollout_seconds": 10.702802419662476,
  "mean_reward": 0.05859375,
  "std_reward": 0.23532283306121826,
  "min_reward": 0.0,
  "max_reward": 1.0,
  "mean_advantage": 9.313225746154785e-10,
  "std_advantage": 0.5239354372024536,
  "num_groups": 32.0
}
