{
  "type": "rollout",
  "grpo_step": 35,
  "num_questions": 32,
  "group_size": 8.0,
  "num_rollouts": 256,
  "reward": 0.59375,
  "format_accuracy": 0.9296875,
  "answer_accuracy": 0.59375,
  "avg_response_token_length": 298.4453125,
  "rollout_seconds": 11.638376712799072,
  "mean_reward": 0.59375,
  "std_reward": 0.49209436774253845,
  "min_reward": 0.0,
  "max_reward": 1.0,
  "mean_advantage": 0.0,
  "std_advantage": 0.7029333710670471,
  "num_groups": 32.0
}
