{
  "type": "rollout",
  "grpo_step": 53,
  "num_questions": 32,
  "group_size": 8.0,
  "num_rollouts": 256,
  "reward": 0.37890625,
  "format_accuracy": 0.921875,
  "answer_accuracy": 0.37890625,
  "avg_response_token_length": 65.03515625,
  "rollout_seconds": 6.620990753173828,
  "mean_reward": 0.37890625,
  "std_reward": 0.48606500029563904,
  "min_reward": 0.0,
  "max_reward": 1.0,
  "mean_advantage": -1.862645149230957e-09,
  "std_advantage": 0.5973783731460571,
  "num_groups": 32.0
}
