{
  "type": "rollout",
  "grpo_step": 12,
  "num_questions": 32,
  "group_size": 8.0,
  "num_rollouts": 256,
  "reward": 0.43359375,
  "format_accuracy": 0.80859375,
  "answer_accuracy": 0.43359375,
  "avg_response_token_length": 280.48046875,
  "rollout_seconds": 10.692380666732788,
  "mean_reward": 0.43359375,
  "std_reward": 0.4965413510799408,
  "min_reward": 0.0,
  "max_reward": 1.0,
  "mean_advantage": 0.0,
  "std_advantage": 0.3853951394557953,
  "num_groups": 32.0
}
