{
  "type": "rollout",
  "grpo_step": 23,
  "num_questions": 32,
  "group_size": 8.0,
  "num_rollouts": 256,
  "reward": 0.52734375,
  "format_accuracy": 0.91796875,
  "answer_accuracy": 0.52734375,
  "avg_response_token_length": 337.80859375,
  "rollout_seconds": 12.034666776657104,
  "mean_reward": 0.52734375,
  "std_reward": 0.5002297163009644,
  "min_reward": 0.0,
  "max_reward": 1.0,
  "mean_advantage": 1.862645149230957e-09,
  "std_advantage": 0.7221955060958862,
  "num_groups": 32.0
}
