{
  "type": "rollout",
  "grpo_step": 146,
  "num_questions": 32,
  "group_size": 8.0,
  "num_rollouts": 256,
  "reward": 0.7578125,
  "format_accuracy": 0.97265625,
  "answer_accuracy": 0.7578125,
  "avg_response_token_length": 444.921875,
  "rollout_seconds": 14.81828761100769,
  "mean_reward": 0.7578125,
  "std_reward": 0.42924636602401733,
  "min_reward": 0.0,
  "max_reward": 1.0,
  "mean_advantage": -2.7939677238464355e-09,
  "std_advantage": 0.46862223744392395,
  "num_groups": 32.0
}
