{
  "type": "rollout",
  "grpo_step": 87,
  "num_questions": 32,
  "group_size": 8.0,
  "num_rollouts": 256,
  "reward": 0.87109375,
  "format_accuracy": 0.98046875,
  "answer_accuracy": 0.87109375,
  "avg_response_token_length": 448.55859375,
  "rollout_seconds": 14.77004885673523,
  "mean_reward": 0.87109375,
  "std_reward": 0.33575254678726196,
  "min_reward": 0.0,
  "max_reward": 1.0,
  "mean_advantage": -5.587935447692871e-09,
  "std_advantage": 0.5239354968070984,
  "num_groups": 32.0
}
