{
  "type": "rollout",
  "grpo_step": 134,
  "num_questions": 32,
  "group_size": 8.0,
  "num_rollouts": 256,
  "reward": 0.67578125,
  "format_accuracy": 0.96484375,
  "answer_accuracy": 0.67578125,
  "avg_response_token_length": 408.15234375,
  "rollout_seconds": 14.037522315979004,
  "mean_reward": 0.67578125,
  "std_reward": 0.46899911761283875,
  "min_reward": 0.0,
  "max_reward": 1.0,
  "mean_advantage": -4.190951585769653e-09,
  "std_advantage": 0.5973784923553467,
  "num_groups": 32.0
}
