{
  "type": "rollout",
  "grpo_step": 27,
  "num_questions": 32,
  "group_size": 8.0,
  "num_rollouts": 256,
  "reward": 0.7734375,
  "format_accuracy": 0.921875,
  "answer_accuracy": 0.7734375,
  "avg_response_token_length": 524.8046875,
  "rollout_seconds": 16.526042699813843,
  "mean_reward": 0.7734375,
  "std_reward": 0.41942712664604187,
  "min_reward": 0.0,
  "max_reward": 1.0,
  "mean_advantage": -1.3969838619232178e-09,
  "std_advantage": 0.5973785519599915,
  "num_groups": 32.0
}
