{
  "type": "rollout",
  "grpo_step": 28,
  "num_questions": 32,
  "group_size": 8.0,
  "num_rollouts": 256,
  "reward": 0.35546875,
  "format_accuracy": 0.71484375,
  "answer_accuracy": 0.35546875,
  "avg_response_token_length": 248.91015625,
  "rollout_seconds": 10.27094578742981,
  "mean_reward": 0.35546875,
  "std_reward": 0.4795927405357361,
  "min_reward": 0.0,
  "max_reward": 1.0,
  "mean_advantage": 4.6566128730773926e-09,
  "std_advantage": 0.8284149169921875,
  "num_groups": 32.0
}
