{
  "type": "rollout",
  "grpo_step": 28,
  "num_questions": 32,
  "group_size": 8.0,
  "num_rollouts": 256,
  "reward": 0.16015625,
  "format_accuracy": 0.4921875,
  "answer_accuracy": 0.16015625,
  "avg_response_token_length": 278.8203125,
  "rollout_seconds": 13.103877782821655,
  "mean_reward": 0.16015625,
  "std_reward": 0.36746931076049805,
  "min_reward": 0.0,
  "max_reward": 1.0,
  "mean_advantage": 3.725290298461914e-09,
  "std_advantage": 0.7221953272819519,
  "num_groups": 32.0
}
