{
  "type": "rollout",
  "grpo_step": 177,
  "num_questions": 32,
  "group_size": 8.0,
  "num_rollouts": 256,
  "reward": 0.39453125,
  "format_accuracy": 0.70703125,
  "answer_accuracy": 0.39453125,
  "avg_response_token_length": 288.59375,
  "rollout_seconds": 11.328220129013062,
  "mean_reward": 0.39453125,
  "std_reward": 0.48970717191696167,
  "min_reward": 0.0,
  "max_reward": 1.0,
  "mean_advantage": 0.0,
  "std_advantage": 0.38027337193489075,
  "num_groups": 32.0
}
