{
  "type": "rollout",
  "grpo_step": 156,
  "num_questions": 32,
  "group_size": 8.0,
  "num_rollouts": 256,
  "reward": 0.359375,
  "format_accuracy": 0.9609375,
  "answer_accuracy": 0.359375,
  "avg_response_token_length": 46.890625,
  "rollout_seconds": 6.5782248973846436,
  "mean_reward": 0.359375,
  "std_reward": 0.4807571768760681,
  "min_reward": 0.0,
  "max_reward": 1.0,
  "mean_advantage": -4.889443516731262e-09,
  "std_advantage": 0.46862226724624634,
  "num_groups": 32.0
}
