{
  "type": "rollout",
  "grpo_step": 38,
  "num_questions": 32,
  "group_size": 8.0,
  "num_rollouts": 256,
  "reward": 0.13671875,
  "format_accuracy": 0.70703125,
  "answer_accuracy": 0.13671875,
  "avg_response_token_length": 54.5859375,
  "rollout_seconds": 6.631486654281616,
  "mean_reward": 0.13671875,
  "std_reward": 0.34422317147254944,
  "min_reward": 0.0,
  "max_reward": 1.0,
  "mean_advantage": 4.190951585769653e-09,
  "std_advantage": 0.5239355564117432,
  "num_groups": 32.0
}
