{
  "type": "rollout",
  "grpo_step": 238,
  "num_questions": 32,
  "group_size": 8.0,
  "num_rollouts": 256,
  "reward": 0.734375,
  "format_accuracy": 0.921875,
  "answer_accuracy": 0.734375,
  "avg_response_token_length": 458.17578125,
  "rollout_seconds": 11.508670091629028,
  "mean_reward": 0.734375,
  "std_reward": 0.4425306022167206,
  "min_reward": 0.0,
  "max_reward": 1.0,
  "mean_advantage": -3.725290298461914e-09,
  "std_advantage": 0.4686221778392792,
  "num_groups": 32.0
}
