{
  "type": "rollout",
  "grpo_step": 14,
  "num_questions": 32,
  "group_size": 8.0,
  "num_rollouts": 256,
  "reward": 0.2109375,
  "format_accuracy": 0.859375,
  "answer_accuracy": 0.2109375,
  "avg_response_token_length": 70.953125,
  "rollout_seconds": 6.653992414474487,
  "mean_reward": 0.2109375,
  "std_reward": 0.408773273229599,
  "min_reward": 0.0,
  "max_reward": 1.0,
  "mean_advantage": 0.0,
  "std_advantage": 0.4970487952232361,
  "num_groups": 32.0
}
