{
  "type": "rollout",
  "grpo_step": 46,
  "num_questions": 32,
  "group_size": 8.0,
  "num_rollouts": 256,
  "reward": 0.453125,
  "format_accuracy": 0.9921875,
  "answer_accuracy": 0.453125,
  "avg_response_token_length": 127.8828125,
  "rollout_seconds": 13.145955085754395,
  "mean_reward": 0.453125,
  "std_reward": 0.4987730085849762,
  "min_reward": 0.0,
  "max_reward": 1.0,
  "mean_advantage": -4.190951585769653e-09,
  "std_advantage": 0.7221952676773071,
  "num_groups": 32.0
}
