{
  "type": "rollout",
  "grpo_step": 46,
  "num_questions": 32,
  "group_size": 8.0,
  "num_rollouts": 256,
  "reward": 0.01953125,
  "format_accuracy": 0.0234375,
  "answer_accuracy": 0.01953125,
  "avg_response_token_length": 1010.44921875,
  "rollout_seconds": 29.01368474960327,
  "mean_reward": 0.01953125,
  "std_reward": 0.13865379989147186,
  "min_reward": 0.0,
  "max_reward": 1.0,
  "mean_advantage": -1.3969838619232178e-09,
  "std_advantage": 0.23431111872196198,
  "num_groups": 32.0
}
