{
  "type": "rollout",
  "grpo_step": 84,
  "num_questions": 32,
  "group_size": 8.0,
  "num_rollouts": 256,
  "reward": 0.7109375,
  "format_accuracy": 0.9453125,
  "answer_accuracy": 0.7109375,
  "avg_response_token_length": 326.42578125,
  "rollout_seconds": 11.875458002090454,
  "mean_reward": 0.7109375,
  "std_reward": 0.45421501994132996,
  "min_reward": 0.0,
  "max_reward": 1.0,
  "mean_advantage": 1.3969838619232178e-09,
  "std_advantage": 0.6199288964271545,
  "num_groups": 32.0
}
