{
  "type": "rollout",
  "grpo_step": 164,
  "num_questions": 32,
  "group_size": 8.0,
  "num_rollouts": 256,
  "reward": 0.4296875,
  "format_accuracy": 0.796875,
  "answer_accuracy": 0.4296875,
  "avg_response_token_length": 265.86328125,
  "rollout_seconds": 10.65852689743042,
  "mean_reward": 0.4296875,
  "std_reward": 0.49600115418434143,
  "min_reward": 0.0,
  "max_reward": 1.0,
  "mean_advantage": 3.725290298461914e-09,
  "std_advantage": 0.7409567832946777,
  "num_groups": 32.0
}
