{
  "type": "rollout",
  "grpo_step": 25,
  "num_questions": 32,
  "group_size": 8.0,
  "num_rollouts": 256,
  "reward": 0.5,
  "format_accuracy": 0.87109375,
  "answer_accuracy": 0.5,
  "avg_response_token_length": 297.39453125,
  "rollout_seconds": 13.478532075881958,
  "mean_reward": 0.5,
  "std_reward": 0.5009794235229492,
  "min_reward": 0.0,
  "max_reward": 1.0,
  "mean_advantage": -1.862645149230957e-09,
  "std_advantage": 0.740956723690033,
  "num_groups": 32.0
}
