{
  "type": "rollout",
  "grpo_step": 101,
  "num_questions": 32,
  "group_size": 8.0,
  "num_rollouts": 256,
  "reward": 0.16015625,
  "format_accuracy": 0.89453125,
  "answer_accuracy": 0.16015625,
  "avg_response_token_length": 20.078125,
  "rollout_seconds": 1.5480937957763672,
  "mean_reward": 0.16015625,
  "std_reward": 0.36746931076049805,
  "min_reward": 0.0,
  "max_reward": 1.0,
  "mean_advantage": 9.313225746154785e-10,
  "std_advantage": 0.46862220764160156,
  "num_groups": 32.0
}
