{
  "type": "rollout",
  "grpo_step": 184,
  "num_questions": 32,
  "group_size": 8.0,
  "num_rollouts": 256,
  "reward": 0.703125,
  "format_accuracy": 0.9296875,
  "answer_accuracy": 0.703125,
  "avg_response_token_length": 295.94140625,
  "rollout_seconds": 11.291841268539429,
  "mean_reward": 0.703125,
  "std_reward": 0.45777595043182373,
  "min_reward": 0.0,
  "max_reward": 1.0,
  "mean_advantage": -2.2118911147117615e-09,
  "std_advantage": 0.5495080947875977,
  "num_groups": 32.0
}
