{
  "type": "rollout",
  "grpo_step": 325,
  "num_questions": 32,
  "group_size": 8.0,
  "num_rollouts": 256,
  "reward": 0.84765625,
  "format_accuracy": 0.94921875,
  "answer_accuracy": 0.84765625,
  "avg_response_token_length": 436.0546875,
  "rollout_seconds": 11.597650051116943,
  "mean_reward": 0.84765625,
  "std_reward": 0.36005768179893494,
  "min_reward": 0.0,
  "max_reward": 1.0,
  "mean_advantage": -3.026798367500305e-09,
  "std_advantage": 0.5739426016807556,
  "num_groups": 32.0
}
