{
  "type": "rollout",
  "grpo_step": 183,
  "num_questions": 32,
  "group_size": 8.0,
  "num_rollouts": 256,
  "reward": 0.8671875,
  "format_accuracy": 1.0,
  "answer_accuracy": 0.8671875,
  "avg_response_token_length": 412.18359375,
  "rollout_seconds": 13.244219064712524,
  "mean_reward": 0.8671875,
  "std_reward": 0.3400367498397827,
  "min_reward": 0.0,
  "max_reward": 1.0,
  "mean_advantage": -9.313225746154785e-10,
  "std_advantage": 0.40583881735801697,
  "num_groups": 32.0
}
