{
  "type": "rollout",
  "grpo_step": 22,
  "num_questions": 32,
  "group_size": 8.0,
  "num_rollouts": 256,
  "reward": 0.51171875,
  "format_accuracy": 0.83984375,
  "answer_accuracy": 0.51171875,
  "avg_response_token_length": 350.171875,
  "rollout_seconds": 12.250219821929932,
  "mean_reward": 0.51171875,
  "std_reward": 0.5008417963981628,
  "min_reward": 0.0,
  "max_reward": 1.0,
  "mean_advantage": 0.0,
  "std_advantage": 0.3604191541671753,
  "num_groups": 32.0
}
