{
  "type": "rollout",
  "grpo_step": 129,
  "num_questions": 32,
  "group_size": 8.0,
  "num_rollouts": 256,
  "reward": 0.73046875,
  "format_accuracy": 0.91015625,
  "answer_accuracy": 0.73046875,
  "avg_response_token_length": 411.05859375,
  "rollout_seconds": 13.648677110671997,
  "mean_reward": 0.73046875,
  "std_reward": 0.4445854723453522,
  "min_reward": 0.0,
  "max_reward": 1.0,
  "mean_advantage": 0.0,
  "std_advantage": 0.1839117407798767,
  "num_groups": 32.0
}
