{
  "type": "rollout",
  "grpo_step": 124,
  "num_questions": 32,
  "group_size": 8.0,
  "num_rollouts": 256,
  "reward": 0.88671875,
  "format_accuracy": 0.97265625,
  "answer_accuracy": 0.88671875,
  "avg_response_token_length": 329.09765625,
  "rollout_seconds": 23.849728107452393,
  "mean_reward": 0.88671875,
  "std_reward": 0.31755712628364563,
  "min_reward": 0.0,
  "max_reward": 1.0,
  "mean_advantage": -1.862645149230957e-09,
  "std_advantage": 0.4686221778392792,
  "num_groups": 32.0
}
