{
  "type": "rollout",
  "grpo_step": 169,
  "num_questions": 32,
  "group_size": 8.0,
  "num_rollouts": 256,
  "reward": 0.78125,
  "format_accuracy": 0.953125,
  "answer_accuracy": 0.78125,
  "avg_response_token_length": 421.67578125,
  "rollout_seconds": 31.563632011413574,
  "mean_reward": 0.78125,
  "std_reward": 0.41420844197273254,
  "min_reward": 0.0,
  "max_reward": 1.0,
  "mean_advantage": -3.725290298461914e-09,
  "std_advantage": 0.5239355564117432,
  "num_groups": 32.0
}
