{
  "type": "rollout",
  "grpo_step": 165,
  "num_questions": 32,
  "group_size": 8.0,
  "num_rollouts": 256,
  "reward": 0.6640625,
  "format_accuracy": 0.89453125,
  "answer_accuracy": 0.6640625,
  "avg_response_token_length": 386.3984375,
  "rollout_seconds": 13.053009510040283,
  "mean_reward": 0.6640625,
  "std_reward": 0.4732423722743988,
  "min_reward": 0.0,
  "max_reward": 1.0,
  "mean_advantage": 0.0,
  "std_advantage": 0.1955384761095047,
  "num_groups": 32.0
}
