{
  "type": "rollout",
  "grpo_step": 66,
  "num_questions": 32,
  "group_size": 8.0,
  "num_rollouts": 256,
  "reward": 0.6875,
  "format_accuracy": 0.984375,
  "answer_accuracy": 0.6875,
  "avg_response_token_length": 238.33984375,
  "rollout_seconds": 9.599368572235107,
  "mean_reward": 0.6875,
  "std_reward": 0.4644203782081604,
  "min_reward": 0.0,
  "max_reward": 1.0,
  "mean_advantage": 0.0,
  "std_advantage": 0.3083797097206116,
  "num_groups": 32.0
}
