{
  "type": "rollout",
  "grpo_step": 120,
  "num_questions": 32,
  "group_size": 8.0,
  "num_rollouts": 256,
  "reward": 0.25,
  "format_accuracy": 0.80078125,
  "answer_accuracy": 0.25,
  "avg_response_token_length": 89.375,
  "rollout_seconds": 7.168984651565552,
  "mean_reward": 0.25,
  "std_reward": 0.4338609278202057,
  "min_reward": 0.0,
  "max_reward": 1.0,
  "mean_advantage": -6.51925802230835e-09,
  "std_advantage": 0.5739427208900452,
  "num_groups": 32.0
}
