{
  "type": "rollout",
  "grpo_step": 186,
  "num_questions": 32,
  "group_size": 8.0,
  "num_rollouts": 256,
  "reward": 0.8125,
  "format_accuracy": 0.91015625,
  "answer_accuracy": 0.8125,
  "avg_response_token_length": 454.9921875,
  "rollout_seconds": 11.85971975326538,
  "mean_reward": 0.8125,
  "std_reward": 0.3910769522190094,
  "min_reward": 0.0,
  "max_reward": 1.0,
  "mean_advantage": 0.0,
  "std_advantage": 0.5239356160163879,
  "num_groups": 32.0
}
