{
  "type": "rollout",
  "grpo_step": 136,
  "num_questions": 32,
  "group_size": 8.0,
  "num_rollouts": 256,
  "reward": 0.2109375,
  "format_accuracy": 0.87890625,
  "answer_accuracy": 0.2109375,
  "avg_response_token_length": 29.91015625,
  "rollout_seconds": 4.032940149307251,
  "mean_reward": 0.2109375,
  "std_reward": 0.408773273229599,
  "min_reward": 0.0,
  "max_reward": 1.0,
  "mean_advantage": -9.313225746154785e-10,
  "std_advantage": 0.3313659131526947,
  "num_groups": 32.0
}
