{
  "type": "rollout",
  "grpo_step": 88,
  "num_questions": 32,
  "group_size": 8.0,
  "num_rollouts": 256,
  "reward": 0.71875,
  "format_accuracy": 0.953125,
  "answer_accuracy": 0.71875,
  "avg_response_token_length": 340.6640625,
  "rollout_seconds": 12.451186418533325,
  "mean_reward": 0.71875,
  "std_reward": 0.45048993825912476,
  "min_reward": 0.0,
  "max_reward": 1.0,
  "mean_advantage": 1.862645149230957e-09,
  "std_advantage": 0.6416873335838318,
  "num_groups": 32.0
}
