{
  "type": "rollout",
  "grpo_step": 26,
  "num_questions": 32,
  "group_size": 8.0,
  "num_rollouts": 256,
  "reward": 0.3203125,
  "format_accuracy": 0.984375,
  "answer_accuracy": 0.3203125,
  "avg_response_token_length": 82.0234375,
  "rollout_seconds": 6.942057132720947,
  "mean_reward": 0.3203125,
  "std_reward": 0.4675106108188629,
  "min_reward": 0.0,
  "max_reward": 1.0,
  "mean_advantage": 1.862645149230957e-09,
  "std_advantage": 0.6831285357475281,
  "num_groups": 32.0
}
