{
  "type": "rollout",
  "grpo_step": 119,
  "num_questions": 32,
  "group_size": 8.0,
  "num_rollouts": 256,
  "reward": 0.5625,
  "format_accuracy": 0.875,
  "answer_accuracy": 0.5625,
  "avg_response_token_length": 232.04296875,
  "rollout_seconds": 10.00855016708374,
  "mean_reward": 0.5625,
  "std_reward": 0.49705013632774353,
  "min_reward": 0.0,
  "max_reward": 1.0,
  "mean_advantage": 3.725290298461914e-09,
  "std_advantage": 0.7771220803260803,
  "num_groups": 32.0
}
