{
  "type": "rollout",
  "grpo_step": 15,
  "num_questions": 32,
  "group_size": 8.0,
  "num_rollouts": 256,
  "reward": 0.40234375,
  "format_accuracy": 0.86328125,
  "answer_accuracy": 0.40234375,
  "avg_response_token_length": 179.859375,
  "rollout_seconds": 8.704854011535645,
  "mean_reward": 0.40234375,
  "std_reward": 0.4913311004638672,
  "min_reward": 0.0,
  "max_reward": 1.0,
  "mean_advantage": 7.450580596923828e-09,
  "std_advantage": 0.7945876717567444,
  "num_groups": 32.0
}
