{
  "type": "rollout",
  "grpo_step": 139,
  "num_questions": 32,
  "group_size": 8.0,
  "num_rollouts": 256,
  "reward": 0.7734375,
  "format_accuracy": 0.984375,
  "answer_accuracy": 0.7734375,
  "avg_response_token_length": 288.890625,
  "rollout_seconds": 10.978686571121216,
  "mean_reward": 0.7734375,
  "std_reward": 0.41942712664604187,
  "min_reward": 0.0,
  "max_reward": 1.0,
  "mean_advantage": 9.313225746154785e-10,
  "std_advantage": 0.4058387577533722,
  "num_groups": 32.0
}
