{
  "type": "rollout",
  "grpo_step": 120,
  "num_questions": 32,
  "group_size": 8.0,
  "num_rollouts": 256,
  "reward": 0.53125,
  "format_accuracy": 0.98828125,
  "answer_accuracy": 0.53125,
  "avg_response_token_length": 334.78125,
  "rollout_seconds": 12.369860172271729,
  "mean_reward": 0.53125,
  "std_reward": 0.5,
  "min_reward": 0.0,
  "max_reward": 1.0,
  "mean_advantage": -4.190951585769653e-09,
  "std_advantage": 0.5739426612854004,
  "num_groups": 32.0
}
