{
  "type": "rollout",
  "grpo_step": 87,
  "num_questions": 32,
  "group_size": 8.0,
  "num_rollouts": 256,
  "reward": 0.7265625,
  "format_accuracy": 0.96875,
  "answer_accuracy": 0.7265625,
  "avg_response_token_length": 302.15625,
  "rollout_seconds": 11.874126672744751,
  "mean_reward": 0.7265625,
  "std_reward": 0.44659659266471863,
  "min_reward": 0.0,
  "max_reward": 1.0,
  "mean_advantage": -5.122274160385132e-09,
  "std_advantage": 0.641687273979187,
  "num_groups": 32.0
}
