{
  "type": "rollout",
  "grpo_step": 5,
  "num_questions": 32,
  "group_size": 8.0,
  "num_rollouts": 256,
  "reward": 0.3828125,
  "format_accuracy": 0.734375,
  "answer_accuracy": 0.3828125,
  "avg_response_token_length": 241.5390625,
  "rollout_seconds": 11.03188705444336,
  "mean_reward": 0.3828125,
  "std_reward": 0.48702529072761536,
  "min_reward": 0.0,
  "max_reward": 1.0,
  "mean_advantage": -4.190951585769653e-09,
  "std_advantage": 0.7592549920082092,
  "num_groups": 32.0
}
