{
  "type": "rollout",
  "grpo_step": 183,
  "num_questions": 32,
  "group_size": 8.0,
  "num_rollouts": 256,
  "reward": 0.66015625,
  "format_accuracy": 0.9453125,
  "answer_accuracy": 0.66015625,
  "avg_response_token_length": 194.4765625,
  "rollout_seconds": 9.091461658477783,
  "mean_reward": 0.66015625,
  "std_reward": 0.47458380460739136,
  "min_reward": 0.0,
  "max_reward": 1.0,
  "mean_advantage": -4.656612873077393e-10,
  "std_advantage": 0.5973786115646362,
  "num_groups": 32.0
}
