{
  "num_examples": 3199,
  "reward": 0.3047827446076899,
  "format_accuracy": 0.9396686464520163,
  "answer_accuracy": 0.3047827446076899,
  "temperature": 1.0,
  "top_p": 1.0,
  "max_tokens": 1024,
  "stop": "</answer>",
  "include_stop_str_in_output": true
}
