{
  "num_examples": 3199,
  "reward": 0.23569865582994687,
  "format_accuracy": 0.8830884651453579,
  "answer_accuracy": 0.23569865582994687,
  "temperature": 1.0,
  "top_p": 1.0,
  "max_tokens": 1024,
  "stop": "</answer>",
  "include_stop_str_in_output": true
}
