{
  "num_examples": 3199,
  "reward": 0.33354173179118474,
  "format_accuracy": 0.9534229446702095,
  "answer_accuracy": 0.33354173179118474,
  "temperature": 1.0,
  "top_p": 1.0,
  "max_tokens": 1024,
  "stop": "</answer>",
  "include_stop_str_in_output": true
}
