{
  "type": "rollout",
  "grpo_step": 33,
  "num_questions": 32,
  "group_size": 8.0,
  "num_rollouts": 256,
  "reward": 0.63671875,
  "format_accuracy": 0.9609375,
  "answer_accuracy": 0.63671875,
  "avg_response_token_length": 239.69140625,
  "rollout_seconds": 10.014891147613525,
  "mean_reward": 0.63671875,
  "std_reward": 0.48188698291778564,
  "min_reward": 0.0,
  "max_reward": 1.0,
  "mean_advantage": 0.0,
  "std_advantage": 0.30917346477508545,
  "num_groups": 32.0
}
