{
  "type": "rollout",
  "grpo_step": 44,
  "num_questions": 32,
  "group_size": 8.0,
  "num_rollouts": 256,
  "reward": 0.5625,
  "format_accuracy": 0.94921875,
  "answer_accuracy": 0.5625,
  "avg_response_token_length": 352.8515625,
  "rollout_seconds": 15.502031326293945,
  "mean_reward": 0.5625,
  "std_reward": 0.49705013632774353,
  "min_reward": 0.0,
  "max_reward": 1.0,
  "mean_advantage": 5.587935447692871e-09,
  "std_advantage": 0.6416873931884766,
  "num_groups": 32.0
}
