{
  "type": "rollout",
  "grpo_step": 70,
  "num_questions": 32,
  "group_size": 8.0,
  "num_rollouts": 256,
  "reward": 0.2734375,
  "format_accuracy": 0.91015625,
  "answer_accuracy": 0.2734375,
  "avg_response_token_length": 77.046875,
  "rollout_seconds": 6.965635299682617,
  "mean_reward": 0.2734375,
  "std_reward": 0.44659659266471863,
  "min_reward": 0.0,
  "max_reward": 1.0,
  "mean_advantage": 1.862645149230957e-09,
  "std_advantage": 0.5973783731460571,
  "num_groups": 32.0
}
