{
  "type": "rollout",
  "grpo_step": 157,
  "num_questions": 32,
  "group_size": 8.0,
  "num_rollouts": 256,
  "reward": 0.6171875,
  "format_accuracy": 0.828125,
  "answer_accuracy": 0.6171875,
  "avg_response_token_length": 591.89453125,
  "rollout_seconds": 30.007577180862427,
  "mean_reward": 0.6171875,
  "std_reward": 0.48702529072761536,
  "min_reward": 0.0,
  "max_reward": 1.0,
  "mean_advantage": 2.7939677238464355e-09,
  "std_advantage": 0.5973785519599915,
  "num_groups": 32.0
}
