{
  "type": "rollout",
  "grpo_step": 20,
  "num_questions": 32,
  "group_size": 8.0,
  "num_rollouts": 256,
  "reward": 0.33984375,
  "format_accuracy": 0.97265625,
  "answer_accuracy": 0.33984375,
  "avg_response_token_length": 115.828125,
  "rollout_seconds": 9.128387928009033,
  "mean_reward": 0.33984375,
  "std_reward": 0.47458380460739136,
  "min_reward": 0.0,
  "max_reward": 1.0,
  "mean_advantage": 9.313225746154785e-10,
  "std_advantage": 0.6831283569335938,
  "num_groups": 32.0
}
