{
  "type": "rollout",
  "grpo_step": 12,
  "num_questions": 32,
  "group_size": 8.0,
  "num_rollouts": 256,
  "reward": 0.38671875,
  "format_accuracy": 0.90625,
  "answer_accuracy": 0.38671875,
  "avg_response_token_length": 162.390625,
  "rollout_seconds": 8.590914487838745,
  "mean_reward": 0.38671875,
  "std_reward": 0.4879522919654846,
  "min_reward": 0.0,
  "max_reward": 1.0,
  "mean_advantage": -5.587935447692871e-09,
  "std_advantage": 0.8116775155067444,
  "num_groups": 32.0
}
