{
  "type": "rollout",
  "grpo_step": 116,
  "num_questions": 32,
  "group_size": 8.0,
  "num_rollouts": 256,
  "reward": 0.33984375,
  "format_accuracy": 0.5625,
  "answer_accuracy": 0.33984375,
  "avg_response_token_length": 555.4453125,
  "rollout_seconds": 17.48128890991211,
  "mean_reward": 0.33984375,
  "std_reward": 0.47458380460739136,
  "min_reward": 0.0,
  "max_reward": 1.0,
  "mean_advantage": -1.862645149230957e-09,
  "std_advantage": 0.5739426612854004,
  "num_groups": 32.0
}
