{
  "type": "rollout",
  "grpo_step": 162,
  "num_questions": 32,
  "group_size": 8.0,
  "num_rollouts": 256,
  "reward": 0.6484375,
  "format_accuracy": 0.8984375,
  "answer_accuracy": 0.6484375,
  "avg_response_token_length": 448.1953125,
  "rollout_seconds": 15.225651741027832,
  "mean_reward": 0.6484375,
  "std_reward": 0.47839346528053284,
  "min_reward": 0.0,
  "max_reward": 1.0,
  "mean_advantage": -2.3283064365386963e-09,
  "std_advantage": 0.497048944234848,
  "num_groups": 32.0
}
