{
  "type": "rollout",
  "grpo_step": 93,
  "num_questions": 32,
  "group_size": 8.0,
  "num_rollouts": 256,
  "reward": 0.765625,
  "format_accuracy": 0.953125,
  "answer_accuracy": 0.765625,
  "avg_response_token_length": 355.19140625,
  "rollout_seconds": 12.850966930389404,
  "mean_reward": 0.765625,
  "std_reward": 0.42443734407424927,
  "min_reward": 0.0,
  "max_reward": 1.0,
  "mean_advantage": 1.862645149230957e-09,
  "std_advantage": 0.5973786115646362,
  "num_groups": 32.0
}
