{
  "type": "rollout",
  "grpo_step": 10,
  "num_questions": 32,
  "group_size": 8.0,
  "num_rollouts": 256,
  "reward": 0.421875,
  "format_accuracy": 0.72265625,
  "answer_accuracy": 0.421875,
  "avg_response_token_length": 316.74609375,
  "rollout_seconds": 11.955508708953857,
  "mean_reward": 0.421875,
  "std_reward": 0.49482616782188416,
  "min_reward": 0.0,
  "max_reward": 1.0,
  "mean_advantage": -1.862645149230957e-09,
  "std_advantage": 0.8116776347160339,
  "num_groups": 32.0
}
