{
  "type": "rollout",
  "grpo_step": 150,
  "num_questions": 32,
  "group_size": 8.0,
  "num_rollouts": 256,
  "reward": 0.17578125,
  "format_accuracy": 0.46875,
  "answer_accuracy": 0.17578125,
  "avg_response_token_length": 520.05859375,
  "rollout_seconds": 16.624146938323975,
  "mean_reward": 0.17578125,
  "std_reward": 0.38137954473495483,
  "min_reward": 0.0,
  "max_reward": 1.0,
  "mean_advantage": 0.0,
  "std_advantage": 0.28439822793006897,
  "num_groups": 32.0
}
