{
  "type": "rollout",
  "grpo_step": 123,
  "num_questions": 32,
  "group_size": 8.0,
  "num_rollouts": 256,
  "reward": 0.23828125,
  "format_accuracy": 0.5390625,
  "answer_accuracy": 0.23828125,
  "avg_response_token_length": 488.125,
  "rollout_seconds": 15.846468448638916,
  "mean_reward": 0.23828125,
  "std_reward": 0.4268665611743927,
  "min_reward": 0.0,
  "max_reward": 1.0,
  "mean_advantage": 0.0,
  "std_advantage": 0.3590565025806427,
  "num_groups": 32.0
}
