{
  "type": "rollout",
  "grpo_step": 134,
  "num_questions": 32,
  "group_size": 8.0,
  "num_rollouts": 256,
  "reward": 0.30859375,
  "format_accuracy": 0.78125,
  "answer_accuracy": 0.30859375,
  "avg_response_token_length": 23.359375,
  "rollout_seconds": 5.370851516723633,
  "mean_reward": 0.30859375,
  "std_reward": 0.46281784772872925,
  "min_reward": 0.0,
  "max_reward": 1.0,
  "mean_advantage": 7.450580596923828e-09,
  "std_advantage": 0.6199290752410889,
  "num_groups": 32.0
}
