{
  "type": "rollout",
  "grpo_step": 72,
  "num_questions": 32,
  "group_size": 8.0,
  "num_rollouts": 256,
  "reward": 0.3359375,
  "format_accuracy": 0.77734375,
  "answer_accuracy": 0.3359375,
  "avg_response_token_length": 201.0703125,
  "rollout_seconds": 9.622678756713867,
  "mean_reward": 0.3359375,
  "std_reward": 0.4732423722743988,
  "min_reward": 0.0,
  "max_reward": 1.0,
  "mean_advantage": 0.0,
  "std_advantage": 0.7771221399307251,
  "num_groups": 32.0
}
