{
  "type": "rollout",
  "grpo_step": 128,
  "num_questions": 32,
  "group_size": 8.0,
  "num_rollouts": 256,
  "reward": 0.7109375,
  "format_accuracy": 0.8984375,
  "answer_accuracy": 0.7109375,
  "avg_response_token_length": 310.578125,
  "rollout_seconds": 11.867204904556274,
  "mean_reward": 0.7109375,
  "std_reward": 0.45421501994132996,
  "min_reward": 0.0,
  "max_reward": 1.0,
  "mean_advantage": -4.6566128730773926e-09,
  "std_advantage": 0.7409568428993225,
  "num_groups": 32.0
}
