{
  "type": "rollout",
  "grpo_step": 165,
  "num_questions": 32,
  "group_size": 8.0,
  "num_rollouts": 256,
  "reward": 0.3125,
  "format_accuracy": 0.83984375,
  "answer_accuracy": 0.3125,
  "avg_response_token_length": 168.84375,
  "rollout_seconds": 8.91653847694397,
  "mean_reward": 0.3125,
  "std_reward": 0.4644203782081604,
  "min_reward": 0.0,
  "max_reward": 1.0,
  "mean_advantage": -2.9103830456733704e-09,
  "std_advantage": 0.7409569025039673,
  "num_groups": 32.0
}
