{
  "type": "rollout",
  "grpo_step": 46,
  "num_questions": 32,
  "group_size": 8.0,
  "num_rollouts": 256,
  "reward": 0.1796875,
  "format_accuracy": 0.91015625,
  "answer_accuracy": 0.1796875,
  "avg_response_token_length": 67.421875,
  "rollout_seconds": 6.740372896194458,
  "mean_reward": 0.1796875,
  "std_reward": 0.38467901945114136,
  "min_reward": 0.0,
  "max_reward": 1.0,
  "mean_advantage": 1.862645149230957e-09,
  "std_advantage": 0.37047842144966125,
  "num_groups": 32.0
}
