{
  "type": "rollout",
  "grpo_step": 124,
  "num_questions": 32,
  "group_size": 8.0,
  "num_rollouts": 256,
  "reward": 0.65234375,
  "format_accuracy": 0.96484375,
  "answer_accuracy": 0.65234375,
  "avg_response_token_length": 466.41796875,
  "rollout_seconds": 15.645767211914062,
  "mean_reward": 0.65234375,
  "std_reward": 0.4771590530872345,
  "min_reward": 0.0,
  "max_reward": 1.0,
  "mean_advantage": -3.725290298461914e-09,
  "std_advantage": 0.5973784923553467,
  "num_groups": 32.0
}
