{
  "type": "rollout",
  "grpo_step": 68,
  "num_questions": 32,
  "group_size": 8.0,
  "num_rollouts": 256,
  "reward": 0.51171875,
  "format_accuracy": 0.9765625,
  "answer_accuracy": 0.51171875,
  "avg_response_token_length": 225.76171875,
  "rollout_seconds": 9.668594598770142,
  "mean_reward": 0.51171875,
  "std_reward": 0.5008417963981628,
  "min_reward": 0.0,
  "max_reward": 1.0,
  "mean_advantage": -4.656612873077393e-10,
  "std_advantage": 0.6416873335838318,
  "num_groups": 32.0
}
