{
  "num_examples": 3199,
  "reward": 0.22319474835886213,
  "format_accuracy": 0.90997186620819,
  "answer_accuracy": 0.22319474835886213,
  "temperature": 1.0,
  "top_p": 1.0,
  "max_tokens": 1024,
  "stop": "</answer>",
  "include_stop_str_in_output": true
}
