{
  "num_examples": 3199,
  "reward": 0.21663019693654267,
  "format_accuracy": 0.9152860268834011,
  "answer_accuracy": 0.21663019693654267,
  "temperature": 1.0,
  "top_p": 1.0,
  "max_tokens": 1024,
  "stop": "</answer>",
  "include_stop_str_in_output": true
}
