{
  "num_examples": 3199,
  "reward": 0.24601437949359176,
  "format_accuracy": 0.9174742106908409,
  "answer_accuracy": 0.24601437949359176,
  "temperature": 1.0,
  "top_p": 1.0,
  "max_tokens": 1024,
  "stop": "</answer>",
  "include_stop_str_in_output": true
}
