{
  "num_examples": 3199,
  "reward": 0.17411691153485465,
  "format_accuracy": 0.8843388558924664,
  "answer_accuracy": 0.17411691153485465,
  "temperature": 1.0,
  "top_p": 1.0,
  "max_tokens": 1024,
  "stop": "</answer>",
  "include_stop_str_in_output": true
}
