{
  "num_examples": 3199,
  "reward": 0.19506095654892153,
  "format_accuracy": 0.869959362300719,
  "answer_accuracy": 0.19506095654892153,
  "temperature": 1.0,
  "top_p": 1.0,
  "max_tokens": 1024,
  "stop": "</answer>",
  "include_stop_str_in_output": true
}
