{
  "num_examples": 3199,
  "reward": 0.2607064707721163,
  "format_accuracy": 0.9296655204751485,
  "answer_accuracy": 0.2607064707721163,
  "temperature": 1.0,
  "top_p": 1.0,
  "max_tokens": 1024,
  "stop": "</answer>",
  "include_stop_str_in_output": true
}
