{
  "num_examples": 3199,
  "reward": 0.22006877149109097,
  "format_accuracy": 0.9237261644263832,
  "answer_accuracy": 0.22006877149109097,
  "temperature": 1.0,
  "top_p": 1.0,
  "max_tokens": 1024,
  "stop": "</answer>",
  "include_stop_str_in_output": true
}
