{
  "type": "rollout",
  "grpo_step": 34,
  "num_questions": 32,
  "group_size": 8.0,
  "num_rollouts": 256,
  "reward": 0.17578125,
  "format_accuracy": 0.58203125,
  "answer_accuracy": 0.17578125,
  "avg_response_token_length": 213.80859375,
  "rollout_seconds": 9.794796228408813,
  "mean_reward": 0.17578125,
  "std_reward": 0.38137954473495483,
  "min_reward": 0.0,
  "max_reward": 1.0,
  "mean_advantage": 7.450580596923828e-09,
  "std_advantage": 0.7029333114624023,
  "num_groups": 32.0
}
