{
  "type": "rollout",
  "grpo_step": 3,
  "num_questions": 32,
  "group_size": 8.0,
  "num_rollouts": 256,
  "reward": 0.33203125,
  "format_accuracy": 0.78125,
  "answer_accuracy": 0.33203125,
  "avg_response_token_length": 170.23828125,
  "rollout_seconds": 8.890515327453613,
  "mean_reward": 0.33203125,
  "std_reward": 0.47186464071273804,
  "min_reward": 0.0,
  "max_reward": 1.0,
  "mean_advantage": 0.0,
  "std_advantage": 0.3549371659755707,
  "num_groups": 32.0
}
