{
  "type": "rollout",
  "grpo_step": 142,
  "num_questions": 32,
  "group_size": 8.0,
  "num_rollouts": 256,
  "reward": 0.37890625,
  "format_accuracy": 0.83984375,
  "answer_accuracy": 0.37890625,
  "avg_response_token_length": 197.49609375,
  "rollout_seconds": 9.931455850601196,
  "mean_reward": 0.37890625,
  "std_reward": 0.48606500029563904,
  "min_reward": 0.0,
  "max_reward": 1.0,
  "mean_advantage": -4.656612873077393e-10,
  "std_advantage": 0.7592549324035645,
  "num_groups": 32.0
}
