{
  "type": "rollout",
  "grpo_step": 192,
  "num_questions": 32,
  "group_size": 8.0,
  "num_rollouts": 256,
  "reward": 0.30078125,
  "format_accuracy": 1.0,
  "answer_accuracy": 0.30078125,
  "avg_response_token_length": 16.31640625,
  "rollout_seconds": 1.436861515045166,
  "mean_reward": 0.30078125,
  "std_reward": 0.45949608087539673,
  "min_reward": 0.0,
  "max_reward": 1.0,
  "mean_advantage": -4.656612873077393e-10,
  "std_advantage": 0.4383558928966522,
  "num_groups": 32.0
}
