{
  "type": "rollout",
  "grpo_step": 90,
  "num_questions": 32,
  "group_size": 8.0,
  "num_rollouts": 256,
  "reward": 0.8671875,
  "format_accuracy": 0.98828125,
  "answer_accuracy": 0.8671875,
  "avg_response_token_length": 249.57421875,
  "rollout_seconds": 10.129283905029297,
  "mean_reward": 0.8671875,
  "std_reward": 0.3400367498397827,
  "min_reward": 0.0,
  "max_reward": 1.0,
  "mean_advantage": 0.0,
  "std_advantage": 0.2363944798707962,
  "num_groups": 32.0
}
