{
  "type": "rollout",
  "grpo_step": 51,
  "num_questions": 32,
  "group_size": 8.0,
  "num_rollouts": 256,
  "reward": 0.33984375,
  "format_accuracy": 0.8359375,
  "answer_accuracy": 0.33984375,
  "avg_response_token_length": 208.8828125,
  "rollout_seconds": 9.495904445648193,
  "mean_reward": 0.33984375,
  "std_reward": 0.47458380460739136,
  "min_reward": 0.0,
  "max_reward": 1.0,
  "mean_advantage": 0.0,
  "std_advantage": 0.34228184819221497,
  "num_groups": 32.0
}
