{
  "type": "rollout",
  "grpo_step": 7,
  "num_questions": 32,
  "group_size": 8.0,
  "num_rollouts": 256,
  "reward": 0.34375,
  "format_accuracy": 0.66796875,
  "answer_accuracy": 0.34375,
  "avg_response_token_length": 239.78125,
  "rollout_seconds": 10.242311954498291,
  "mean_reward": 0.34375,
  "std_reward": 0.47588926553726196,
  "min_reward": 0.0,
  "max_reward": 1.0,
  "mean_advantage": 0.0,
  "std_advantage": 0.3872983455657959,
  "num_groups": 32.0
}
