{
  "type": "rollout",
  "grpo_step": 31,
  "num_questions": 32,
  "group_size": 8.0,
  "num_rollouts": 256,
  "reward": 0.12109375,
  "format_accuracy": 0.31640625,
  "answer_accuracy": 0.12109375,
  "avg_response_token_length": 743.50390625,
  "rollout_seconds": 22.172749757766724,
  "mean_reward": 0.12109375,
  "std_reward": 0.326875239610672,
  "min_reward": 0.0,
  "max_reward": 1.0,
  "mean_advantage": 0.0,
  "std_advantage": 0.28611665964126587,
  "num_groups": 32.0
}
