{
  "type": "rollout",
  "grpo_step": 192,
  "num_questions": 32,
  "group_size": 8.0,
  "num_rollouts": 256,
  "reward": 0.8828125,
  "format_accuracy": 0.99609375,
  "answer_accuracy": 0.8828125,
  "avg_response_token_length": 342.53515625,
  "rollout_seconds": 12.481117725372314,
  "mean_reward": 0.8828125,
  "std_reward": 0.3222736418247223,
  "min_reward": 0.0,
  "max_reward": 1.0,
  "mean_advantage": 0.0,
  "std_advantage": 0.3313659429550171,
  "num_groups": 32.0
}
