{
  "type": "rollout",
  "grpo_step": 20,
  "num_questions": 32,
  "group_size": 8.0,
  "num_rollouts": 256,
  "reward": 0.46875,
  "format_accuracy": 0.9765625,
  "answer_accuracy": 0.46875,
  "avg_response_token_length": 178.921875,
  "rollout_seconds": 8.79269528388977,
  "mean_reward": 0.46875,
  "std_reward": 0.5,
  "min_reward": 0.0,
  "max_reward": 1.0,
  "mean_advantage": 1.862645149230957e-09,
  "std_advantage": 0.7771221995353699,
  "num_groups": 32.0
}
