{
  "type": "rollout",
  "grpo_step": 10,
  "num_questions": 32,
  "group_size": 8.0,
  "num_rollouts": 256,
  "reward": 0.28125,
  "format_accuracy": 0.57421875,
  "answer_accuracy": 0.28125,
  "avg_response_token_length": 393.8671875,
  "rollout_seconds": 13.698142290115356,
  "mean_reward": 0.28125,
  "std_reward": 0.45048993825912476,
  "min_reward": 0.0,
  "max_reward": 1.0,
  "mean_advantage": 3.725290298461914e-09,
  "std_advantage": 0.7029335498809814,
  "num_groups": 32.0
}
