{
  "type": "rollout",
  "grpo_step": 186,
  "num_questions": 32,
  "group_size": 8.0,
  "num_rollouts": 256,
  "reward": 0.77734375,
  "format_accuracy": 0.953125,
  "answer_accuracy": 0.77734375,
  "avg_response_token_length": 477.37109375,
  "rollout_seconds": 15.212169170379639,
  "mean_reward": 0.77734375,
  "std_reward": 0.41684433817863464,
  "min_reward": 0.0,
  "max_reward": 1.0,
  "mean_advantage": 3.725290298461914e-09,
  "std_advantage": 0.4970490038394928,
  "num_groups": 32.0
}
