{
  "type": "rollout",
  "grpo_step": 90,
  "num_questions": 32,
  "group_size": 8.0,
  "num_rollouts": 256,
  "reward": 0.6171875,
  "format_accuracy": 0.91015625,
  "answer_accuracy": 0.6171875,
  "avg_response_token_length": 403.86328125,
  "rollout_seconds": 14.008725643157959,
  "mean_reward": 0.6171875,
  "std_reward": 0.48702529072761536,
  "min_reward": 0.0,
  "max_reward": 1.0,
  "mean_advantage": -3.725290298461914e-09,
  "std_advantage": 0.6416873931884766,
  "num_groups": 32.0
}
