{
  "type": "rollout",
  "grpo_step": 36,
  "num_questions": 32,
  "group_size": 8.0,
  "num_rollouts": 256,
  "reward": 0.23046875,
  "format_accuracy": 0.953125,
  "answer_accuracy": 0.23046875,
  "avg_response_token_length": 28.3125,
  "rollout_seconds": 5.488158702850342,
  "mean_reward": 0.23046875,
  "std_reward": 0.4219578206539154,
  "min_reward": 0.0,
  "max_reward": 1.0,
  "mean_advantage": 2.7939677238464355e-09,
  "std_advantage": 0.438355952501297,
  "num_groups": 32.0
}
