{
  "type": "rollout",
  "grpo_step": 195,
  "num_questions": 32,
  "group_size": 8.0,
  "num_rollouts": 256,
  "reward": 0.89453125,
  "format_accuracy": 0.99609375,
  "answer_accuracy": 0.89453125,
  "avg_response_token_length": 340.8828125,
  "rollout_seconds": 12.49001669883728,
  "mean_reward": 0.89453125,
  "std_reward": 0.3077581524848938,
  "min_reward": 0.0,
  "max_reward": 1.0,
  "mean_advantage": -5.587935447692871e-09,
  "std_advantage": 0.49704882502555847,
  "num_groups": 32.0
}
