{
  "type": "rollout",
  "grpo_step": 52,
  "num_questions": 32,
  "group_size": 8.0,
  "num_rollouts": 256,
  "reward": 0.8125,
  "format_accuracy": 0.91015625,
  "answer_accuracy": 0.8125,
  "avg_response_token_length": 512.015625,
  "rollout_seconds": 15.752089023590088,
  "mean_reward": 0.8125,
  "std_reward": 0.3910769522190094,
  "min_reward": 0.0,
  "max_reward": 1.0,
  "mean_advantage": -3.725290298461914e-09,
  "std_advantage": 0.6199289560317993,
  "num_groups": 32.0
}
