{
  "type": "rollout",
  "grpo_step": 116,
  "num_questions": 32,
  "group_size": 8.0,
  "num_rollouts": 256,
  "reward": 0.59375,
  "format_accuracy": 0.87109375,
  "answer_accuracy": 0.59375,
  "avg_response_token_length": 334.17578125,
  "rollout_seconds": 12.826153993606567,
  "mean_reward": 0.59375,
  "std_reward": 0.49209436774253845,
  "min_reward": 0.0,
  "max_reward": 1.0,
  "mean_advantage": 9.313225746154785e-10,
  "std_advantage": 0.6831284165382385,
  "num_groups": 32.0
}
