{
  "type": "rollout",
  "grpo_step": 11,
  "num_questions": 32,
  "group_size": 8.0,
  "num_rollouts": 256,
  "reward": 0.31640625,
  "format_accuracy": 0.9140625,
  "answer_accuracy": 0.31640625,
  "avg_response_token_length": 131.09765625,
  "rollout_seconds": 8.043056964874268,
  "mean_reward": 0.31640625,
  "std_reward": 0.4659844934940338,
  "min_reward": 0.0,
  "max_reward": 1.0,
  "mean_advantage": 0.0,
  "std_advantage": 0.7771219611167908,
  "num_groups": 32.0
}
