{
  "type": "rollout",
  "grpo_step": 39,
  "num_questions": 32,
  "group_size": 8.0,
  "num_rollouts": 256,
  "reward": 0.44140625,
  "format_accuracy": 0.93359375,
  "answer_accuracy": 0.44140625,
  "avg_response_token_length": 140.3359375,
  "rollout_seconds": 8.022780656814575,
  "mean_reward": 0.44140625,
  "std_reward": 0.4975275993347168,
  "min_reward": 0.0,
  "max_reward": 1.0,
  "mean_advantage": 1.862645149230957e-09,
  "std_advantage": 0.6831285357475281,
  "num_groups": 32.0
}
