{
  "type": "rollout",
  "grpo_step": 39,
  "num_questions": 32,
  "group_size": 8.0,
  "num_rollouts": 256,
  "reward": 0.75390625,
  "format_accuracy": 0.91796875,
  "answer_accuracy": 0.75390625,
  "avg_response_token_length": 318.6328125,
  "rollout_seconds": 9.253098964691162,
  "mean_reward": 0.75390625,
  "std_reward": 0.43157756328582764,
  "min_reward": 0.0,
  "max_reward": 1.0,
  "mean_advantage": 0.0,
  "std_advantage": 0.6416873335838318,
  "num_groups": 32.0
}
