{
  "type": "rollout",
  "grpo_step": 26,
  "num_questions": 32,
  "group_size": 8.0,
  "num_rollouts": 256,
  "reward": 0.55078125,
  "format_accuracy": 0.91796875,
  "answer_accuracy": 0.55078125,
  "avg_response_token_length": 281.26171875,
  "rollout_seconds": 11.222747325897217,
  "mean_reward": 0.55078125,
  "std_reward": 0.49838894605636597,
  "min_reward": 0.0,
  "max_reward": 1.0,
  "mean_advantage": -2.7939677238464355e-09,
  "std_advantage": 0.6199290156364441,
  "num_groups": 32.0
}
