{
  "type": "rollout",
  "grpo_step": 26,
  "num_questions": 32,
  "group_size": 8.0,
  "num_rollouts": 256,
  "reward": 0.04296875,
  "format_accuracy": 0.08984375,
  "answer_accuracy": 0.04296875,
  "avg_response_token_length": 810.125,
  "rollout_seconds": 24.012739658355713,
  "mean_reward": 0.04296875,
  "std_reward": 0.20318390429019928,
  "min_reward": 0.0,
  "max_reward": 1.0,
  "mean_advantage": 0.0,
  "std_advantage": 0.1865580976009369,
  "num_groups": 32.0
}
