{
  "type": "rollout",
  "grpo_step": 199,
  "num_questions": 32,
  "group_size": 8.0,
  "num_rollouts": 256,
  "reward": 0.59765625,
  "format_accuracy": 0.82421875,
  "answer_accuracy": 0.59765625,
  "avg_response_token_length": 560.96875,
  "rollout_seconds": 17.48566198348999,
  "mean_reward": 0.59765625,
  "std_reward": 0.4913311004638672,
  "min_reward": 0.0,
  "max_reward": 1.0,
  "mean_advantage": 1.862645149230957e-09,
  "std_advantage": 0.5239356756210327,
  "num_groups": 32.0
}
