{
  "type": "rollout",
  "grpo_step": 163,
  "num_questions": 32,
  "group_size": 8.0,
  "num_rollouts": 256,
  "reward": 0.69921875,
  "format_accuracy": 0.9453125,
  "answer_accuracy": 0.69921875,
  "avg_response_token_length": 262.09765625,
  "rollout_seconds": 11.09692120552063,
  "mean_reward": 0.69921875,
  "std_reward": 0.45949608087539673,
  "min_reward": 0.0,
  "max_reward": 1.0,
  "mean_advantage": 1.3969838619232178e-09,
  "std_advantage": 0.6199290156364441,
  "num_groups": 32.0
}
