{
  "type": "rollout",
  "grpo_step": 27,
  "num_questions": 32,
  "group_size": 8.0,
  "num_rollouts": 256,
  "reward": 0.29296875,
  "format_accuracy": 0.81640625,
  "answer_accuracy": 0.29296875,
  "avg_response_token_length": 190.40234375,
  "rollout_seconds": 9.464914321899414,
  "mean_reward": 0.29296875,
  "std_reward": 0.45601576566696167,
  "min_reward": 0.0,
  "max_reward": 1.0,
  "mean_advantage": 0.0,
  "std_advantage": 0.38027337193489075,
  "num_groups": 32.0
}
