{
  "type": "rollout",
  "grpo_step": 27,
  "num_questions": 32,
  "group_size": 8.0,
  "num_rollouts": 256,
  "reward": 0.6171875,
  "format_accuracy": 0.9140625,
  "answer_accuracy": 0.6171875,
  "avg_response_token_length": 326.6328125,
  "rollout_seconds": 12.318976879119873,
  "mean_reward": 0.6171875,
  "std_reward": 0.48702529072761536,
  "min_reward": 0.0,
  "max_reward": 1.0,
  "mean_advantage": -9.313225746154785e-10,
  "std_advantage": 0.7221953272819519,
  "num_groups": 32.0
}
