{
  "type": "rollout",
  "grpo_step": 70,
  "num_questions": 32,
  "group_size": 8.0,
  "num_rollouts": 256,
  "reward": 0.1953125,
  "format_accuracy": 0.77734375,
  "answer_accuracy": 0.1953125,
  "avg_response_token_length": 165.72265625,
  "rollout_seconds": 8.995720386505127,
  "mean_reward": 0.1953125,
  "std_reward": 0.39721766114234924,
  "min_reward": 0.0,
  "max_reward": 1.0,
  "mean_advantage": 1.862645149230957e-09,
  "std_advantage": 0.6831284761428833,
  "num_groups": 32.0
}
