{
  "type": "rollout",
  "grpo_step": 15,
  "num_questions": 32,
  "group_size": 8.0,
  "num_rollouts": 256,
  "reward": 0.36328125,
  "format_accuracy": 0.91796875,
  "answer_accuracy": 0.36328125,
  "avg_response_token_length": 207.15234375,
  "rollout_seconds": 10.862866401672363,
  "mean_reward": 0.36328125,
  "std_reward": 0.48188698291778564,
  "min_reward": 0.0,
  "max_reward": 1.0,
  "mean_advantage": -3.725290298461914e-09,
  "std_advantage": 0.6831283569335938,
  "num_groups": 32.0
}
