{
  "type": "rollout",
  "grpo_step": 68,
  "num_questions": 32,
  "group_size": 8.0,
  "num_rollouts": 256,
  "reward": 0.68359375,
  "format_accuracy": 0.96875,
  "answer_accuracy": 0.68359375,
  "avg_response_token_length": 364.03125,
  "rollout_seconds": 12.668483972549438,
  "mean_reward": 0.68359375,
  "std_reward": 0.4659844934940338,
  "min_reward": 0.0,
  "max_reward": 1.0,
  "mean_advantage": 0.0,
  "std_advantage": 0.29621797800064087,
  "num_groups": 32.0
}
