{
  "type": "rollout",
  "grpo_step": 69,
  "num_questions": 32,
  "group_size": 8.0,
  "num_rollouts": 256,
  "reward": 0.80078125,
  "format_accuracy": 0.8984375,
  "answer_accuracy": 0.80078125,
  "avg_response_token_length": 394.44921875,
  "rollout_seconds": 13.362269163131714,
  "mean_reward": 0.80078125,
  "std_reward": 0.40019527077674866,
  "min_reward": 0.0,
  "max_reward": 1.0,
  "mean_advantage": -3.725290298461914e-09,
  "std_advantage": 0.5739426016807556,
  "num_groups": 32.0
}
