{
  "type": "rollout",
  "grpo_step": 178,
  "num_questions": 32,
  "group_size": 8.0,
  "num_rollouts": 256,
  "reward": 0.765625,
  "format_accuracy": 0.90234375,
  "answer_accuracy": 0.765625,
  "avg_response_token_length": 537.6640625,
  "rollout_seconds": 17.092177152633667,
  "mean_reward": 0.765625,
  "std_reward": 0.42443734407424927,
  "min_reward": 0.0,
  "max_reward": 1.0,
  "mean_advantage": -2.7939677238464355e-09,
  "std_advantage": 0.5739427208900452,
  "num_groups": 32.0
}
