{
  "type": "rollout",
  "grpo_step": 45,
  "num_questions": 32,
  "group_size": 8.0,
  "num_rollouts": 256,
  "reward": 0.56640625,
  "format_accuracy": 0.87109375,
  "answer_accuracy": 0.56640625,
  "avg_response_token_length": 359.25,
  "rollout_seconds": 12.845776557922363,
  "mean_reward": 0.56640625,
  "std_reward": 0.4965413510799408,
  "min_reward": 0.0,
  "max_reward": 1.0,
  "mean_advantage": 1.862645149230957e-09,
  "std_advantage": 0.7771219611167908,
  "num_groups": 32.0
}
