{
  "type": "rollout",
  "grpo_step": 31,
  "num_questions": 32,
  "group_size": 8.0,
  "num_rollouts": 256,
  "reward": 0.56640625,
  "format_accuracy": 0.98046875,
  "answer_accuracy": 0.56640625,
  "avg_response_token_length": 224.9375,
  "rollout_seconds": 9.593489170074463,
  "mean_reward": 0.56640625,
  "std_reward": 0.4965413510799408,
  "min_reward": 0.0,
  "max_reward": 1.0,
  "mean_advantage": 3.725290298461914e-09,
  "std_advantage": 0.6831285357475281,
  "num_groups": 32.0
}
