{
  "type": "rollout",
  "grpo_step": 114,
  "num_questions": 32,
  "group_size": 8.0,
  "num_rollouts": 256,
  "reward": 0.71484375,
  "format_accuracy": 0.9296875,
  "answer_accuracy": 0.71484375,
  "avg_response_token_length": 506.34375,
  "rollout_seconds": 27.795926809310913,
  "mean_reward": 0.71484375,
  "std_reward": 0.4523732364177704,
  "min_reward": 0.0,
  "max_reward": 1.0,
  "mean_advantage": 3.259629011154175e-09,
  "std_advantage": 0.5495082139968872,
  "num_groups": 32.0
}
