{
  "type": "rollout",
  "grpo_step": 191,
  "num_questions": 32,
  "group_size": 8.0,
  "num_rollouts": 256,
  "reward": 0.75390625,
  "format_accuracy": 0.96484375,
  "answer_accuracy": 0.75390625,
  "avg_response_token_length": 362.58984375,
  "rollout_seconds": 23.922244787216187,
  "mean_reward": 0.75390625,
  "std_reward": 0.43157756328582764,
  "min_reward": 0.0,
  "max_reward": 1.0,
  "mean_advantage": 2.3283064365386963e-10,
  "std_advantage": 0.5973784923553467,
  "num_groups": 32.0
}
