{
  "type": "rollout",
  "grpo_step": 25,
  "num_questions": 32,
  "group_size": 8.0,
  "num_rollouts": 256,
  "reward": 0.2109375,
  "format_accuracy": 1.0,
  "answer_accuracy": 0.2109375,
  "avg_response_token_length": 14.26953125,
  "rollout_seconds": 1.3238351345062256,
  "mean_reward": 0.2109375,
  "std_reward": 0.408773273229599,
  "min_reward": 0.0,
  "max_reward": 1.0,
  "mean_advantage": 9.313225746154785e-10,
  "std_advantage": 0.49704888463020325,
  "num_groups": 32.0
}
