{
  "type": "rollout",
  "grpo_step": 84,
  "num_questions": 32,
  "group_size": 8.0,
  "num_rollouts": 256,
  "reward": 0.48828125,
  "format_accuracy": 0.91796875,
  "answer_accuracy": 0.48828125,
  "avg_response_token_length": 296.64453125,
  "rollout_seconds": 11.52729606628418,
  "mean_reward": 0.48828125,
  "std_reward": 0.5008417963981628,
  "min_reward": 0.0,
  "max_reward": 1.0,
  "mean_advantage": -2.7939677238464355e-09,
  "std_advantage": 0.6831284761428833,
  "num_groups": 32.0
}
