{
  "type": "rollout",
  "grpo_step": 58,
  "num_questions": 32,
  "group_size": 8.0,
  "num_rollouts": 256,
  "reward": 0.328125,
  "format_accuracy": 0.75390625,
  "answer_accuracy": 0.328125,
  "avg_response_token_length": 269.6171875,
  "rollout_seconds": 10.775813579559326,
  "mean_reward": 0.328125,
  "std_reward": 0.47045034170150757,
  "min_reward": 0.0,
  "max_reward": 1.0,
  "mean_advantage": 3.725290298461914e-09,
  "std_advantage": 0.7771221399307251,
  "num_groups": 32.0
}
