{
  "type": "rollout",
  "grpo_step": 111,
  "num_questions": 32,
  "group_size": 8.0,
  "num_rollouts": 256,
  "reward": 0.52734375,
  "format_accuracy": 0.84765625,
  "answer_accuracy": 0.52734375,
  "avg_response_token_length": 620.546875,
  "rollout_seconds": 19.705767154693604,
  "mean_reward": 0.52734375,
  "std_reward": 0.5002297163009644,
  "min_reward": 0.0,
  "max_reward": 1.0,
  "mean_advantage": 0.0,
  "std_advantage": 0.3276475965976715,
  "num_groups": 32.0
}
