{
  "type": "rollout",
  "grpo_step": 160,
  "num_questions": 32,
  "group_size": 8.0,
  "num_rollouts": 256,
  "reward": 0.50390625,
  "format_accuracy": 0.890625,
  "answer_accuracy": 0.50390625,
  "avg_response_token_length": 527.01171875,
  "rollout_seconds": 16.492870807647705,
  "mean_reward": 0.50390625,
  "std_reward": 0.5009641647338867,
  "min_reward": 0.0,
  "max_reward": 1.0,
  "mean_advantage": 2.7939677238464355e-09,
  "std_advantage": 0.5739424824714661,
  "num_groups": 32.0
}
