{
  "type": "rollout",
  "grpo_step": 24,
  "num_questions": 32,
  "group_size": 8.0,
  "num_rollouts": 256,
  "reward": 0.24609375,
  "format_accuracy": 0.91796875,
  "answer_accuracy": 0.24609375,
  "avg_response_token_length": 46.2734375,
  "rollout_seconds": 6.068458557128906,
  "mean_reward": 0.24609375,
  "std_reward": 0.43157756328582764,
  "min_reward": 0.0,
  "max_reward": 1.0,
  "mean_advantage": -9.313225746154785e-10,
  "std_advantage": 0.40583866834640503,
  "num_groups": 32.0
}
