{
  "type": "rollout",
  "grpo_step": 283,
  "num_questions": 32,
  "group_size": 8.0,
  "num_rollouts": 256,
  "reward": 0.70703125,
  "format_accuracy": 0.91015625,
  "answer_accuracy": 0.70703125,
  "avg_response_token_length": 478.16796875,
  "rollout_seconds": 16.525423526763916,
  "mean_reward": 0.70703125,
  "std_reward": 0.45601576566696167,
  "min_reward": 0.0,
  "max_reward": 1.0,
  "mean_advantage": -1.862645149230957e-09,
  "std_advantage": 0.5239354968070984,
  "num_groups": 32.0
}
