{
  "type": "rollout",
  "grpo_step": 5,
  "num_questions": 32,
  "group_size": 8.0,
  "num_rollouts": 256,
  "reward": 0.31640625,
  "format_accuracy": 0.625,
  "answer_accuracy": 0.31640625,
  "avg_response_token_length": 258.5234375,
  "rollout_seconds": 12.047187328338623,
  "mean_reward": 0.31640625,
  "std_reward": 0.4659844934940338,
  "min_reward": 0.0,
  "max_reward": 1.0,
  "mean_advantage": 0.0,
  "std_advantage": 0.38793066143989563,
  "num_groups": 32.0
}
