{
  "num_examples": 1024,
  "reward": 0.2529296875,
  "format_accuracy": 0.9794921875,
  "answer_accuracy": 0.2529296875,
  "temperature": 1.0,
  "top_p": 1.0,
  "max_tokens": 1024,
  "stop": "</answer>",
  "include_stop_str_in_output": true,
  "eval_seconds": 10.571117162704468
}
