{
  "num_examples": 1024,
  "reward": 0.236328125,
  "format_accuracy": 0.9111328125,
  "answer_accuracy": 0.236328125,
  "temperature": 1.0,
  "top_p": 1.0,
  "max_tokens": 1024,
  "stop": "</answer>",
  "include_stop_str_in_output": true,
  "eval_seconds": 11.499699354171753
}
