{
  "type": "rollout",
  "grpo_step": 41,
  "num_questions": 32,
  "group_size": 8.0,
  "num_rollouts": 256,
  "reward": 0.515625,
  "format_accuracy": 0.9609375,
  "answer_accuracy": 0.515625,
  "avg_response_token_length": 151.0625,
  "rollout_seconds": 8.60662841796875,
  "mean_reward": 0.515625,
  "std_reward": 0.5007347464561462,
  "min_reward": 0.0,
  "max_reward": 1.0,
  "mean_advantage": 1.862645149230957e-09,
  "std_advantage": 0.6416873931884766,
  "num_groups": 32.0
}
