{
  "type": "rollout",
  "grpo_step": 119,
  "num_questions": 32,
  "group_size": 8.0,
  "num_rollouts": 256,
  "reward": 0.72265625,
  "format_accuracy": 0.97265625,
  "answer_accuracy": 0.72265625,
  "avg_response_token_length": 327.08203125,
  "rollout_seconds": 12.206063508987427,
  "mean_reward": 0.72265625,
  "std_reward": 0.4485645592212677,
  "min_reward": 0.0,
  "max_reward": 1.0,
  "mean_advantage": 0.0,
  "std_advantage": 0.25340813398361206,
  "num_groups": 32.0
}
