{
  "type": "rollout",
  "grpo_step": 33,
  "num_questions": 32,
  "group_size": 8.0,
  "num_rollouts": 256,
  "reward": 0.4296875,
  "format_accuracy": 0.99609375,
  "answer_accuracy": 0.4296875,
  "avg_response_token_length": 79.83203125,
  "rollout_seconds": 6.702356338500977,
  "mean_reward": 0.4296875,
  "std_reward": 0.49600115418434143,
  "min_reward": 0.0,
  "max_reward": 1.0,
  "mean_advantage": 2.3283064365386963e-09,
  "std_advantage": 0.6416873931884766,
  "num_groups": 32.0
}
