{
  "type": "rollout",
  "grpo_step": 80,
  "num_questions": 32,
  "group_size": 8.0,
  "num_rollouts": 256,
  "reward": 0.75390625,
  "format_accuracy": 0.96875,
  "answer_accuracy": 0.75390625,
  "avg_response_token_length": 341.66015625,
  "rollout_seconds": 9.57547926902771,
  "mean_reward": 0.75390625,
  "std_reward": 0.43157756328582764,
  "min_reward": 0.0,
  "max_reward": 1.0,
  "mean_advantage": 3.725290298461914e-09,
  "std_advantage": 0.5239356160163879,
  "num_groups": 32.0
}
