{
  "type": "rollout",
  "grpo_step": 29,
  "num_questions": 32,
  "group_size": 8.0,
  "num_rollouts": 256,
  "reward": 0.4765625,
  "format_accuracy": 0.98046875,
  "answer_accuracy": 0.4765625,
  "avg_response_token_length": 246.8359375,
  "rollout_seconds": 10.158267974853516,
  "mean_reward": 0.4765625,
  "std_reward": 0.5004287362098694,
  "min_reward": 0.0,
  "max_reward": 1.0,
  "mean_advantage": -3.725290298461914e-09,
  "std_advantage": 0.7029335498809814,
  "num_groups": 32.0
}
