{
  "type": "rollout",
  "grpo_step": 75,
  "num_questions": 32,
  "group_size": 8.0,
  "num_rollouts": 256,
  "reward": 0.72265625,
  "format_accuracy": 0.96484375,
  "answer_accuracy": 0.72265625,
  "avg_response_token_length": 323.01953125,
  "rollout_seconds": 15.01043963432312,
  "mean_reward": 0.72265625,
  "std_reward": 0.4485645592212677,
  "min_reward": 0.0,
  "max_reward": 1.0,
  "mean_advantage": 4.656612873077393e-10,
  "std_advantage": 0.5495083928108215,
  "num_groups": 32.0
}
