{
  "type": "rollout",
  "grpo_step": 93,
  "num_questions": 32,
  "group_size": 8.0,
  "num_rollouts": 256,
  "reward": 0.3046875,
  "format_accuracy": 0.98828125,
  "answer_accuracy": 0.3046875,
  "avg_response_token_length": 15.33984375,
  "rollout_seconds": 1.3624651432037354,
  "mean_reward": 0.3046875,
  "std_reward": 0.4611765742301941,
  "min_reward": 0.0,
  "max_reward": 1.0,
  "mean_advantage": 0.0,
  "std_advantage": 0.46862220764160156,
  "num_groups": 32.0
}
