{
  "type": "rollout",
  "grpo_step": 165,
  "num_questions": 32,
  "group_size": 8.0,
  "num_rollouts": 256,
  "reward": 0.6015625,
  "format_accuracy": 0.77734375,
  "answer_accuracy": 0.6015625,
  "avg_response_token_length": 403.74609375,
  "rollout_seconds": 13.845924615859985,
  "mean_reward": 0.6015625,
  "std_reward": 0.4905354082584381,
  "min_reward": 0.0,
  "max_reward": 1.0,
  "mean_advantage": -4.6566128730773926e-09,
  "std_advantage": 0.5739426016807556,
  "num_groups": 32.0
}
