{
  "type": "rollout",
  "grpo_step": 165,
  "num_questions": 32,
  "group_size": 8.0,
  "num_rollouts": 256,
  "reward": 0.6953125,
  "format_accuracy": 0.91796875,
  "answer_accuracy": 0.6953125,
  "avg_response_token_length": 409.80859375,
  "rollout_seconds": 13.690136194229126,
  "mean_reward": 0.6953125,
  "std_reward": 0.4611765742301941,
  "min_reward": 0.0,
  "max_reward": 1.0,
  "mean_advantage": 4.656612873077393e-10,
  "std_advantage": 0.4970489740371704,
  "num_groups": 32.0
}
