{
  "type": "rollout",
  "grpo_step": 59,
  "num_questions": 32,
  "group_size": 8.0,
  "num_rollouts": 256,
  "reward": 0.7734375,
  "format_accuracy": 0.97265625,
  "answer_accuracy": 0.7734375,
  "avg_response_token_length": 353.1953125,
  "rollout_seconds": 9.848389625549316,
  "mean_reward": 0.7734375,
  "std_reward": 0.41942712664604187,
  "min_reward": 0.0,
  "max_reward": 1.0,
  "mean_advantage": -1.862645149230957e-09,
  "std_advantage": 0.6416874527931213,
  "num_groups": 32.0
}
