{
  "type": "rollout",
  "grpo_step": 24,
  "num_questions": 32,
  "group_size": 8.0,
  "num_rollouts": 256,
  "reward": 0.51171875,
  "format_accuracy": 0.9375,
  "answer_accuracy": 0.51171875,
  "avg_response_token_length": 205.28515625,
  "rollout_seconds": 9.668627500534058,
  "mean_reward": 0.51171875,
  "std_reward": 0.5008417963981628,
  "min_reward": 0.0,
  "max_reward": 1.0,
  "mean_advantage": -3.725290298461914e-09,
  "std_advantage": 0.7771221399307251,
  "num_groups": 32.0
}
