{
  "type": "rollout",
  "grpo_step": 24,
  "num_questions": 32,
  "group_size": 8.0,
  "num_rollouts": 256,
  "reward": 0.2109375,
  "format_accuracy": 0.92578125,
  "answer_accuracy": 0.2109375,
  "avg_response_token_length": 79.87109375,
  "rollout_seconds": 6.996367931365967,
  "mean_reward": 0.2109375,
  "std_reward": 0.408773273229599,
  "min_reward": 0.0,
  "max_reward": 1.0,
  "mean_advantage": 0.0,
  "std_advantage": 0.25819888710975647,
  "num_groups": 32.0
}
