{
  "type": "rollout",
  "grpo_step": 39,
  "num_questions": 32,
  "group_size": 8.0,
  "num_rollouts": 256,
  "reward": 0.625,
  "format_accuracy": 0.9609375,
  "answer_accuracy": 0.625,
  "avg_response_token_length": 195.90625,
  "rollout_seconds": 9.320358037948608,
  "mean_reward": 0.625,
  "std_reward": 0.48507124185562134,
  "min_reward": 0.0,
  "max_reward": 1.0,
  "mean_advantage": -4.190951585769653e-09,
  "std_advantage": 0.7029333114624023,
  "num_groups": 32.0
}
