{
  "type": "rollout",
  "grpo_step": 14,
  "num_questions": 32,
  "group_size": 8.0,
  "num_rollouts": 256,
  "reward": 0.42578125,
  "format_accuracy": 0.640625,
  "answer_accuracy": 0.42578125,
  "avg_response_token_length": 365.91796875,
  "rollout_seconds": 12.983824253082275,
  "mean_reward": 0.42578125,
  "std_reward": 0.49542948603630066,
  "min_reward": 0.0,
  "max_reward": 1.0,
  "mean_advantage": -3.725290298461914e-09,
  "std_advantage": 0.8284149169921875,
  "num_groups": 32.0
}
