{
  "type": "rollout",
  "grpo_step": 19,
  "num_questions": 32,
  "group_size": 8.0,
  "num_rollouts": 256,
  "reward": 0.10546875,
  "format_accuracy": 0.4296875,
  "answer_accuracy": 0.10546875,
  "avg_response_token_length": 296.3984375,
  "rollout_seconds": 11.501739025115967,
  "mean_reward": 0.10546875,
  "std_reward": 0.3077581524848938,
  "min_reward": 0.0,
  "max_reward": 1.0,
  "mean_advantage": 3.725290298461914e-09,
  "std_advantage": 0.6199288368225098,
  "num_groups": 32.0
}
