{
  "type": "rollout",
  "grpo_step": 205,
  "num_questions": 32,
  "group_size": 8.0,
  "num_rollouts": 256,
  "reward": 0.625,
  "format_accuracy": 0.90234375,
  "answer_accuracy": 0.625,
  "avg_response_token_length": 421.1015625,
  "rollout_seconds": 14.699696779251099,
  "mean_reward": 0.625,
  "std_reward": 0.48507124185562134,
  "min_reward": 0.0,
  "max_reward": 1.0,
  "mean_advantage": -1.862645149230957e-09,
  "std_advantage": 0.5973783731460571,
  "num_groups": 32.0
}
