{
  "type": "rollout",
  "grpo_step": 205,
  "num_questions": 32,
  "group_size": 8.0,
  "num_rollouts": 256,
  "reward": 0.6796875,
  "format_accuracy": 0.953125,
  "answer_accuracy": 0.6796875,
  "avg_response_token_length": 475.71484375,
  "rollout_seconds": 11.970879793167114,
  "mean_reward": 0.6796875,
  "std_reward": 0.4675106108188629,
  "min_reward": 0.0,
  "max_reward": 1.0,
  "mean_advantage": -2.7939677238464355e-09,
  "std_advantage": 0.5495082139968872,
  "num_groups": 32.0
}
