{
  "type": "rollout",
  "grpo_step": 165,
  "num_questions": 32,
  "group_size": 8.0,
  "num_rollouts": 256,
  "reward": 0.21875,
  "format_accuracy": 0.609375,
  "answer_accuracy": 0.21875,
  "avg_response_token_length": 388.91015625,
  "rollout_seconds": 13.759913444519043,
  "mean_reward": 0.21875,
  "std_reward": 0.41420844197273254,
  "min_reward": 0.0,
  "max_reward": 1.0,
  "mean_advantage": 0.0,
  "std_advantage": 0.33136674761772156,
  "num_groups": 32.0
}
