{
  "type": "rollout",
  "grpo_step": 250,
  "num_questions": 32,
  "group_size": 8.0,
  "num_rollouts": 256,
  "reward": 0.7890625,
  "format_accuracy": 0.91796875,
  "answer_accuracy": 0.7890625,
  "avg_response_token_length": 434.35546875,
  "rollout_seconds": 11.426389455795288,
  "mean_reward": 0.7890625,
  "std_reward": 0.408773273229599,
  "min_reward": 0.0,
  "max_reward": 1.0,
  "mean_advantage": 2.7939677238464355e-09,
  "std_advantage": 0.4383559226989746,
  "num_groups": 32.0
}
