{
  "type": "rollout",
  "grpo_step": 46,
  "num_questions": 32,
  "group_size": 8.0,
  "num_rollouts": 256,
  "reward": 0.69921875,
  "format_accuracy": 0.98828125,
  "answer_accuracy": 0.69921875,
  "avg_response_token_length": 302.05078125,
  "rollout_seconds": 11.38825249671936,
  "mean_reward": 0.69921875,
  "std_reward": 0.45949608087539673,
  "min_reward": 0.0,
  "max_reward": 1.0,
  "mean_advantage": 4.656612873077393e-10,
  "std_advantage": 0.46862226724624634,
  "num_groups": 32.0
}
