{
  "type": "rollout",
  "grpo_step": 49,
  "num_questions": 32,
  "group_size": 8.0,
  "num_rollouts": 256,
  "reward": 0.703125,
  "format_accuracy": 0.9296875,
  "answer_accuracy": 0.703125,
  "avg_response_token_length": 556.99609375,
  "rollout_seconds": 16.7069194316864,
  "mean_reward": 0.703125,
  "std_reward": 0.45777595043182373,
  "min_reward": 0.0,
  "max_reward": 1.0,
  "mean_advantage": 1.3969838619232178e-09,
  "std_advantage": 0.7592548131942749,
  "num_groups": 32.0
}
