{
  "type": "rollout",
  "grpo_step": 135,
  "num_questions": 32,
  "group_size": 8.0,
  "num_rollouts": 256,
  "reward": 0.74609375,
  "format_accuracy": 0.984375,
  "answer_accuracy": 0.74609375,
  "avg_response_token_length": 210.45703125,
  "rollout_seconds": 9.626854419708252,
  "mean_reward": 0.74609375,
  "std_reward": 0.4360972046852112,
  "min_reward": 0.0,
  "max_reward": 1.0,
  "mean_advantage": -5.587935447692871e-09,
  "std_advantage": 0.5739427804946899,
  "num_groups": 32.0
}
