{
  "type": "rollout",
  "grpo_step": 171,
  "num_questions": 32,
  "group_size": 8.0,
  "num_rollouts": 256,
  "reward": 0.36328125,
  "format_accuracy": 0.68359375,
  "answer_accuracy": 0.36328125,
  "avg_response_token_length": 336.40625,
  "rollout_seconds": 12.443769454956055,
  "mean_reward": 0.36328125,
  "std_reward": 0.48188698291778564,
  "min_reward": 0.0,
  "max_reward": 1.0,
  "mean_advantage": 0.0,
  "std_advantage": 0.3408466875553131,
  "num_groups": 32.0
}
