{
  "type": "rollout",
  "grpo_step": 109,
  "num_questions": 32,
  "group_size": 8.0,
  "num_rollouts": 256,
  "reward": 0.125,
  "format_accuracy": 0.4453125,
  "answer_accuracy": 0.125,
  "avg_response_token_length": 587.66796875,
  "rollout_seconds": 18.55145502090454,
  "mean_reward": 0.125,
  "std_reward": 0.33136674761772156,
  "min_reward": 0.0,
  "max_reward": 1.0,
  "mean_advantage": 0.0,
  "std_advantage": 0.2765331566333771,
  "num_groups": 32.0
}
