{
  "type": "rollout",
  "ei_step": 4,
  "num_questions": 512,
  "rollouts_per_question": 2,
  "num_rollouts": 1024,
  "num_accepted": 340,
  "accepted_fraction": 0.33203125,
  "question_coverage_with_accept": 0.4765625,
  "reward": 0.33203125,
  "format_accuracy": 0.89453125,
  "answer_accuracy": 0.33203125,
  "avg_token_entropy": 0.6565465927124023,
  "avg_accepted_token_entropy": 0.4922305836397059,
  "avg_response_token_length": 182.9912109375,
  "avg_accepted_response_token_length": 142.82647058823528,
  "rollout_seconds": 47.317028760910034
}
