{
  "type": "rollout",
  "grpo_step": 24,
  "num_questions": 32,
  "group_size": 8.0,
  "num_rollouts": 256,
  "reward": 0.703125,
  "format_accuracy": 0.92578125,
  "answer_accuracy": 0.703125,
  "avg_response_token_length": 286.328125,
  "rollout_seconds": 13.471168279647827,
  "mean_reward": 0.703125,
  "std_reward": 0.45777595043182373,
  "min_reward": 0.0,
  "max_reward": 1.0,
  "mean_advantage": -3.259629011154175e-09,
  "std_advantage": 0.5495083332061768,
  "num_groups": 32.0
}
