{
  "type": "rollout",
  "grpo_step": 66,
  "num_questions": 32,
  "group_size": 8.0,
  "num_rollouts": 256,
  "reward": 0.73828125,
  "format_accuracy": 0.95703125,
  "answer_accuracy": 0.73828125,
  "avg_response_token_length": 336.0390625,
  "rollout_seconds": 12.389395713806152,
  "mean_reward": 0.73828125,
  "std_reward": 0.4404313564300537,
  "min_reward": 0.0,
  "max_reward": 1.0,
  "mean_advantage": -6.51925802230835e-09,
  "std_advantage": 0.7221952676773071,
  "num_groups": 32.0
}
