{
  "type": "rollout",
  "grpo_step": 192,
  "num_questions": 32,
  "group_size": 8.0,
  "num_rollouts": 256,
  "reward": 0.24609375,
  "format_accuracy": 0.92578125,
  "answer_accuracy": 0.24609375,
  "avg_response_token_length": 58.24609375,
  "rollout_seconds": 9.40454363822937,
  "mean_reward": 0.24609375,
  "std_reward": 0.43157756328582764,
  "min_reward": 0.0,
  "max_reward": 1.0,
  "mean_advantage": 2.3283064365386963e-10,
  "std_advantage": 0.46862202882766724,
  "num_groups": 32.0
}
