{
  "type": "rollout",
  "grpo_step": 72,
  "num_questions": 32,
  "group_size": 8.0,
  "num_rollouts": 256,
  "reward": 0.28125,
  "format_accuracy": 0.85546875,
  "answer_accuracy": 0.28125,
  "avg_response_token_length": 36.3046875,
  "rollout_seconds": 5.845605134963989,
  "mean_reward": 0.28125,
  "std_reward": 0.45048993825912476,
  "min_reward": 0.0,
  "max_reward": 1.0,
  "mean_advantage": 3.725290298461914e-09,
  "std_advantage": 0.6416873931884766,
  "num_groups": 32.0
}
