{
  "type": "rollout",
  "grpo_step": 35,
  "num_questions": 32,
  "group_size": 8.0,
  "num_rollouts": 256,
  "reward": 0.7265625,
  "format_accuracy": 0.9609375,
  "answer_accuracy": 0.7265625,
  "avg_response_token_length": 303.203125,
  "rollout_seconds": 13.894184589385986,
  "mean_reward": 0.7265625,
  "std_reward": 0.44659659266471863,
  "min_reward": 0.0,
  "max_reward": 1.0,
  "mean_advantage": 9.313225746154785e-10,
  "std_advantage": 0.6416874527931213,
  "num_groups": 32.0
}
