{
  "type": "rollout",
  "ei_step": 3,
  "num_questions": 512,
  "rollouts_per_question": 2,
  "num_rollouts": 1024,
  "num_accepted": 172,
  "accepted_fraction": 0.16796875,
  "question_coverage_with_accept": 0.2734375,
  "reward": 0.16796875,
  "format_accuracy": 0.9443359375,
  "answer_accuracy": 0.16796875,
  "avg_token_entropy": 1.057088851928711,
  "avg_accepted_token_entropy": 0.9674895530523255,
  "avg_response_token_length": 50.462890625,
  "avg_accepted_response_token_length": 45.69767441860465,
  "rollout_seconds": 14.894010543823242
}
