{
  "type": "rollout",
  "grpo_step": 2,
  "num_questions": 32,
  "group_size": 8.0,
  "num_rollouts": 256,
  "reward": 0.15234375,
  "format_accuracy": 0.70703125,
  "answer_accuracy": 0.15234375,
  "avg_response_token_length": 160.48828125,
  "rollout_seconds": 8.453986167907715,
  "mean_reward": 0.15234375,
  "std_reward": 0.36005768179893494,
  "min_reward": 0.0,
  "max_reward": 1.0,
  "mean_advantage": 0.0,
  "std_advantage": 0.6416874527931213,
  "num_groups": 32.0
}
