{
  "type": "rollout",
  "grpo_step": 25,
  "num_questions": 32,
  "group_size": 8.0,
  "num_rollouts": 256,
  "reward": 0.0078125,
  "format_accuracy": 0.01171875,
  "answer_accuracy": 0.0078125,
  "avg_response_token_length": 10.796875,
  "rollout_seconds": 3.2402963638305664,
  "mean_reward": 0.0078125,
  "std_reward": 0.08821486681699753,
  "min_reward": 0.0,
  "max_reward": 1.0,
  "mean_advantage": 4.656612873077393e-10,
  "std_advantage": 0.23431099951267242,
  "num_groups": 32.0
}
