{
  "type": "rollout",
  "grpo_step": 122,
  "num_questions": 32,
  "group_size": 8.0,
  "num_rollouts": 256,
  "reward": 0.5234375,
  "format_accuracy": 0.8671875,
  "answer_accuracy": 0.5234375,
  "avg_response_token_length": 521.65234375,
  "rollout_seconds": 20.61494469642639,
  "mean_reward": 0.5234375,
  "std_reward": 0.5004287362098694,
  "min_reward": 0.0,
  "max_reward": 1.0,
  "mean_advantage": 0.0,
  "std_advantage": 0.28005602955818176,
  "num_groups": 32.0
}
