{
  "type": "rollout",
  "grpo_step": 78,
  "num_questions": 32,
  "group_size": 8.0,
  "num_rollouts": 256,
  "reward": 0.79296875,
  "format_accuracy": 0.97265625,
  "answer_accuracy": 0.79296875,
  "avg_response_token_length": 317.28515625,
  "rollout_seconds": 11.73424243927002,
  "mean_reward": 0.79296875,
  "std_reward": 0.40597182512283325,
  "min_reward": 0.0,
  "max_reward": 1.0,
  "mean_advantage": -6.51925802230835e-09,
  "std_advantage": 0.6416875123977661,
  "num_groups": 32.0
}
