{
  "type": "rollout",
  "ei_step": 2,
  "num_questions": 2048,
  "rollouts_per_question": 4,
  "num_rollouts": 8192,
  "num_accepted": 2279,
  "accepted_fraction": 0.2781982421875,
  "question_coverage_with_accept": 0.58740234375,
  "reward": 0.2781982421875,
  "format_accuracy": 0.83984375,
  "answer_accuracy": 0.2781982421875,
  "avg_token_entropy": 0.7227588072419167,
  "avg_accepted_token_entropy": 0.5188574261600483,
  "avg_response_token_length": 200.6988525390625,
  "avg_accepted_response_token_length": 139.82053532250987,
  "rollout_seconds": 302.50365376472473
}
