{
  "type": "rollout",
  "grpo_step": 152,
  "num_questions": 32,
  "group_size": 8.0,
  "num_rollouts": 256,
  "reward": 0.7265625,
  "format_accuracy": 0.94140625,
  "answer_accuracy": 0.7265625,
  "avg_response_token_length": 430.5234375,
  "rollout_seconds": 11.442598581314087,
  "mean_reward": 0.7265625,
  "std_reward": 0.44659659266471863,
  "min_reward": 0.0,
  "max_reward": 1.0,
  "mean_advantage": 3.725290298461914e-09,
  "std_advantage": 0.5739427804946899,
  "num_groups": 32.0
}
