{
  "type": "rollout",
  "grpo_step": 151,
  "num_questions": 32,
  "group_size": 8.0,
  "num_rollouts": 256,
  "reward": 0.53125,
  "format_accuracy": 0.81640625,
  "answer_accuracy": 0.53125,
  "avg_response_token_length": 347.67578125,
  "rollout_seconds": 12.55956506729126,
  "mean_reward": 0.53125,
  "std_reward": 0.5,
  "min_reward": 0.0,
  "max_reward": 1.0,
  "mean_advantage": 1.862645149230957e-09,
  "std_advantage": 0.6416873931884766,
  "num_groups": 32.0
}
