{
  "type": "rollout",
  "grpo_step": 83,
  "num_questions": 32,
  "group_size": 8.0,
  "num_rollouts": 256,
  "reward": 0.203125,
  "format_accuracy": 0.58203125,
  "answer_accuracy": 0.203125,
  "avg_response_token_length": 421.48046875,
  "rollout_seconds": 14.585723638534546,
  "mean_reward": 0.203125,
  "std_reward": 0.40311288833618164,
  "min_reward": 0.0,
  "max_reward": 1.0,
  "mean_advantage": 0.0,
  "std_advantage": 0.3083797097206116,
  "num_groups": 32.0
}
