{
  "type": "rollout",
  "grpo_step": 25,
  "num_questions": 32,
  "group_size": 8.0,
  "num_rollouts": 256,
  "reward": 0.0390625,
  "format_accuracy": 0.1015625,
  "answer_accuracy": 0.0390625,
  "avg_response_token_length": 811.80859375,
  "rollout_seconds": 27.857011318206787,
  "mean_reward": 0.0390625,
  "std_reward": 0.19412322342395782,
  "min_reward": 0.0,
  "max_reward": 1.0,
  "mean_advantage": 0.0,
  "std_advantage": 0.17712298035621643,
  "num_groups": 32.0
}
