{
  "type": "rollout",
  "grpo_step": 37,
  "num_questions": 32,
  "group_size": 8.0,
  "num_rollouts": 256,
  "reward": 0.62109375,
  "format_accuracy": 0.88671875,
  "answer_accuracy": 0.62109375,
  "avg_response_token_length": 331.13671875,
  "rollout_seconds": 14.385519742965698,
  "mean_reward": 0.62109375,
  "std_reward": 0.48606500029563904,
  "min_reward": 0.0,
  "max_reward": 1.0,
  "mean_advantage": 9.313225746154785e-10,
  "std_advantage": 0.6831284761428833,
  "num_groups": 32.0
}
