{
  "type": "rollout",
  "grpo_step": 29,
  "num_questions": 32,
  "group_size": 8.0,
  "num_rollouts": 256,
  "reward": 0.2578125,
  "format_accuracy": 0.94921875,
  "answer_accuracy": 0.2578125,
  "avg_response_token_length": 26.10546875,
  "rollout_seconds": 2.9889168739318848,
  "mean_reward": 0.2578125,
  "std_reward": 0.4382871091365814,
  "min_reward": 0.0,
  "max_reward": 1.0,
  "mean_advantage": 3.725290298461914e-09,
  "std_advantage": 0.37047842144966125,
  "num_groups": 32.0
}
