{
  "type": "rollout",
  "grpo_step": 11,
  "num_questions": 32,
  "group_size": 8.0,
  "num_rollouts": 256,
  "reward": 0.36328125,
  "format_accuracy": 0.60546875,
  "answer_accuracy": 0.36328125,
  "avg_response_token_length": 411.640625,
  "rollout_seconds": 14.932630062103271,
  "mean_reward": 0.36328125,
  "std_reward": 0.48188698291778564,
  "min_reward": 0.0,
  "max_reward": 1.0,
  "mean_advantage": 8.381903171539307e-09,
  "std_advantage": 0.7771221399307251,
  "num_groups": 32.0
}
