{
  "type": "rollout",
  "grpo_step": 89,
  "num_questions": 32,
  "group_size": 8.0,
  "num_rollouts": 256,
  "reward": 0.5234375,
  "format_accuracy": 0.69921875,
  "answer_accuracy": 0.5234375,
  "avg_response_token_length": 417.8359375,
  "rollout_seconds": 14.584765911102295,
  "mean_reward": 0.5234375,
  "std_reward": 0.5004287362098694,
  "min_reward": 0.0,
  "max_reward": 1.0,
  "mean_advantage": -3.725290298461914e-09,
  "std_advantage": 0.7221953868865967,
  "num_groups": 32.0
}
