{
  "type": "rollout",
  "grpo_step": 12,
  "num_questions": 32,
  "group_size": 8.0,
  "num_rollouts": 256,
  "reward": 0.609375,
  "format_accuracy": 0.98828125,
  "answer_accuracy": 0.609375,
  "avg_response_token_length": 181.60546875,
  "rollout_seconds": 8.940310716629028,
  "mean_reward": 0.609375,
  "std_reward": 0.48884618282318115,
  "min_reward": 0.0,
  "max_reward": 1.0,
  "mean_advantage": -4.6566128730773926e-09,
  "std_advantage": 0.6416874527931213,
  "num_groups": 32.0
}
