{
  "num_examples": 3199,
  "reward": 0.29446702094404503,
  "format_accuracy": 0.9109096592685214,
  "answer_accuracy": 0.29446702094404503,
  "temperature": 1.0,
  "top_p": 1.0,
  "max_tokens": 1024,
  "stop": "</answer>",
  "include_stop_str_in_output": true
}
