{
  "num_examples": 3199,
  "reward": 0.36167552360112537,
  "format_accuracy": 0.9749921850578306,
  "answer_accuracy": 0.36167552360112537,
  "temperature": 1.0,
  "top_p": 1.0,
  "max_tokens": 1024,
  "stop": "</answer>",
  "include_stop_str_in_output": true
}
