{
  "num_examples": 3199,
  "reward": 0.05220381369177868,
  "format_accuracy": 0.24132541419193498,
  "answer_accuracy": 0.05220381369177868,
  "temperature": 1.0,
  "top_p": 1.0,
  "max_tokens": 1024,
  "stop": "</answer>",
  "include_stop_str_in_output": true
}
