{
  "type": "rollout",
  "grpo_step": 117,
  "num_questions": 32,
  "group_size": 8.0,
  "num_rollouts": 256,
  "reward": 0.65234375,
  "format_accuracy": 0.94140625,
  "answer_accuracy": 0.65234375,
  "avg_response_token_length": 395.56640625,
  "rollout_seconds": 13.447330713272095,
  "mean_reward": 0.65234375,
  "std_reward": 0.4771590530872345,
  "min_reward": 0.0,
  "max_reward": 1.0,
  "mean_advantage": -2.7939677238464355e-09,
  "std_advantage": 0.6831282377243042,
  "num_groups": 32.0
}
