{
  "type": "rollout",
  "grpo_step": 37,
  "num_questions": 32,
  "group_size": 8.0,
  "num_rollouts": 256,
  "reward": 0.61328125,
  "format_accuracy": 0.94921875,
  "answer_accuracy": 0.61328125,
  "avg_response_token_length": 245.66015625,
  "rollout_seconds": 12.919981002807617,
  "mean_reward": 0.61328125,
  "std_reward": 0.4879522919654846,
  "min_reward": 0.0,
  "max_reward": 1.0,
  "mean_advantage": -4.6566128730773926e-09,
  "std_advantage": 0.5973784327507019,
  "num_groups": 32.0
}
