{
  "type": "rollout",
  "grpo_step": 138,
  "num_questions": 32,
  "group_size": 8.0,
  "num_rollouts": 256,
  "reward": 0.484375,
  "format_accuracy": 0.98828125,
  "answer_accuracy": 0.484375,
  "avg_response_token_length": 30.62890625,
  "rollout_seconds": 7.8906121253967285,
  "mean_reward": 0.484375,
  "std_reward": 0.5007347464561462,
  "min_reward": 0.0,
  "max_reward": 1.0,
  "mean_advantage": 1.3969838619232178e-09,
  "std_advantage": 0.2869713008403778,
  "num_groups": 32.0
}
