{
  "type": "rollout",
  "grpo_step": 53,
  "num_questions": 32,
  "group_size": 8.0,
  "num_rollouts": 256,
  "reward": 0.23046875,
  "format_accuracy": 0.68359375,
  "answer_accuracy": 0.23046875,
  "avg_response_token_length": 283.0390625,
  "rollout_seconds": 11.363947868347168,
  "mean_reward": 0.23046875,
  "std_reward": 0.4219578206539154,
  "min_reward": 0.0,
  "max_reward": 1.0,
  "mean_advantage": 0.0,
  "std_advantage": 0.33504462242126465,
  "num_groups": 32.0
}
