{
  "type": "rollout",
  "grpo_step": 54,
  "num_questions": 32,
  "group_size": 8.0,
  "num_rollouts": 256,
  "reward": 0.203125,
  "format_accuracy": 0.9765625,
  "answer_accuracy": 0.203125,
  "avg_response_token_length": 21.7578125,
  "rollout_seconds": 1.4812729358673096,
  "mean_reward": 0.203125,
  "std_reward": 0.40311288833618164,
  "min_reward": 0.0,
  "max_reward": 1.0,
  "mean_advantage": -3.259629011154175e-09,
  "std_advantage": 0.4383559823036194,
  "num_groups": 32.0
}
