{
  "type": "rollout",
  "grpo_step": 81,
  "num_questions": 32,
  "group_size": 8.0,
  "num_rollouts": 256,
  "reward": 0.6796875,
  "format_accuracy": 0.96484375,
  "answer_accuracy": 0.6796875,
  "avg_response_token_length": 238.45703125,
  "rollout_seconds": 10.345301151275635,
  "mean_reward": 0.6796875,
  "std_reward": 0.4675106108188629,
  "min_reward": 0.0,
  "max_reward": 1.0,
  "mean_advantage": 1.3969838619232178e-09,
  "std_advantage": 0.6199288964271545,
  "num_groups": 32.0
}
