{
  "type": "rollout",
  "grpo_step": 32,
  "num_questions": 32,
  "group_size": 8.0,
  "num_rollouts": 256,
  "reward": 0.43359375,
  "format_accuracy": 0.87109375,
  "answer_accuracy": 0.43359375,
  "avg_response_token_length": 300.05078125,
  "rollout_seconds": 11.735401391983032,
  "mean_reward": 0.43359375,
  "std_reward": 0.4965413510799408,
  "min_reward": 0.0,
  "max_reward": 1.0,
  "mean_advantage": 9.080395102500916e-09,
  "std_advantage": 0.6831284165382385,
  "num_groups": 32.0
}
