{
  "type": "rollout",
  "grpo_step": 141,
  "num_questions": 32,
  "group_size": 8.0,
  "num_rollouts": 256,
  "reward": 0.4765625,
  "format_accuracy": 0.625,
  "answer_accuracy": 0.4765625,
  "avg_response_token_length": 507.015625,
  "rollout_seconds": 15.938218355178833,
  "mean_reward": 0.4765625,
  "std_reward": 0.5004287362098694,
  "min_reward": 0.0,
  "max_reward": 1.0,
  "mean_advantage": -6.05359673500061e-09,
  "std_advantage": 0.6416873931884766,
  "num_groups": 32.0
}
