{
  "type": "rollout",
  "grpo_step": 141,
  "num_questions": 32,
  "group_size": 8.0,
  "num_rollouts": 256,
  "reward": 0.77734375,
  "format_accuracy": 0.89453125,
  "answer_accuracy": 0.77734375,
  "avg_response_token_length": 384.4453125,
  "rollout_seconds": 25.45379614830017,
  "mean_reward": 0.77734375,
  "std_reward": 0.41684433817863464,
  "min_reward": 0.0,
  "max_reward": 1.0,
  "mean_advantage": -1.862645149230957e-09,
  "std_advantage": 0.4686221480369568,
  "num_groups": 32.0
}
