{
  "type": "rollout",
  "grpo_step": 38,
  "num_questions": 32,
  "group_size": 8.0,
  "num_rollouts": 256,
  "reward": 0.6328125,
  "format_accuracy": 0.93359375,
  "answer_accuracy": 0.6328125,
  "avg_response_token_length": 304.02734375,
  "rollout_seconds": 12.129684209823608,
  "mean_reward": 0.6328125,
  "std_reward": 0.48298245668411255,
  "min_reward": 0.0,
  "max_reward": 1.0,
  "mean_advantage": 1.3969838619232178e-09,
  "std_advantage": 0.6416874527931213,
  "num_groups": 32.0
}
