{
  "type": "rollout",
  "grpo_step": 275,
  "num_questions": 32,
  "group_size": 8.0,
  "num_rollouts": 256,
  "reward": 0.8203125,
  "format_accuracy": 0.9609375,
  "answer_accuracy": 0.8203125,
  "avg_response_token_length": 361.48046875,
  "rollout_seconds": 13.297878742218018,
  "mean_reward": 0.8203125,
  "std_reward": 0.38467901945114136,
  "min_reward": 0.0,
  "max_reward": 1.0,
  "mean_advantage": -9.313225746154785e-10,
  "std_advantage": 0.33136600255966187,
  "num_groups": 32.0
}
