{
  "type": "rollout",
  "grpo_step": 27,
  "num_questions": 32,
  "group_size": 8.0,
  "num_rollouts": 256,
  "reward": 0.5625,
  "format_accuracy": 0.984375,
  "answer_accuracy": 0.5625,
  "avg_response_token_length": 200.83984375,
  "rollout_seconds": 8.98684287071228,
  "mean_reward": 0.5625,
  "std_reward": 0.49705013632774353,
  "min_reward": 0.0,
  "max_reward": 1.0,
  "mean_advantage": -8.381903171539307e-09,
  "std_advantage": 0.7029333710670471,
  "num_groups": 32.0
}
