{
  "type": "rollout",
  "grpo_step": 271,
  "num_questions": 32,
  "group_size": 8.0,
  "num_rollouts": 256,
  "reward": 0.7578125,
  "format_accuracy": 0.94140625,
  "answer_accuracy": 0.7578125,
  "avg_response_token_length": 482.59765625,
  "rollout_seconds": 16.064839601516724,
  "mean_reward": 0.7578125,
  "std_reward": 0.42924636602401733,
  "min_reward": 0.0,
  "max_reward": 1.0,
  "mean_advantage": 3.725290298461914e-09,
  "std_advantage": 0.5495083332061768,
  "num_groups": 32.0
}
