{
  "type": "rollout",
  "grpo_step": 271,
  "num_questions": 32,
  "group_size": 8.0,
  "num_rollouts": 256,
  "reward": 0.765625,
  "format_accuracy": 0.94140625,
  "answer_accuracy": 0.765625,
  "avg_response_token_length": 435.77734375,
  "rollout_seconds": 11.278080224990845,
  "mean_reward": 0.765625,
  "std_reward": 0.42443734407424927,
  "min_reward": 0.0,
  "max_reward": 1.0,
  "mean_advantage": -2.0954757928848267e-09,
  "std_advantage": 0.43835607171058655,
  "num_groups": 32.0
}
