{
  "type": "rollout",
  "grpo_step": 104,
  "num_questions": 32,
  "group_size": 8.0,
  "num_rollouts": 256,
  "reward": 0.8359375,
  "format_accuracy": 0.9375,
  "answer_accuracy": 0.8359375,
  "avg_response_token_length": 511.4296875,
  "rollout_seconds": 15.6125807762146,
  "mean_reward": 0.8359375,
  "std_reward": 0.3710577189922333,
  "min_reward": 0.0,
  "max_reward": 1.0,
  "mean_advantage": 1.862645149230957e-09,
  "std_advantage": 0.549508273601532,
  "num_groups": 32.0
}
