{
  "type": "rollout",
  "grpo_step": 154,
  "num_questions": 32,
  "group_size": 8.0,
  "num_rollouts": 256,
  "reward": 0.57421875,
  "format_accuracy": 0.91015625,
  "answer_accuracy": 0.57421875,
  "avg_response_token_length": 492.54296875,
  "rollout_seconds": 15.728194952011108,
  "mean_reward": 0.57421875,
  "std_reward": 0.49542948603630066,
  "min_reward": 0.0,
  "max_reward": 1.0,
  "mean_advantage": -4.656612873077393e-10,
  "std_advantage": 0.5495082139968872,
  "num_groups": 32.0
}
