{
  "type": "rollout",
  "grpo_step": 80,
  "num_questions": 32,
  "group_size": 8.0,
  "num_rollouts": 256,
  "reward": 0.7890625,
  "format_accuracy": 0.96875,
  "answer_accuracy": 0.7890625,
  "avg_response_token_length": 479.703125,
  "rollout_seconds": 15.918431758880615,
  "mean_reward": 0.7890625,
  "std_reward": 0.408773273229599,
  "min_reward": 0.0,
  "max_reward": 1.0,
  "mean_advantage": 0.0,
  "std_advantage": 0.2363944798707962,
  "num_groups": 32.0
}
