{
  "type": "rollout",
  "grpo_step": 71,
  "num_questions": 32,
  "group_size": 8.0,
  "num_rollouts": 256,
  "reward": 0.4921875,
  "format_accuracy": 0.80078125,
  "answer_accuracy": 0.4921875,
  "avg_response_token_length": 494.47265625,
  "rollout_seconds": 16.016757249832153,
  "mean_reward": 0.4921875,
  "std_reward": 0.5009182691574097,
  "min_reward": 0.0,
  "max_reward": 1.0,
  "mean_advantage": 1.862645149230957e-09,
  "std_advantage": 0.5239355564117432,
  "num_groups": 32.0
}
