{
  "type": "rollout",
  "grpo_step": 35,
  "num_questions": 32,
  "group_size": 8.0,
  "num_rollouts": 256,
  "reward": 0.140625,
  "format_accuracy": 0.5625,
  "answer_accuracy": 0.140625,
  "avg_response_token_length": 240.1328125,
  "rollout_seconds": 10.489713907241821,
  "mean_reward": 0.140625,
  "std_reward": 0.3483152687549591,
  "min_reward": 0.0,
  "max_reward": 1.0,
  "mean_advantage": 3.725290298461914e-09,
  "std_advantage": 0.662731945514679,
  "num_groups": 32.0
}
