{
  "type": "rollout",
  "grpo_step": 138,
  "num_questions": 32,
  "group_size": 8.0,
  "num_rollouts": 256,
  "reward": 0.62890625,
  "format_accuracy": 0.87890625,
  "answer_accuracy": 0.62890625,
  "avg_response_token_length": 476.47265625,
  "rollout_seconds": 15.438103199005127,
  "mean_reward": 0.62890625,
  "std_reward": 0.48404380679130554,
  "min_reward": 0.0,
  "max_reward": 1.0,
  "mean_advantage": -5.587935447692871e-09,
  "std_advantage": 0.6627318859100342,
  "num_groups": 32.0
}
