{
  "type": "rollout",
  "grpo_step": 65,
  "num_questions": 32,
  "group_size": 8.0,
  "num_rollouts": 256,
  "reward": 0.65234375,
  "format_accuracy": 0.82421875,
  "answer_accuracy": 0.65234375,
  "avg_response_token_length": 324.48828125,
  "rollout_seconds": 12.135530948638916,
  "mean_reward": 0.65234375,
  "std_reward": 0.4771590530872345,
  "min_reward": 0.0,
  "max_reward": 1.0,
  "mean_advantage": 3.725290298461914e-09,
  "std_advantage": 0.6831284761428833,
  "num_groups": 32.0
}
