{
  "type": "rollout",
  "grpo_step": 133,
  "num_questions": 32,
  "group_size": 8.0,
  "num_rollouts": 256,
  "reward": 0.3671875,
  "format_accuracy": 0.86328125,
  "answer_accuracy": 0.3671875,
  "avg_response_token_length": 19.984375,
  "rollout_seconds": 3.174253463745117,
  "mean_reward": 0.3671875,
  "std_reward": 0.48298245668411255,
  "min_reward": 0.0,
  "max_reward": 1.0,
  "mean_advantage": 2.7939677238464355e-09,
  "std_advantage": 0.5739426612854004,
  "num_groups": 32.0
}
