{
  "type": "rollout",
  "grpo_step": 133,
  "num_questions": 32,
  "group_size": 8.0,
  "num_rollouts": 256,
  "reward": 0.44921875,
  "format_accuracy": 1.0,
  "answer_accuracy": 0.44921875,
  "avg_response_token_length": 15.25390625,
  "rollout_seconds": 1.4457240104675293,
  "mean_reward": 0.44921875,
  "std_reward": 0.49838894605636597,
  "min_reward": 0.0,
  "max_reward": 1.0,
  "mean_advantage": 1.862645149230957e-09,
  "std_advantage": 0.49704891443252563,
  "num_groups": 32.0
}
