{
  "type": "rollout",
  "grpo_step": 143,
  "num_questions": 32,
  "group_size": 8.0,
  "num_rollouts": 256,
  "reward": 0.65234375,
  "format_accuracy": 0.93359375,
  "answer_accuracy": 0.65234375,
  "avg_response_token_length": 460.5625,
  "rollout_seconds": 15.226860761642456,
  "mean_reward": 0.65234375,
  "std_reward": 0.4771590530872345,
  "min_reward": 0.0,
  "max_reward": 1.0,
  "mean_advantage": 0.0,
  "std_advantage": 0.5973786115646362,
  "num_groups": 32.0
}
