{
  "type": "rollout",
  "grpo_step": 145,
  "num_questions": 32,
  "group_size": 8.0,
  "num_rollouts": 256,
  "reward": 0.5234375,
  "format_accuracy": 0.890625,
  "answer_accuracy": 0.5234375,
  "avg_response_token_length": 255.6171875,
  "rollout_seconds": 10.997737407684326,
  "mean_reward": 0.5234375,
  "std_reward": 0.5004287362098694,
  "min_reward": 0.0,
  "max_reward": 1.0,
  "mean_advantage": 4.656612873077393e-10,
  "std_advantage": 0.6627318263053894,
  "num_groups": 32.0
}
