{
  "type": "rollout",
  "grpo_step": 200,
  "num_questions": 32,
  "group_size": 8.0,
  "num_rollouts": 256,
  "reward": 0.6484375,
  "format_accuracy": 0.7421875,
  "answer_accuracy": 0.6484375,
  "avg_response_token_length": 393.625,
  "rollout_seconds": 13.756232500076294,
  "mean_reward": 0.6484375,
  "std_reward": 0.47839346528053284,
  "min_reward": 0.0,
  "max_reward": 1.0,
  "mean_advantage": 3.725290298461914e-09,
  "std_advantage": 0.6416875123977661,
  "num_groups": 32.0
}
