{
  "type": "rollout",
  "grpo_step": 133,
  "num_questions": 32,
  "group_size": 8.0,
  "num_rollouts": 256,
  "reward": 0.31640625,
  "format_accuracy": 0.86328125,
  "answer_accuracy": 0.31640625,
  "avg_response_token_length": 153.41796875,
  "rollout_seconds": 8.38443374633789,
  "mean_reward": 0.31640625,
  "std_reward": 0.4659844934940338,
  "min_reward": 0.0,
  "max_reward": 1.0,
  "mean_advantage": 4.656612873077393e-10,
  "std_advantage": 0.7945877313613892,
  "num_groups": 32.0
}
