{
  "type": "rollout",
  "grpo_step": 149,
  "num_questions": 32,
  "group_size": 8.0,
  "num_rollouts": 256,
  "reward": 0.23046875,
  "format_accuracy": 0.53125,
  "answer_accuracy": 0.23046875,
  "avg_response_token_length": 454.58984375,
  "rollout_seconds": 28.22450542449951,
  "mean_reward": 0.23046875,
  "std_reward": 0.4219578206539154,
  "min_reward": 0.0,
  "max_reward": 1.0,
  "mean_advantage": 0.0,
  "std_advantage": 0.3276475965976715,
  "num_groups": 32.0
}
