{
  "type": "rollout",
  "grpo_step": 6,
  "num_questions": 32,
  "group_size": 8.0,
  "num_rollouts": 256,
  "reward": 0.32421875,
  "format_accuracy": 0.734375,
  "answer_accuracy": 0.32421875,
  "avg_response_token_length": 248.2421875,
  "rollout_seconds": 11.089163780212402,
  "mean_reward": 0.32421875,
  "std_reward": 0.46899911761283875,
  "min_reward": 0.0,
  "max_reward": 1.0,
  "mean_advantage": 1.862645149230957e-09,
  "std_advantage": 0.8284149765968323,
  "num_groups": 32.0
}
