{
  "type": "rollout",
  "grpo_step": 147,
  "num_questions": 32,
  "group_size": 8.0,
  "num_rollouts": 256,
  "reward": 0.68359375,
  "format_accuracy": 0.9609375,
  "answer_accuracy": 0.68359375,
  "avg_response_token_length": 312.17578125,
  "rollout_seconds": 12.152422428131104,
  "mean_reward": 0.68359375,
  "std_reward": 0.4659844934940338,
  "min_reward": 0.0,
  "max_reward": 1.0,
  "mean_advantage": -1.862645149230957e-09,
  "std_advantage": 0.46862223744392395,
  "num_groups": 32.0
}
