{
  "type": "rollout",
  "grpo_step": 133,
  "num_questions": 32,
  "group_size": 8.0,
  "num_rollouts": 256,
  "reward": 0.51953125,
  "format_accuracy": 0.7265625,
  "answer_accuracy": 0.51953125,
  "avg_response_token_length": 452.6953125,
  "rollout_seconds": 15.269668340682983,
  "mean_reward": 0.51953125,
  "std_reward": 0.5005970597267151,
  "min_reward": 0.0,
  "max_reward": 1.0,
  "mean_advantage": 9.313225746154785e-10,
  "std_advantage": 0.7029334306716919,
  "num_groups": 32.0
}
