{
  "type": "rollout",
  "grpo_step": 59,
  "num_questions": 32,
  "group_size": 8.0,
  "num_rollouts": 256,
  "reward": 0.55859375,
  "format_accuracy": 1.0,
  "answer_accuracy": 0.55859375,
  "avg_response_token_length": 195.7578125,
  "rollout_seconds": 8.556972026824951,
  "mean_reward": 0.55859375,
  "std_reward": 0.4975275993347168,
  "min_reward": 0.0,
  "max_reward": 1.0,
  "mean_advantage": 0.0,
  "std_advantage": 0.2878248393535614,
  "num_groups": 32.0
}
