{
  "type": "rollout",
  "grpo_step": 55,
  "num_questions": 32,
  "group_size": 8.0,
  "num_rollouts": 256,
  "reward": 0.52734375,
  "format_accuracy": 0.9609375,
  "answer_accuracy": 0.52734375,
  "avg_response_token_length": 258.3359375,
  "rollout_seconds": 10.682352781295776,
  "mean_reward": 0.52734375,
  "std_reward": 0.5002297163009644,
  "min_reward": 0.0,
  "max_reward": 1.0,
  "mean_advantage": -5.587935447692871e-09,
  "std_advantage": 0.7029334306716919,
  "num_groups": 32.0
}
