{
  "type": "rollout",
  "grpo_step": 174,
  "num_questions": 32,
  "group_size": 8.0,
  "num_rollouts": 256,
  "reward": 0.46875,
  "format_accuracy": 0.8984375,
  "answer_accuracy": 0.46875,
  "avg_response_token_length": 272.33984375,
  "rollout_seconds": 11.871702432632446,
  "mean_reward": 0.46875,
  "std_reward": 0.5,
  "min_reward": 0.0,
  "max_reward": 1.0,
  "mean_advantage": 3.259629011154175e-09,
  "std_advantage": 0.7409568428993225,
  "num_groups": 32.0
}
