{
  "type": "rollout",
  "grpo_step": 157,
  "num_questions": 32,
  "group_size": 8.0,
  "num_rollouts": 256,
  "reward": 0.6796875,
  "format_accuracy": 0.9375,
  "answer_accuracy": 0.6796875,
  "avg_response_token_length": 424.05078125,
  "rollout_seconds": 15.00825309753418,
  "mean_reward": 0.6796875,
  "std_reward": 0.4675106108188629,
  "min_reward": 0.0,
  "max_reward": 1.0,
  "mean_advantage": -3.259629011154175e-09,
  "std_advantage": 0.7029333710670471,
  "num_groups": 32.0
}
