{
  "type": "rollout",
  "grpo_step": 25,
  "num_questions": 32,
  "group_size": 8.0,
  "num_rollouts": 256,
  "reward": 0.3125,
  "format_accuracy": 0.97265625,
  "answer_accuracy": 0.3125,
  "avg_response_token_length": 95.41015625,
  "rollout_seconds": 6.914588212966919,
  "mean_reward": 0.3125,
  "std_reward": 0.4644203782081604,
  "min_reward": 0.0,
  "max_reward": 1.0,
  "mean_advantage": 3.725290298461914e-09,
  "std_advantage": 0.7592548131942749,
  "num_groups": 32.0
}
