{
  "type": "rollout",
  "grpo_step": 155,
  "num_questions": 32,
  "group_size": 8.0,
  "num_rollouts": 256,
  "reward": 0.390625,
  "format_accuracy": 1.0,
  "answer_accuracy": 0.390625,
  "avg_response_token_length": 17.6484375,
  "rollout_seconds": 1.4656615257263184,
  "mean_reward": 0.390625,
  "std_reward": 0.48884618282318115,
  "min_reward": 0.0,
  "max_reward": 1.0,
  "mean_advantage": 1.862645149230957e-09,
  "std_advantage": 0.3704782724380493,
  "num_groups": 32.0
}
