{
  "type": "rollout",
  "grpo_step": 156,
  "num_questions": 32,
  "group_size": 8.0,
  "num_rollouts": 256,
  "reward": 0.88671875,
  "format_accuracy": 0.98046875,
  "answer_accuracy": 0.88671875,
  "avg_response_token_length": 439.375,
  "rollout_seconds": 14.20702075958252,
  "mean_reward": 0.88671875,
  "std_reward": 0.31755712628364563,
  "min_reward": 0.0,
  "max_reward": 1.0,
  "mean_advantage": -4.6566128730773926e-09,
  "std_advantage": 0.6199288368225098,
  "num_groups": 32.0
}
