{
  "num_examples": 1024,
  "reward": 0.6396484375,
  "format_accuracy": 0.982421875,
  "answer_accuracy": 0.6396484375,
  "temperature": 1.0,
  "top_p": 1.0,
  "max_tokens": 1024,
  "stop": "</answer>",
  "include_stop_str_in_output": true,
  "eval_seconds": 29.806966304779053
}
