{
  "num_examples": 1024,
  "reward": 0.6435546875,
  "format_accuracy": 0.9892578125,
  "answer_accuracy": 0.6435546875,
  "temperature": 1.0,
  "top_p": 1.0,
  "max_tokens": 1024,
  "stop": "</answer>",
  "include_stop_str_in_output": true,
  "eval_seconds": 30.616119384765625
}
