{
  "num_examples": 1024,
  "reward": 0.5341796875,
  "format_accuracy": 0.9873046875,
  "answer_accuracy": 0.5341796875,
  "temperature": 1.0,
  "top_p": 1.0,
  "max_tokens": 1024,
  "stop": "</answer>",
  "include_stop_str_in_output": true,
  "eval_seconds": 26.37603735923767
}
