{
  "type": "rollout",
  "grpo_step": 190,
  "num_questions": 32,
  "group_size": 8.0,
  "num_rollouts": 256,
  "reward": 0.73828125,
  "format_accuracy": 0.94140625,
  "answer_accuracy": 0.73828125,
  "avg_response_token_length": 519.30078125,
  "rollout_seconds": 16.79661250114441,
  "mean_reward": 0.73828125,
  "std_reward": 0.4404313564300537,
  "min_reward": 0.0,
  "max_reward": 1.0,
  "mean_advantage": 0.0,
  "std_advantage": 0.2756454050540924,
  "num_groups": 32.0
}
