{
  "type": "rollout",
  "grpo_step": 13,
  "num_questions": 32,
  "group_size": 8.0,
  "num_rollouts": 256,
  "reward": 0.41796875,
  "format_accuracy": 0.90234375,
  "answer_accuracy": 0.41796875,
  "avg_response_token_length": 165.52734375,
  "rollout_seconds": 8.635749816894531,
  "mean_reward": 0.41796875,
  "std_reward": 0.49419113993644714,
  "min_reward": 0.0,
  "max_reward": 1.0,
  "mean_advantage": -4.656612873077393e-10,
  "std_advantage": 0.7029334902763367,
  "num_groups": 32.0
}
