{
  "type": "rollout",
  "grpo_step": 37,
  "num_questions": 32,
  "group_size": 8.0,
  "num_rollouts": 256,
  "reward": 0.1484375,
  "format_accuracy": 0.6875,
  "answer_accuracy": 0.1484375,
  "avg_response_token_length": 82.93359375,
  "rollout_seconds": 7.156389951705933,
  "mean_reward": 0.1484375,
  "std_reward": 0.3562295734882355,
  "min_reward": 0.0,
  "max_reward": 1.0,
  "mean_advantage": 2.444721758365631e-09,
  "std_advantage": 0.5239356160163879,
  "num_groups": 32.0
}
