{
  "type": "rollout",
  "grpo_step": 117,
  "num_questions": 32,
  "group_size": 8.0,
  "num_rollouts": 256,
  "reward": 0.796875,
  "format_accuracy": 0.9453125,
  "answer_accuracy": 0.796875,
  "avg_response_token_length": 406.0625,
  "rollout_seconds": 13.719968557357788,
  "mean_reward": 0.796875,
  "std_reward": 0.40311288833618164,
  "min_reward": 0.0,
  "max_reward": 1.0,
  "mean_advantage": 0.0,
  "std_advantage": 0.22360679507255554,
  "num_groups": 32.0
}
