{
  "type": "rollout",
  "grpo_step": 7,
  "num_questions": 32,
  "group_size": 8.0,
  "num_rollouts": 256,
  "reward": 0.3359375,
  "format_accuracy": 0.703125,
  "answer_accuracy": 0.3359375,
  "avg_response_token_length": 245.40625,
  "rollout_seconds": 10.465628147125244,
  "mean_reward": 0.3359375,
  "std_reward": 0.4732423722743988,
  "min_reward": 0.0,
  "max_reward": 1.0,
  "mean_advantage": -3.725290298461914e-09,
  "std_advantage": 0.7592549324035645,
  "num_groups": 32.0
}
