{
  "type": "rollout",
  "grpo_step": 2,
  "num_questions": 32,
  "group_size": 8.0,
  "num_rollouts": 256,
  "reward": 0.15234375,
  "format_accuracy": 0.6328125,
  "answer_accuracy": 0.15234375,
  "avg_response_token_length": 203.1171875,
  "rollout_seconds": 10.311464309692383,
  "mean_reward": 0.15234375,
  "std_reward": 0.36005768179893494,
  "min_reward": 0.0,
  "max_reward": 1.0,
  "mean_advantage": 3.725290298461914e-09,
  "std_advantage": 0.6416873931884766,
  "num_groups": 32.0
}
