{
  "type": "rollout",
  "grpo_step": 2,
  "num_questions": 32,
  "group_size": 8.0,
  "num_rollouts": 256,
  "reward": 0.07421875,
  "format_accuracy": 0.421875,
  "answer_accuracy": 0.07421875,
  "avg_response_token_length": 351.56640625,
  "rollout_seconds": 13.57549238204956,
  "mean_reward": 0.07421875,
  "std_reward": 0.2626400291919708,
  "min_reward": 0.0,
  "max_reward": 1.0,
  "mean_advantage": 5.587935447692871e-09,
  "std_advantage": 0.5495082139968872,
  "num_groups": 32.0
}
