{
  "type": "rollout",
  "grpo_step": 187,
  "num_questions": 32,
  "group_size": 8.0,
  "num_rollouts": 256,
  "reward": 0.44140625,
  "format_accuracy": 0.9765625,
  "answer_accuracy": 0.44140625,
  "avg_response_token_length": 34.48046875,
  "rollout_seconds": 5.777799129486084,
  "mean_reward": 0.44140625,
  "std_reward": 0.4975275993347168,
  "min_reward": 0.0,
  "max_reward": 1.0,
  "mean_advantage": -2.7939677238464355e-09,
  "std_advantage": 0.549508273601532,
  "num_groups": 32.0
}
