{
  "type": "rollout",
  "grpo_step": 6,
  "num_questions": 32,
  "group_size": 8.0,
  "num_rollouts": 256,
  "reward": 0.20703125,
  "format_accuracy": 0.82421875,
  "answer_accuracy": 0.20703125,
  "avg_response_token_length": 139.91796875,
  "rollout_seconds": 8.887971878051758,
  "mean_reward": 0.20703125,
  "std_reward": 0.40597182512283325,
  "min_reward": 0.0,
  "max_reward": 1.0,
  "mean_advantage": 0.0,
  "std_advantage": 0.282669335603714,
  "num_groups": 32.0
}
