{
  "type": "rollout",
  "grpo_step": 179,
  "num_questions": 32,
  "group_size": 8.0,
  "num_rollouts": 256,
  "reward": 0.65625,
  "format_accuracy": 0.91796875,
  "answer_accuracy": 0.65625,
  "avg_response_token_length": 418.20703125,
  "rollout_seconds": 14.286184310913086,
  "mean_reward": 0.65625,
  "std_reward": 0.47588926553726196,
  "min_reward": 0.0,
  "max_reward": 1.0,
  "mean_advantage": 3.725290298461914e-09,
  "std_advantage": 0.6199290156364441,
  "num_groups": 32.0
}
