{
  "type": "rollout",
  "grpo_step": 85,
  "num_questions": 32,
  "group_size": 8.0,
  "num_rollouts": 256,
  "reward": 0.80859375,
  "format_accuracy": 0.94921875,
  "answer_accuracy": 0.80859375,
  "avg_response_token_length": 351.52734375,
  "rollout_seconds": 12.785431861877441,
  "mean_reward": 0.80859375,
  "std_reward": 0.39417868852615356,
  "min_reward": 0.0,
  "max_reward": 1.0,
  "mean_advantage": -5.587935447692871e-09,
  "std_advantage": 0.5239355564117432,
  "num_groups": 32.0
}
