{
  "type": "rollout",
  "grpo_step": 62,
  "num_questions": 32,
  "group_size": 8.0,
  "num_rollouts": 256,
  "reward": 0.3359375,
  "format_accuracy": 0.9296875,
  "answer_accuracy": 0.3359375,
  "avg_response_token_length": 34.8359375,
  "rollout_seconds": 7.020140171051025,
  "mean_reward": 0.3359375,
  "std_reward": 0.4732423722743988,
  "min_reward": 0.0,
  "max_reward": 1.0,
  "mean_advantage": -6.984919309616089e-09,
  "std_advantage": 0.5739426612854004,
  "num_groups": 32.0
}
