{
  "type": "rollout",
  "grpo_step": 76,
  "num_questions": 32,
  "group_size": 8.0,
  "num_rollouts": 256,
  "reward": 0.6640625,
  "format_accuracy": 0.96484375,
  "answer_accuracy": 0.6640625,
  "avg_response_token_length": 362.05078125,
  "rollout_seconds": 13.119652271270752,
  "mean_reward": 0.6640625,
  "std_reward": 0.4732423722743988,
  "min_reward": 0.0,
  "max_reward": 1.0,
  "mean_advantage": -1.862645149230957e-09,
  "std_advantage": 0.5495083332061768,
  "num_groups": 32.0
}
