{
  "type": "rollout",
  "grpo_step": 6,
  "num_questions": 32,
  "group_size": 8.0,
  "num_rollouts": 256,
  "reward": 0.25390625,
  "format_accuracy": 0.9453125,
  "answer_accuracy": 0.25390625,
  "avg_response_token_length": 30.19921875,
  "rollout_seconds": 5.575713634490967,
  "mean_reward": 0.25390625,
  "std_reward": 0.4360972046852112,
  "min_reward": 0.0,
  "max_reward": 1.0,
  "mean_advantage": 0.0,
  "std_advantage": 0.2756454050540924,
  "num_groups": 32.0
}
