{
  "type": "rollout",
  "grpo_step": 73,
  "num_questions": 32,
  "group_size": 8.0,
  "num_rollouts": 256,
  "reward": 0.65625,
  "format_accuracy": 0.92578125,
  "answer_accuracy": 0.65625,
  "avg_response_token_length": 278.75,
  "rollout_seconds": 11.206758975982666,
  "mean_reward": 0.65625,
  "std_reward": 0.47588926553726196,
  "min_reward": 0.0,
  "max_reward": 1.0,
  "mean_advantage": -7.450580596923828e-09,
  "std_advantage": 0.6416873335838318,
  "num_groups": 32.0
}
