{
  "type": "rollout",
  "grpo_step": 157,
  "num_questions": 32,
  "group_size": 8.0,
  "num_rollouts": 256,
  "reward": 0.26953125,
  "format_accuracy": 0.640625,
  "answer_accuracy": 0.26953125,
  "avg_response_token_length": 373.84375,
  "rollout_seconds": 13.323110342025757,
  "mean_reward": 0.26953125,
  "std_reward": 0.4445854723453522,
  "min_reward": 0.0,
  "max_reward": 1.0,
  "mean_advantage": 0.0,
  "std_advantage": 0.3549371659755707,
  "num_groups": 32.0
}
