{
  "type": "rollout",
  "grpo_step": 95,
  "num_questions": 32,
  "group_size": 8.0,
  "num_rollouts": 256,
  "reward": 0.76171875,
  "format_accuracy": 0.984375,
  "answer_accuracy": 0.76171875,
  "avg_response_token_length": 258.04296875,
  "rollout_seconds": 10.954481601715088,
  "mean_reward": 0.76171875,
  "std_reward": 0.4268665611743927,
  "min_reward": 0.0,
  "max_reward": 1.0,
  "mean_advantage": 9.313225746154785e-10,
  "std_advantage": 0.5973786115646362,
  "num_groups": 32.0
}
