{
  "type": "rollout",
  "grpo_step": 175,
  "num_questions": 32,
  "group_size": 8.0,
  "num_rollouts": 256,
  "reward": 0.53515625,
  "format_accuracy": 0.87109375,
  "answer_accuracy": 0.53515625,
  "avg_response_token_length": 281.74609375,
  "rollout_seconds": 11.453082799911499,
  "mean_reward": 0.53515625,
  "std_reward": 0.49973952770233154,
  "min_reward": 0.0,
  "max_reward": 1.0,
  "mean_advantage": 1.862645149230957e-09,
  "std_advantage": 0.7029333114624023,
  "num_groups": 32.0
}
