{
  "type": "rollout",
  "grpo_step": 197,
  "num_questions": 32,
  "group_size": 8.0,
  "num_rollouts": 256,
  "reward": 0.69140625,
  "format_accuracy": 0.83984375,
  "answer_accuracy": 0.69140625,
  "avg_response_token_length": 429.62890625,
  "rollout_seconds": 14.800987958908081,
  "mean_reward": 0.69140625,
  "std_reward": 0.46281784772872925,
  "min_reward": 0.0,
  "max_reward": 1.0,
  "mean_advantage": 0.0,
  "std_advantage": 0.2928895950317383,
  "num_groups": 32.0
}
