{
  "type": "rollout",
  "grpo_step": 38,
  "num_questions": 32,
  "group_size": 8.0,
  "num_rollouts": 256,
  "reward": 0.58203125,
  "format_accuracy": 0.953125,
  "answer_accuracy": 0.58203125,
  "avg_response_token_length": 318.6953125,
  "rollout_seconds": 12.040972471237183,
  "mean_reward": 0.58203125,
  "std_reward": 0.49419113993644714,
  "min_reward": 0.0,
  "max_reward": 1.0,
  "mean_advantage": -1.862645149230957e-09,
  "std_advantage": 0.7029333710670471,
  "num_groups": 32.0
}
