{
  "type": "rollout",
  "grpo_step": 56,
  "num_questions": 32,
  "group_size": 8.0,
  "num_rollouts": 256,
  "reward": 0.5703125,
  "format_accuracy": 0.9140625,
  "answer_accuracy": 0.5703125,
  "avg_response_token_length": 294.80859375,
  "rollout_seconds": 11.37935471534729,
  "mean_reward": 0.5703125,
  "std_reward": 0.49600115418434143,
  "min_reward": 0.0,
  "max_reward": 1.0,
  "mean_advantage": 0.0,
  "std_advantage": 0.683128297328949,
  "num_groups": 32.0
}
