{
  "type": "rollout",
  "grpo_step": 206,
  "num_questions": 32,
  "group_size": 8.0,
  "num_rollouts": 256,
  "reward": 0.7109375,
  "format_accuracy": 0.87890625,
  "answer_accuracy": 0.7109375,
  "avg_response_token_length": 469.34765625,
  "rollout_seconds": 11.785170793533325,
  "mean_reward": 0.7109375,
  "std_reward": 0.45421501994132996,
  "min_reward": 0.0,
  "max_reward": 1.0,
  "mean_advantage": -3.259629011154175e-09,
  "std_advantage": 0.6199290156364441,
  "num_groups": 32.0
}
