{
  "type": "rollout",
  "grpo_step": 117,
  "num_questions": 32,
  "group_size": 8.0,
  "num_rollouts": 256,
  "reward": 0.7109375,
  "format_accuracy": 0.9140625,
  "answer_accuracy": 0.7109375,
  "avg_response_token_length": 261.77734375,
  "rollout_seconds": 11.10736346244812,
  "mean_reward": 0.7109375,
  "std_reward": 0.45421501994132996,
  "min_reward": 0.0,
  "max_reward": 1.0,
  "mean_advantage": -5.587935447692871e-09,
  "std_advantage": 0.5495083332061768,
  "num_groups": 32.0
}
