{
  "type": "rollout",
  "grpo_step": 350,
  "num_questions": 32,
  "group_size": 8.0,
  "num_rollouts": 256,
  "reward": 0.765625,
  "format_accuracy": 0.92578125,
  "answer_accuracy": 0.765625,
  "avg_response_token_length": 446.18359375,
  "rollout_seconds": 11.449386358261108,
  "mean_reward": 0.765625,
  "std_reward": 0.42443734407424927,
  "min_reward": 0.0,
  "max_reward": 1.0,
  "mean_advantage": -4.6566128730773926e-09,
  "std_advantage": 0.5239356756210327,
  "num_groups": 32.0
}
