{
  "type": "rollout",
  "grpo_step": 34,
  "num_questions": 32,
  "group_size": 8.0,
  "num_rollouts": 256,
  "reward": 0.4609375,
  "format_accuracy": 0.96875,
  "answer_accuracy": 0.4609375,
  "avg_response_token_length": 142.6796875,
  "rollout_seconds": 8.121094703674316,
  "mean_reward": 0.4609375,
  "std_reward": 0.4994482398033142,
  "min_reward": 0.0,
  "max_reward": 1.0,
  "mean_advantage": 0.0,
  "std_advantage": 0.662731945514679,
  "num_groups": 32.0
}
