{
  "type": "rollout",
  "grpo_step": 107,
  "num_questions": 32,
  "group_size": 8.0,
  "num_rollouts": 256,
  "reward": 0.7578125,
  "format_accuracy": 0.87890625,
  "answer_accuracy": 0.7578125,
  "avg_response_token_length": 450.00390625,
  "rollout_seconds": 14.638201475143433,
  "mean_reward": 0.7578125,
  "std_reward": 0.42924636602401733,
  "min_reward": 0.0,
  "max_reward": 1.0,
  "mean_advantage": 3.725290298461914e-09,
  "std_advantage": 0.4058386981487274,
  "num_groups": 32.0
}
