{
  "type": "rollout",
  "grpo_step": 167,
  "num_questions": 32,
  "group_size": 8.0,
  "num_rollouts": 256,
  "reward": 0.76953125,
  "format_accuracy": 0.9765625,
  "answer_accuracy": 0.76953125,
  "avg_response_token_length": 391.43359375,
  "rollout_seconds": 13.449069738388062,
  "mean_reward": 0.76953125,
  "std_reward": 0.4219578206539154,
  "min_reward": 0.0,
  "max_reward": 1.0,
  "mean_advantage": -5.587935447692871e-09,
  "std_advantage": 0.6199288368225098,
  "num_groups": 32.0
}
