{
  "type": "rollout",
  "grpo_step": 23,
  "num_questions": 32,
  "group_size": 8.0,
  "num_rollouts": 256,
  "reward": 0.5859375,
  "format_accuracy": 0.9140625,
  "answer_accuracy": 0.5859375,
  "avg_response_token_length": 303.96484375,
  "rollout_seconds": 11.528948307037354,
  "mean_reward": 0.5859375,
  "std_reward": 0.4935242533683777,
  "min_reward": 0.0,
  "max_reward": 1.0,
  "mean_advantage": -1.1175870895385742e-08,
  "std_advantage": 0.7592546343803406,
  "num_groups": 32.0
}
