{
  "type": "rollout",
  "grpo_step": 53,
  "num_questions": 32,
  "group_size": 8.0,
  "num_rollouts": 256,
  "reward": 0.7578125,
  "format_accuracy": 0.90625,
  "answer_accuracy": 0.7578125,
  "avg_response_token_length": 357.76171875,
  "rollout_seconds": 12.422640562057495,
  "mean_reward": 0.7578125,
  "std_reward": 0.42924636602401733,
  "min_reward": 0.0,
  "max_reward": 1.0,
  "mean_advantage": 0.0,
  "std_advantage": 0.2747547924518585,
  "num_groups": 32.0
}
