{
  "type": "rollout",
  "grpo_step": 117,
  "num_questions": 32,
  "group_size": 8.0,
  "num_rollouts": 256,
  "reward": 0.80078125,
  "format_accuracy": 0.96875,
  "answer_accuracy": 0.80078125,
  "avg_response_token_length": 462.50390625,
  "rollout_seconds": 14.786982774734497,
  "mean_reward": 0.80078125,
  "std_reward": 0.40019527077674866,
  "min_reward": 0.0,
  "max_reward": 1.0,
  "mean_advantage": -3.259629011154175e-09,
  "std_advantage": 0.46862223744392395,
  "num_groups": 32.0
}
