{
  "type": "rollout",
  "grpo_step": 3,
  "num_questions": 32,
  "group_size": 8.0,
  "num_rollouts": 256,
  "reward": 0.19140625,
  "format_accuracy": 0.7109375,
  "answer_accuracy": 0.19140625,
  "avg_response_token_length": 163.2578125,
  "rollout_seconds": 8.502456665039062,
  "mean_reward": 0.19140625,
  "std_reward": 0.39417868852615356,
  "min_reward": 0.0,
  "max_reward": 1.0,
  "mean_advantage": -2.7939677238464355e-09,
  "std_advantage": 0.6627320051193237,
  "num_groups": 32.0
}
