{
  "type": "rollout",
  "grpo_step": 38,
  "num_questions": 32,
  "group_size": 8.0,
  "num_rollouts": 256,
  "reward": 0.34375,
  "format_accuracy": 0.90234375,
  "answer_accuracy": 0.34375,
  "avg_response_token_length": 100.3125,
  "rollout_seconds": 7.511199474334717,
  "mean_reward": 0.34375,
  "std_reward": 0.47588926553726196,
  "min_reward": 0.0,
  "max_reward": 1.0,
  "mean_advantage": 0.0,
  "std_advantage": 0.3019544184207916,
  "num_groups": 32.0
}
