{
  "type": "rollout",
  "grpo_step": 12,
  "num_questions": 32,
  "group_size": 8.0,
  "num_rollouts": 256,
  "reward": 0.58203125,
  "format_accuracy": 0.87109375,
  "answer_accuracy": 0.58203125,
  "avg_response_token_length": 282.90234375,
  "rollout_seconds": 8.434396266937256,
  "mean_reward": 0.58203125,
  "std_reward": 0.49419113993644714,
  "min_reward": 0.0,
  "max_reward": 1.0,
  "mean_advantage": 3.725290298461914e-09,
  "std_advantage": 0.7945876717567444,
  "num_groups": 32.0
}
