{
  "type": "rollout",
  "grpo_step": 12,
  "num_questions": 32,
  "group_size": 8.0,
  "num_rollouts": 256,
  "reward": 0.34765625,
  "format_accuracy": 0.91796875,
  "answer_accuracy": 0.34765625,
  "avg_response_token_length": 100.8203125,
  "rollout_seconds": 8.000866889953613,
  "mean_reward": 0.34765625,
  "std_reward": 0.4771590530872345,
  "min_reward": 0.0,
  "max_reward": 1.0,
  "mean_advantage": 0.0,
  "std_advantage": 0.7029333710670471,
  "num_groups": 32.0
}
