{
  "type": "rollout",
  "grpo_step": 113,
  "num_questions": 32,
  "group_size": 8.0,
  "num_rollouts": 256,
  "reward": 0.76953125,
  "format_accuracy": 0.984375,
  "answer_accuracy": 0.76953125,
  "avg_response_token_length": 388.41015625,
  "rollout_seconds": 13.125603437423706,
  "mean_reward": 0.76953125,
  "std_reward": 0.4219578206539154,
  "min_reward": 0.0,
  "max_reward": 1.0,
  "mean_advantage": 1.862645149230957e-09,
  "std_advantage": 0.4383559823036194,
  "num_groups": 32.0
}
