{
  "type": "rollout",
  "grpo_step": 6,
  "num_questions": 32,
  "group_size": 8.0,
  "num_rollouts": 256,
  "reward": 0.23046875,
  "format_accuracy": 0.87890625,
  "answer_accuracy": 0.23046875,
  "avg_response_token_length": 157.07421875,
  "rollout_seconds": 9.528182029724121,
  "mean_reward": 0.23046875,
  "std_reward": 0.4219578206539154,
  "min_reward": 0.0,
  "max_reward": 1.0,
  "mean_advantage": -1.862645149230957e-09,
  "std_advantage": 0.662731945514679,
  "num_groups": 32.0
}
