{
  "type": "rollout",
  "grpo_step": 10,
  "num_questions": 32,
  "group_size": 8.0,
  "num_rollouts": 256,
  "reward": 0.38671875,
  "format_accuracy": 0.9453125,
  "answer_accuracy": 0.38671875,
  "avg_response_token_length": 201.484375,
  "rollout_seconds": 9.582183837890625,
  "mean_reward": 0.38671875,
  "std_reward": 0.4879522919654846,
  "min_reward": 0.0,
  "max_reward": 1.0,
  "mean_advantage": 7.450580596923828e-09,
  "std_advantage": 0.8448207974433899,
  "num_groups": 32.0
}
