{
  "type": "rollout",
  "grpo_step": 154,
  "num_questions": 32,
  "group_size": 8.0,
  "num_rollouts": 256,
  "reward": 0.5546875,
  "format_accuracy": 0.80078125,
  "answer_accuracy": 0.5546875,
  "avg_response_token_length": 469.609375,
  "rollout_seconds": 15.499654531478882,
  "mean_reward": 0.5546875,
  "std_reward": 0.49797382950782776,
  "min_reward": 0.0,
  "max_reward": 1.0,
  "mean_advantage": 0.0,
  "std_advantage": 0.24852506816387177,
  "num_groups": 32.0
}
