{
  "type": "rollout",
  "grpo_step": 39,
  "num_questions": 32,
  "group_size": 8.0,
  "num_rollouts": 256,
  "reward": 0.46875,
  "format_accuracy": 0.7421875,
  "answer_accuracy": 0.46875,
  "avg_response_token_length": 249.12109375,
  "rollout_seconds": 10.262413501739502,
  "mean_reward": 0.46875,
  "std_reward": 0.5,
  "min_reward": 0.0,
  "max_reward": 1.0,
  "mean_advantage": -7.450580596923828e-09,
  "std_advantage": 0.8284149169921875,
  "num_groups": 32.0
}
