{
  "type": "rollout",
  "grpo_step": 16,
  "num_questions": 32,
  "group_size": 8.0,
  "num_rollouts": 256,
  "reward": 0.58203125,
  "format_accuracy": 0.921875,
  "answer_accuracy": 0.58203125,
  "avg_response_token_length": 310.54296875,
  "rollout_seconds": 11.693026065826416,
  "mean_reward": 0.58203125,
  "std_reward": 0.49419113993644714,
  "min_reward": 0.0,
  "max_reward": 1.0,
  "mean_advantage": -1.862645149230957e-09,
  "std_advantage": 0.6416873335838318,
  "num_groups": 32.0
}
