{
  "type": "rollout",
  "grpo_step": 70,
  "num_questions": 32,
  "group_size": 8.0,
  "num_rollouts": 256,
  "reward": 0.67578125,
  "format_accuracy": 0.8984375,
  "answer_accuracy": 0.67578125,
  "avg_response_token_length": 285.765625,
  "rollout_seconds": 11.06300973892212,
  "mean_reward": 0.67578125,
  "std_reward": 0.46899911761283875,
  "min_reward": 0.0,
  "max_reward": 1.0,
  "mean_advantage": 1.862645149230957e-09,
  "std_advantage": 0.6416874527931213,
  "num_groups": 32.0
}
