{
  "type": "rollout",
  "grpo_step": 19,
  "num_questions": 32,
  "group_size": 8.0,
  "num_rollouts": 256,
  "reward": 0.40234375,
  "format_accuracy": 0.95703125,
  "answer_accuracy": 0.40234375,
  "avg_response_token_length": 100.3359375,
  "rollout_seconds": 8.588611841201782,
  "mean_reward": 0.40234375,
  "std_reward": 0.4913311004638672,
  "min_reward": 0.0,
  "max_reward": 1.0,
  "mean_advantage": 7.450580596923828e-09,
  "std_advantage": 0.6627318263053894,
  "num_groups": 32.0
}
