{
  "type": "rollout",
  "grpo_step": 78,
  "num_questions": 32,
  "group_size": 8.0,
  "num_rollouts": 256,
  "reward": 0.3671875,
  "format_accuracy": 0.96875,
  "answer_accuracy": 0.3671875,
  "avg_response_token_length": 34.23828125,
  "rollout_seconds": 5.5988874435424805,
  "mean_reward": 0.3671875,
  "std_reward": 0.48298245668411255,
  "min_reward": 0.0,
  "max_reward": 1.0,
  "mean_advantage": -4.6566128730773926e-09,
  "std_advantage": 0.4383558928966522,
  "num_groups": 32.0
}
