{
  "type": "rollout",
  "grpo_step": 6,
  "num_questions": 32,
  "group_size": 8.0,
  "num_rollouts": 256,
  "reward": 0.3671875,
  "format_accuracy": 0.62890625,
  "answer_accuracy": 0.3671875,
  "avg_response_token_length": 326.89453125,
  "rollout_seconds": 11.959872961044312,
  "mean_reward": 0.3671875,
  "std_reward": 0.48298245668411255,
  "min_reward": 0.0,
  "max_reward": 1.0,
  "mean_advantage": -5.587935447692871e-09,
  "std_advantage": 0.7592547535896301,
  "num_groups": 32.0
}
