{
  "type": "rollout",
  "grpo_step": 18,
  "num_questions": 32,
  "group_size": 8.0,
  "num_rollouts": 256,
  "reward": 0.1953125,
  "format_accuracy": 1.0,
  "answer_accuracy": 0.1953125,
  "avg_response_token_length": 14.703125,
  "rollout_seconds": 1.3546454906463623,
  "mean_reward": 0.1953125,
  "std_reward": 0.39721766114234924,
  "min_reward": 0.0,
  "max_reward": 1.0,
  "mean_advantage": -3.259629011154175e-09,
  "std_advantage": 0.5495082139968872,
  "num_groups": 32.0
}
