{
  "type": "rollout",
  "grpo_step": 19,
  "num_questions": 32,
  "group_size": 8.0,
  "num_rollouts": 256,
  "reward": 0.5390625,
  "format_accuracy": 0.8984375,
  "answer_accuracy": 0.5390625,
  "avg_response_token_length": 245.0859375,
  "rollout_seconds": 22.42853832244873,
  "mean_reward": 0.5390625,
  "std_reward": 0.4994482398033142,
  "min_reward": 0.0,
  "max_reward": 1.0,
  "mean_advantage": 1.862645149230957e-09,
  "std_advantage": 0.7945877313613892,
  "num_groups": 32.0
}
