{
  "type": "rollout",
  "grpo_step": 165,
  "num_questions": 32,
  "group_size": 8.0,
  "num_rollouts": 256,
  "reward": 0.7734375,
  "format_accuracy": 0.93359375,
  "answer_accuracy": 0.7734375,
  "avg_response_token_length": 456.39453125,
  "rollout_seconds": 14.854748487472534,
  "mean_reward": 0.7734375,
  "std_reward": 0.41942712664604187,
  "min_reward": 0.0,
  "max_reward": 1.0,
  "mean_advantage": 0.0,
  "std_advantage": 0.5239357352256775,
  "num_groups": 32.0
}
