{
  "type": "rollout",
  "grpo_step": 170,
  "num_questions": 32,
  "group_size": 8.0,
  "num_rollouts": 256,
  "reward": 0.82421875,
  "format_accuracy": 0.9609375,
  "answer_accuracy": 0.82421875,
  "avg_response_token_length": 482.6171875,
  "rollout_seconds": 15.22385859489441,
  "mean_reward": 0.82421875,
  "std_reward": 0.38137954473495483,
  "min_reward": 0.0,
  "max_reward": 1.0,
  "mean_advantage": -1.862645149230957e-09,
  "std_advantage": 0.497048944234848,
  "num_groups": 32.0
}
