{
  "type": "rollout",
  "grpo_step": 378,
  "num_questions": 32,
  "group_size": 8.0,
  "num_rollouts": 256,
  "reward": 0.86328125,
  "format_accuracy": 0.97265625,
  "answer_accuracy": 0.86328125,
  "avg_response_token_length": 347.18359375,
  "rollout_seconds": 12.609870910644531,
  "mean_reward": 0.86328125,
  "std_reward": 0.34422317147254944,
  "min_reward": 0.0,
  "max_reward": 1.0,
  "mean_advantage": -2.3283064365386963e-09,
  "std_advantage": 0.5239356160163879,
  "num_groups": 32.0
}
