{
  "type": "rollout",
  "grpo_step": 102,
  "num_questions": 32,
  "group_size": 8.0,
  "num_rollouts": 256,
  "reward": 0.7421875,
  "format_accuracy": 0.984375,
  "answer_accuracy": 0.7421875,
  "avg_response_token_length": 275.3125,
  "rollout_seconds": 17.197986364364624,
  "mean_reward": 0.7421875,
  "std_reward": 0.4382871091365814,
  "min_reward": 0.0,
  "max_reward": 1.0,
  "mean_advantage": 0.0,
  "std_advantage": 0.21465887129306793,
  "num_groups": 32.0
}
