{
  "type": "rollout",
  "grpo_step": 61,
  "num_questions": 32,
  "group_size": 8.0,
  "num_rollouts": 256,
  "reward": 0.71875,
  "format_accuracy": 0.90234375,
  "answer_accuracy": 0.71875,
  "avg_response_token_length": 305.17578125,
  "rollout_seconds": 12.500256776809692,
  "mean_reward": 0.71875,
  "std_reward": 0.45048993825912476,
  "min_reward": 0.0,
  "max_reward": 1.0,
  "mean_advantage": 2.3283064365386963e-09,
  "std_advantage": 0.6199290156364441,
  "num_groups": 32.0
}
