{
  "type": "rollout",
  "grpo_step": 332,
  "num_questions": 32,
  "group_size": 8.0,
  "num_rollouts": 256,
  "reward": 0.83984375,
  "format_accuracy": 0.953125,
  "answer_accuracy": 0.83984375,
  "avg_response_token_length": 370.0625,
  "rollout_seconds": 10.141462802886963,
  "mean_reward": 0.83984375,
  "std_reward": 0.36746931076049805,
  "min_reward": 0.0,
  "max_reward": 1.0,
  "mean_advantage": -5.820766091346741e-09,
  "std_advantage": 0.49704888463020325,
  "num_groups": 32.0
}
