{
  "type": "rollout",
  "grpo_step": 61,
  "num_questions": 32,
  "group_size": 8.0,
  "num_rollouts": 256,
  "reward": 0.08203125,
  "format_accuracy": 0.109375,
  "answer_accuracy": 0.08203125,
  "avg_response_token_length": 930.96484375,
  "rollout_seconds": 26.42827844619751,
  "mean_reward": 0.08203125,
  "std_reward": 0.274949848651886,
  "min_reward": 0.0,
  "max_reward": 1.0,
  "mean_advantage": 0.0,
  "std_advantage": 0.46862223744392395,
  "num_groups": 32.0
}
