{
  "type": "rollout",
  "grpo_step": 191,
  "num_questions": 32,
  "group_size": 8.0,
  "num_rollouts": 256,
  "reward": 0.78125,
  "format_accuracy": 0.9296875,
  "answer_accuracy": 0.78125,
  "avg_response_token_length": 460.88671875,
  "rollout_seconds": 25.228996992111206,
  "mean_reward": 0.78125,
  "std_reward": 0.41420844197273254,
  "min_reward": 0.0,
  "max_reward": 1.0,
  "mean_advantage": -6.984919309616089e-09,
  "std_advantage": 0.5973784923553467,
  "num_groups": 32.0
}
