{
  "type": "rollout",
  "grpo_step": 190,
  "num_questions": 32,
  "group_size": 8.0,
  "num_rollouts": 256,
  "reward": 0.578125,
  "format_accuracy": 0.91015625,
  "answer_accuracy": 0.578125,
  "avg_response_token_length": 346.83203125,
  "rollout_seconds": 12.620437860488892,
  "mean_reward": 0.578125,
  "std_reward": 0.49482616782188416,
  "min_reward": 0.0,
  "max_reward": 1.0,
  "mean_advantage": -9.313225746154785e-10,
  "std_advantage": 0.6831285357475281,
  "num_groups": 32.0
}
