{
  "type": "rollout",
  "grpo_step": 11,
  "num_questions": 32,
  "group_size": 8.0,
  "num_rollouts": 256,
  "reward": 0.19140625,
  "format_accuracy": 1.0,
  "answer_accuracy": 0.19140625,
  "avg_response_token_length": 14.2578125,
  "rollout_seconds": 1.2837743759155273,
  "mean_reward": 0.19140625,
  "std_reward": 0.39417868852615356,
  "min_reward": 0.0,
  "max_reward": 1.0,
  "mean_advantage": -2.3283064365386963e-09,
  "std_advantage": 0.4383560121059418,
  "num_groups": 32.0
}
