{
  "type": "rollout",
  "grpo_step": 6,
  "num_questions": 32,
  "group_size": 8.0,
  "num_rollouts": 256,
  "reward": 0.44140625,
  "format_accuracy": 0.8359375,
  "answer_accuracy": 0.44140625,
  "avg_response_token_length": 288.32421875,
  "rollout_seconds": 12.205688238143921,
  "mean_reward": 0.44140625,
  "std_reward": 0.4975275993347168,
  "min_reward": 0.0,
  "max_reward": 1.0,
  "mean_advantage": -8.149072527885437e-10,
  "std_advantage": 0.7945877313613892,
  "num_groups": 32.0
}
