{
  "num_examples": 3199,
  "reward": 0.3226008127539856,
  "format_accuracy": 0.8827758674585808,
  "answer_accuracy": 0.3226008127539856,
  "temperature": 1.0,
  "top_p": 1.0,
  "max_tokens": 1024,
  "stop": "</answer>",
  "include_stop_str_in_output": true,
  "eval_seconds": 103.30736923217773
}
