{
  "num_examples": 3199,
  "reward": 0.31291028446389496,
  "format_accuracy": 0.8768365114098156,
  "answer_accuracy": 0.31291028446389496,
  "temperature": 1.0,
  "top_p": 1.0,
  "max_tokens": 1024,
  "stop": "</answer>",
  "include_stop_str_in_output": true,
  "eval_seconds": 126.08130025863647
}
