{
  "num_examples": 3199,
  "reward": 0.28602688340106286,
  "format_accuracy": 0.8502657080337606,
  "answer_accuracy": 0.28602688340106286,
  "temperature": 1.0,
  "top_p": 1.0,
  "max_tokens": 1024,
  "stop": "</answer>",
  "include_stop_str_in_output": true,
  "eval_seconds": 133.62484550476074
}
