{
  "num_examples": 3199,
  "reward": 0.3591747421069084,
  "format_accuracy": 0.9074710847139731,
  "answer_accuracy": 0.3591747421069084,
  "temperature": 1.0,
  "top_p": 1.0,
  "max_tokens": 1024,
  "stop": "</answer>",
  "include_stop_str_in_output": true,
  "eval_seconds": 139.37831592559814
}
