{
  "type": "rollout",
  "grpo_step": 132,
  "num_questions": 32,
  "group_size": 8.0,
  "num_rollouts": 256,
  "reward": 0.78125,
  "format_accuracy": 0.921875,
  "answer_accuracy": 0.78125,
  "avg_response_token_length": 470.50390625,
  "rollout_seconds": 15.382800579071045,
  "mean_reward": 0.78125,
  "std_reward": 0.41420844197273254,
  "min_reward": 0.0,
  "max_reward": 1.0,
  "mean_advantage": -7.450580596923828e-09,
  "std_advantage": 0.5495082139968872,
  "num_groups": 32.0
}
