{
  "type": "rollout",
  "grpo_step": 40,
  "num_questions": 32,
  "group_size": 8.0,
  "num_rollouts": 256,
  "reward": 0.078125,
  "format_accuracy": 0.2890625,
  "answer_accuracy": 0.078125,
  "avg_response_token_length": 166.13671875,
  "rollout_seconds": 8.292509078979492,
  "mean_reward": 0.078125,
  "std_reward": 0.26889389753341675,
  "min_reward": 0.0,
  "max_reward": 1.0,
  "mean_advantage": 0.0,
  "std_advantage": 0.19045868515968323,
  "num_groups": 32.0
}
