{
  "type": "rollout",
  "grpo_step": 7,
  "num_questions": 32,
  "group_size": 8.0,
  "num_rollouts": 256,
  "reward": 0.28515625,
  "format_accuracy": 0.82421875,
  "answer_accuracy": 0.28515625,
  "avg_response_token_length": 226.83984375,
  "rollout_seconds": 11.050925493240356,
  "mean_reward": 0.28515625,
  "std_reward": 0.4523732364177704,
  "min_reward": 0.0,
  "max_reward": 1.0,
  "mean_advantage": 0.0,
  "std_advantage": 0.3763863146305084,
  "num_groups": 32.0
}
