{
  "type": "rollout",
  "grpo_step": 173,
  "num_questions": 32,
  "group_size": 8.0,
  "num_rollouts": 256,
  "reward": 0.32421875,
  "format_accuracy": 0.84765625,
  "answer_accuracy": 0.32421875,
  "avg_response_token_length": 189.7734375,
  "rollout_seconds": 9.328752517700195,
  "mean_reward": 0.32421875,
  "std_reward": 0.46899911761283875,
  "min_reward": 0.0,
  "max_reward": 1.0,
  "mean_advantage": 3.725290298461914e-09,
  "std_advantage": 0.7771221399307251,
  "num_groups": 32.0
}
