{
  "type": "rollout",
  "grpo_step": 54,
  "num_questions": 32,
  "group_size": 8.0,
  "num_rollouts": 256,
  "reward": 0.41015625,
  "format_accuracy": 0.90625,
  "answer_accuracy": 0.41015625,
  "avg_response_token_length": 100.46875,
  "rollout_seconds": 7.272232294082642,
  "mean_reward": 0.41015625,
  "std_reward": 0.49282535910606384,
  "min_reward": 0.0,
  "max_reward": 1.0,
  "mean_advantage": -3.259629011154175e-09,
  "std_advantage": 0.641687273979187,
  "num_groups": 32.0
}
