{
  "type": "rollout",
  "grpo_step": 207,
  "num_questions": 32,
  "group_size": 8.0,
  "num_rollouts": 256,
  "reward": 0.8125,
  "format_accuracy": 0.953125,
  "answer_accuracy": 0.8125,
  "avg_response_token_length": 357.30859375,
  "rollout_seconds": 12.99690294265747,
  "mean_reward": 0.8125,
  "std_reward": 0.3910769522190094,
  "min_reward": 0.0,
  "max_reward": 1.0,
  "mean_advantage": -5.587935447692871e-09,
  "std_advantage": 0.5495082139968872,
  "num_groups": 32.0
}
