{
  "type": "rollout",
  "grpo_step": 207,
  "num_questions": 32,
  "group_size": 8.0,
  "num_rollouts": 256,
  "reward": 0.80078125,
  "format_accuracy": 0.96875,
  "answer_accuracy": 0.80078125,
  "avg_response_token_length": 397.8984375,
  "rollout_seconds": 10.711169719696045,
  "mean_reward": 0.80078125,
  "std_reward": 0.40019527077674866,
  "min_reward": 0.0,
  "max_reward": 1.0,
  "mean_advantage": -4.656612873077393e-10,
  "std_advantage": 0.438355952501297,
  "num_groups": 32.0
}
