{
  "type": "rollout",
  "grpo_step": 22,
  "num_questions": 32,
  "group_size": 8.0,
  "num_rollouts": 256,
  "reward": 0.13671875,
  "format_accuracy": 0.44921875,
  "answer_accuracy": 0.13671875,
  "avg_response_token_length": 307.16796875,
  "rollout_seconds": 11.508745431900024,
  "mean_reward": 0.13671875,
  "std_reward": 0.34422317147254944,
  "min_reward": 0.0,
  "max_reward": 1.0,
  "mean_advantage": 3.725290298461914e-09,
  "std_advantage": 0.6831284165382385,
  "num_groups": 32.0
}
