{
  "type": "rollout",
  "grpo_step": 15,
  "num_questions": 32,
  "group_size": 8.0,
  "num_rollouts": 256,
  "reward": 0.3125,
  "format_accuracy": 0.46484375,
  "answer_accuracy": 0.3125,
  "avg_response_token_length": 460.3671875,
  "rollout_seconds": 14.853215217590332,
  "mean_reward": 0.3125,
  "std_reward": 0.4644203782081604,
  "min_reward": 0.0,
  "max_reward": 1.0,
  "mean_advantage": -3.725290298461914e-09,
  "std_advantage": 0.7221954464912415,
  "num_groups": 32.0
}
