{
  "type": "rollout",
  "grpo_step": 15,
  "num_questions": 32,
  "group_size": 8.0,
  "num_rollouts": 256,
  "reward": 0.03515625,
  "format_accuracy": 0.34375,
  "answer_accuracy": 0.03515625,
  "avg_response_token_length": 338.37109375,
  "rollout_seconds": 11.820753574371338,
  "mean_reward": 0.03515625,
  "std_reward": 0.18453538417816162,
  "min_reward": 0.0,
  "max_reward": 1.0,
  "mean_advantage": 1.862645149230957e-09,
  "std_advantage": 0.46862202882766724,
  "num_groups": 32.0
}
