{
  "type": "rollout",
  "grpo_step": 15,
  "num_questions": 32,
  "group_size": 8.0,
  "num_rollouts": 256,
  "reward": 0.19140625,
  "format_accuracy": 0.8515625,
  "answer_accuracy": 0.19140625,
  "avg_response_token_length": 87.234375,
  "rollout_seconds": 6.95363187789917,
  "mean_reward": 0.19140625,
  "std_reward": 0.39417868852615356,
  "min_reward": 0.0,
  "max_reward": 1.0,
  "mean_advantage": 4.656612873077393e-10,
  "std_advantage": 0.5239356160163879,
  "num_groups": 32.0
}
