{
  "type": "rollout",
  "grpo_step": 76,
  "num_questions": 32,
  "group_size": 8.0,
  "num_rollouts": 256,
  "reward": 0.62109375,
  "format_accuracy": 0.94140625,
  "answer_accuracy": 0.62109375,
  "avg_response_token_length": 391.62890625,
  "rollout_seconds": 13.927522897720337,
  "mean_reward": 0.62109375,
  "std_reward": 0.48606500029563904,
  "min_reward": 0.0,
  "max_reward": 1.0,
  "mean_advantage": -1.862645149230957e-09,
  "std_advantage": 0.5973785519599915,
  "num_groups": 32.0
}
