{
  "type": "rollout",
  "ei_step": 4,
  "num_questions": 512,
  "rollouts_per_question": 2,
  "num_rollouts": 1024,
  "num_accepted": 336,
  "accepted_fraction": 0.328125,
  "question_coverage_with_accept": 0.494140625,
  "reward": 0.328125,
  "format_accuracy": 0.81640625,
  "answer_accuracy": 0.328125,
  "avg_token_entropy": 0.8712782859802246,
  "avg_accepted_token_entropy": 0.5233154296875,
  "avg_response_token_length": 296.529296875,
  "avg_accepted_response_token_length": 187.30654761904762,
  "rollout_seconds": 47.92000222206116
}
