{
  "type": "rollout",
  "grpo_step": 187,
  "num_questions": 32,
  "group_size": 8.0,
  "num_rollouts": 256,
  "reward": 0.8125,
  "format_accuracy": 0.94921875,
  "answer_accuracy": 0.8125,
  "avg_response_token_length": 458.45703125,
  "rollout_seconds": 15.040699481964111,
  "mean_reward": 0.8125,
  "std_reward": 0.3910769522190094,
  "min_reward": 0.0,
  "max_reward": 1.0,
  "mean_advantage": -1.3969838619232178e-09,
  "std_advantage": 0.49704888463020325,
  "num_groups": 32.0
}
