{
  "type": "rollout",
  "grpo_step": 137,
  "num_questions": 32,
  "group_size": 8.0,
  "num_rollouts": 256,
  "reward": 0.72265625,
  "format_accuracy": 0.9375,
  "answer_accuracy": 0.72265625,
  "avg_response_token_length": 361.3671875,
  "rollout_seconds": 12.621599197387695,
  "mean_reward": 0.72265625,
  "std_reward": 0.4485645592212677,
  "min_reward": 0.0,
  "max_reward": 1.0,
  "mean_advantage": 0.0,
  "std_advantage": 0.24152295291423798,
  "num_groups": 32.0
}
