{
  "type": "rollout",
  "grpo_step": 51,
  "num_questions": 32,
  "group_size": 8.0,
  "num_rollouts": 256,
  "reward": 0.20703125,
  "format_accuracy": 0.96875,
  "answer_accuracy": 0.20703125,
  "avg_response_token_length": 38.34375,
  "rollout_seconds": 5.7073655128479,
  "mean_reward": 0.20703125,
  "std_reward": 0.40597182512283325,
  "min_reward": 0.0,
  "max_reward": 1.0,
  "mean_advantage": -4.540197551250458e-09,
  "std_advantage": 0.438355952501297,
  "num_groups": 32.0
}
