{
  "num_examples": 3199,
  "reward": 0.328852766489528,
  "format_accuracy": 0.9571741169115349,
  "answer_accuracy": 0.328852766489528,
  "temperature": 1.0,
  "top_p": 1.0,
  "max_tokens": 1024,
  "stop": "</answer>",
  "include_stop_str_in_output": true
}
