{
  "num_examples": 3199,
  "reward": 0.32697718036886525,
  "format_accuracy": 0.9537355423569865,
  "answer_accuracy": 0.32697718036886525,
  "temperature": 1.0,
  "top_p": 1.0,
  "max_tokens": 1024,
  "stop": "</answer>",
  "include_stop_str_in_output": true
}
