{
  "num_examples": 3199,
  "reward": 0.35698655829946857,
  "format_accuracy": 0.9778055642388246,
  "answer_accuracy": 0.35698655829946857,
  "temperature": 1.0,
  "top_p": 1.0,
  "max_tokens": 1024,
  "stop": "</answer>",
  "include_stop_str_in_output": true
}
