{
  "num_examples": 3199,
  "reward": 0.3354173179118475,
  "format_accuracy": 0.9706158174429509,
  "answer_accuracy": 0.3354173179118475,
  "temperature": 1.0,
  "top_p": 1.0,
  "max_tokens": 1024,
  "stop": "</answer>",
  "include_stop_str_in_output": true
}
