{
  "num_examples": 3199,
  "reward": 0.3785557986870897,
  "format_accuracy": 0.9721788058768365,
  "answer_accuracy": 0.3785557986870897,
  "temperature": 1.0,
  "top_p": 1.0,
  "max_tokens": 1024,
  "stop": "</answer>",
  "include_stop_str_in_output": true
}
