{
  "num_examples": 3199,
  "reward": 0.2525789309159112,
  "format_accuracy": 0.8771491090965927,
  "answer_accuracy": 0.2525789309159112,
  "temperature": 1.0,
  "top_p": 1.0,
  "max_tokens": 1024,
  "stop": "</answer>",
  "include_stop_str_in_output": true
}
