{
  "type": "rollout",
  "grpo_step": 194,
  "num_questions": 32,
  "group_size": 8.0,
  "num_rollouts": 256,
  "reward": 0.62109375,
  "format_accuracy": 0.91796875,
  "answer_accuracy": 0.62109375,
  "avg_response_token_length": 321.40234375,
  "rollout_seconds": 12.222240209579468,
  "mean_reward": 0.62109375,
  "std_reward": 0.48606500029563904,
  "min_reward": 0.0,
  "max_reward": 1.0,
  "mean_advantage": 0.0,
  "std_advantage": 0.2647603452205658,
  "num_groups": 32.0
}
