{
  "type": "rollout",
  "grpo_step": 88,
  "num_questions": 32,
  "group_size": 8.0,
  "num_rollouts": 256,
  "reward": 0.66015625,
  "format_accuracy": 0.9453125,
  "answer_accuracy": 0.66015625,
  "avg_response_token_length": 285.05859375,
  "rollout_seconds": 11.405558586120605,
  "mean_reward": 0.66015625,
  "std_reward": 0.47458380460739136,
  "min_reward": 0.0,
  "max_reward": 1.0,
  "mean_advantage": 0.0,
  "std_advantage": 0.6627318859100342,
  "num_groups": 32.0
}
