{
  "type": "rollout",
  "ei_step": 3,
  "num_questions": 1024,
  "rollouts_per_question": 4,
  "num_rollouts": 4096,
  "num_accepted": 993,
  "accepted_fraction": 0.242431640625,
  "question_coverage_with_accept": 0.5322265625,
  "reward": 0.242431640625,
  "format_accuracy": 0.76708984375,
  "answer_accuracy": 0.242431640625,
  "avg_token_entropy": 0.8169142007827759,
  "avg_accepted_token_entropy": 0.6312006309793555,
  "avg_response_token_length": 204.0654296875,
  "avg_accepted_response_token_length": 119.90332326283988,
  "rollout_seconds": 140.23836135864258
}
