{
  "type": "rollout",
  "grpo_step": 21,
  "num_questions": 32,
  "group_size": 8.0,
  "num_rollouts": 256,
  "reward": 0.65234375,
  "format_accuracy": 0.8828125,
  "answer_accuracy": 0.65234375,
  "avg_response_token_length": 561.6875,
  "rollout_seconds": 17.07897114753723,
  "mean_reward": 0.65234375,
  "std_reward": 0.4771590530872345,
  "min_reward": 0.0,
  "max_reward": 1.0,
  "mean_advantage": -5.587935447692871e-09,
  "std_advantage": 0.7592547535896301,
  "num_groups": 32.0
}
