{
  "type": "rollout",
  "grpo_step": 121,
  "num_questions": 32,
  "group_size": 8.0,
  "num_rollouts": 256,
  "reward": 0.40625,
  "format_accuracy": 1.0,
  "answer_accuracy": 0.40625,
  "avg_response_token_length": 15.875,
  "rollout_seconds": 1.3734016418457031,
  "mean_reward": 0.40625,
  "std_reward": 0.49209436774253845,
  "min_reward": 0.0,
  "max_reward": 1.0,
  "mean_advantage": -1.3969838619232178e-09,
  "std_advantage": 0.28697139024734497,
  "num_groups": 32.0
}
