{
  "type": "rollout",
  "grpo_step": 121,
  "num_questions": 32,
  "group_size": 8.0,
  "num_rollouts": 256,
  "reward": 0.65625,
  "format_accuracy": 0.890625,
  "answer_accuracy": 0.65625,
  "avg_response_token_length": 335.93359375,
  "rollout_seconds": 12.325584173202515,
  "mean_reward": 0.65625,
  "std_reward": 0.47588926553726196,
  "min_reward": 0.0,
  "max_reward": 1.0,
  "mean_advantage": 0.0,
  "std_advantage": 0.2783001661300659,
  "num_groups": 32.0
}
