{
  "type": "rollout",
  "grpo_step": 26,
  "num_questions": 32,
  "group_size": 8.0,
  "num_rollouts": 256,
  "reward": 0.6640625,
  "format_accuracy": 0.94921875,
  "answer_accuracy": 0.6640625,
  "avg_response_token_length": 272.6015625,
  "rollout_seconds": 10.978412389755249,
  "mean_reward": 0.6640625,
  "std_reward": 0.4732423722743988,
  "min_reward": 0.0,
  "max_reward": 1.0,
  "mean_advantage": -2.7939677238464355e-09,
  "std_advantage": 0.6199289560317993,
  "num_groups": 32.0
}
