{
  "type": "rollout",
  "grpo_step": 24,
  "num_questions": 32,
  "group_size": 8.0,
  "num_rollouts": 256,
  "reward": 0.5546875,
  "format_accuracy": 0.96875,
  "answer_accuracy": 0.5546875,
  "avg_response_token_length": 183.76953125,
  "rollout_seconds": 10.166748285293579,
  "mean_reward": 0.5546875,
  "std_reward": 0.49797382950782776,
  "min_reward": 0.0,
  "max_reward": 1.0,
  "mean_advantage": 2.7939677238464355e-09,
  "std_advantage": 0.7221954464912415,
  "num_groups": 32.0
}
