{
  "type": "rollout",
  "grpo_step": 24,
  "num_questions": 32,
  "group_size": 8.0,
  "num_rollouts": 256,
  "reward": 0.6875,
  "format_accuracy": 0.953125,
  "answer_accuracy": 0.6875,
  "avg_response_token_length": 220.11328125,
  "rollout_seconds": 9.617687225341797,
  "mean_reward": 0.6875,
  "std_reward": 0.4644203782081604,
  "min_reward": 0.0,
  "max_reward": 1.0,
  "mean_advantage": -3.259629011154175e-09,
  "std_advantage": 0.6627318263053894,
  "num_groups": 32.0
}
