{
  "type": "rollout",
  "grpo_step": 112,
  "num_questions": 32,
  "group_size": 8.0,
  "num_rollouts": 256,
  "reward": 0.6796875,
  "format_accuracy": 0.9609375,
  "answer_accuracy": 0.6796875,
  "avg_response_token_length": 364.453125,
  "rollout_seconds": 12.864768743515015,
  "mean_reward": 0.6796875,
  "std_reward": 0.4675106108188629,
  "min_reward": 0.0,
  "max_reward": 1.0,
  "mean_advantage": 0.0,
  "std_advantage": 0.27116307616233826,
  "num_groups": 32.0
}
