{
  "type": "rollout",
  "grpo_step": 112,
  "num_questions": 32,
  "group_size": 8.0,
  "num_rollouts": 256,
  "reward": 0.703125,
  "format_accuracy": 0.91796875,
  "answer_accuracy": 0.703125,
  "avg_response_token_length": 391.67578125,
  "rollout_seconds": 13.68663740158081,
  "mean_reward": 0.703125,
  "std_reward": 0.45777595043182373,
  "min_reward": 0.0,
  "max_reward": 1.0,
  "mean_advantage": 0.0,
  "std_advantage": 0.4686222970485687,
  "num_groups": 32.0
}
