{
  "type": "rollout",
  "grpo_step": 107,
  "num_questions": 32,
  "group_size": 8.0,
  "num_rollouts": 256,
  "reward": 0.78515625,
  "format_accuracy": 0.9375,
  "answer_accuracy": 0.78515625,
  "avg_response_token_length": 480.34375,
  "rollout_seconds": 15.431219100952148,
  "mean_reward": 0.78515625,
  "std_reward": 0.4115184545516968,
  "min_reward": 0.0,
  "max_reward": 1.0,
  "mean_advantage": 0.0,
  "std_advantage": 0.22250798344612122,
  "num_groups": 32.0
}
