{
  "type": "rollout",
  "grpo_step": 4,
  "num_questions": 32,
  "group_size": 8.0,
  "num_rollouts": 256,
  "reward": 0.11328125,
  "format_accuracy": 0.734375,
  "answer_accuracy": 0.11328125,
  "avg_response_token_length": 186.31640625,
  "rollout_seconds": 9.83431363105774,
  "mean_reward": 0.11328125,
  "std_reward": 0.31755712628364563,
  "min_reward": 0.0,
  "max_reward": 1.0,
  "mean_advantage": 9.313225746154785e-09,
  "std_advantage": 0.5973784923553467,
  "num_groups": 32.0
}
