{
  "type": "rollout",
  "grpo_step": 181,
  "num_questions": 32,
  "group_size": 8.0,
  "num_rollouts": 256,
  "reward": 0.62109375,
  "format_accuracy": 0.8515625,
  "answer_accuracy": 0.62109375,
  "avg_response_token_length": 392.72265625,
  "rollout_seconds": 13.383248090744019,
  "mean_reward": 0.62109375,
  "std_reward": 0.48606500029563904,
  "min_reward": 0.0,
  "max_reward": 1.0,
  "mean_advantage": -5.122274160385132e-09,
  "std_advantage": 0.5973784923553467,
  "num_groups": 32.0
}
