{
  "type": "rollout",
  "grpo_step": 17,
  "num_questions": 32,
  "group_size": 8.0,
  "num_rollouts": 256,
  "reward": 0.33984375,
  "format_accuracy": 0.83203125,
  "answer_accuracy": 0.33984375,
  "avg_response_token_length": 281.96484375,
  "rollout_seconds": 25.39787197113037,
  "mean_reward": 0.33984375,
  "std_reward": 0.47458380460739136,
  "min_reward": 0.0,
  "max_reward": 1.0,
  "mean_advantage": 2.7939677238464355e-09,
  "std_advantage": 0.740956723690033,
  "num_groups": 32.0
}
