{
  "type": "rollout",
  "grpo_step": 15,
  "num_questions": 32,
  "group_size": 8.0,
  "num_rollouts": 256,
  "reward": 0.54296875,
  "format_accuracy": 0.8984375,
  "answer_accuracy": 0.54296875,
  "avg_response_token_length": 284.59375,
  "rollout_seconds": 10.958336591720581,
  "mean_reward": 0.54296875,
  "std_reward": 0.4991260766983032,
  "min_reward": 0.0,
  "max_reward": 1.0,
  "mean_advantage": -2.7939677238464355e-09,
  "std_advantage": 0.7029333114624023,
  "num_groups": 32.0
}
