{
  "num_examples": 1024,
  "reward": 0.2216796875,
  "format_accuracy": 0.8955078125,
  "answer_accuracy": 0.2216796875,
  "temperature": 1.0,
  "top_p": 1.0,
  "max_tokens": 1024,
  "stop": "</answer>",
  "include_stop_str_in_output": true,
  "eval_seconds": 12.189562559127808
}
