{
  "num_examples": 1024,
  "reward": 0.1279296875,
  "format_accuracy": 0.6728515625,
  "answer_accuracy": 0.1279296875,
  "temperature": 1.0,
  "top_p": 1.0,
  "max_tokens": 1024,
  "stop": "</answer>",
  "include_stop_str_in_output": true,
  "eval_seconds": 35.47194838523865
}
