{
  "num_examples": 1024,
  "reward": 0.1826171875,
  "format_accuracy": 0.8447265625,
  "answer_accuracy": 0.1826171875,
  "temperature": 1.0,
  "top_p": 1.0,
  "max_tokens": 1024,
  "stop": "</answer>",
  "include_stop_str_in_output": true,
  "eval_seconds": 14.650348424911499
}
