{
  "type": "rollout",
  "grpo_step": 162,
  "num_questions": 32,
  "group_size": 8.0,
  "num_rollouts": 256,
  "reward": 0.8359375,
  "format_accuracy": 0.96875,
  "answer_accuracy": 0.8359375,
  "avg_response_token_length": 461.34765625,
  "rollout_seconds": 14.623244047164917,
  "mean_reward": 0.8359375,
  "std_reward": 0.3710577189922333,
  "min_reward": 0.0,
  "max_reward": 1.0,
  "mean_advantage": -5.587935447692871e-09,
  "std_advantage": 0.5973783731460571,
  "num_groups": 32.0
}
