{
  "num_examples": 3199,
  "reward": 0.2591434823382307,
  "format_accuracy": 0.87527352297593,
  "answer_accuracy": 0.2591434823382307,
  "temperature": 1.0,
  "top_p": 1.0,
  "max_tokens": 1024,
  "stop": "</answer>",
  "include_stop_str_in_output": true,
  "eval_seconds": 193.56491613388062
}
