{
  "num_examples": 3199,
  "reward": 0.2081900593935605,
  "format_accuracy": 0.822444513910597,
  "answer_accuracy": 0.2081900593935605,
  "temperature": 1.0,
  "top_p": 1.0,
  "max_tokens": 1024,
  "stop": "</answer>",
  "include_stop_str_in_output": true,
  "eval_seconds": 237.42963886260986
}
