{
  "type": "rollout",
  "grpo_step": 25,
  "num_questions": 32,
  "group_size": 8.0,
  "num_rollouts": 256,
  "reward": 0.59765625,
  "format_accuracy": 0.94140625,
  "answer_accuracy": 0.59765625,
  "avg_response_token_length": 242.51171875,
  "rollout_seconds": 9.919751167297363,
  "mean_reward": 0.59765625,
  "std_reward": 0.4913311004638672,
  "min_reward": 0.0,
  "max_reward": 1.0,
  "mean_advantage": 0.0,
  "std_advantage": 0.3590565025806427,
  "num_groups": 32.0
}
