{
  "type": "rollout",
  "grpo_step": 51,
  "num_questions": 32,
  "group_size": 8.0,
  "num_rollouts": 256,
  "reward": 0.66015625,
  "format_accuracy": 0.9453125,
  "answer_accuracy": 0.66015625,
  "avg_response_token_length": 285.4765625,
  "rollout_seconds": 22.83228898048401,
  "mean_reward": 0.66015625,
  "std_reward": 0.47458380460739136,
  "min_reward": 0.0,
  "max_reward": 1.0,
  "mean_advantage": 3.725290298461914e-09,
  "std_advantage": 0.6416875123977661,
  "num_groups": 32.0
}
