{
  "type": "rollout",
  "grpo_step": 95,
  "num_questions": 32,
  "group_size": 8.0,
  "num_rollouts": 256,
  "reward": 0.66796875,
  "format_accuracy": 0.92578125,
  "answer_accuracy": 0.66796875,
  "avg_response_token_length": 266.58984375,
  "rollout_seconds": 11.03848147392273,
  "mean_reward": 0.66796875,
  "std_reward": 0.47186464071273804,
  "min_reward": 0.0,
  "max_reward": 1.0,
  "mean_advantage": -2.3283064365386963e-09,
  "std_advantage": 0.7029333710670471,
  "num_groups": 32.0
}
