{
  "type": "rollout",
  "grpo_step": 37,
  "num_questions": 32,
  "group_size": 8.0,
  "num_rollouts": 256,
  "reward": 0.60546875,
  "format_accuracy": 0.92578125,
  "answer_accuracy": 0.60546875,
  "avg_response_token_length": 305.57421875,
  "rollout_seconds": 13.916857481002808,
  "mean_reward": 0.60546875,
  "std_reward": 0.48970717191696167,
  "min_reward": 0.0,
  "max_reward": 1.0,
  "mean_advantage": 1.862645149230957e-09,
  "std_advantage": 0.7409568428993225,
  "num_groups": 32.0
}
