{
  "type": "rollout",
  "grpo_step": 6,
  "num_questions": 32,
  "group_size": 8.0,
  "num_rollouts": 256,
  "reward": 0.1484375,
  "format_accuracy": 0.75390625,
  "answer_accuracy": 0.1484375,
  "avg_response_token_length": 137.84765625,
  "rollout_seconds": 9.170191526412964,
  "mean_reward": 0.1484375,
  "std_reward": 0.3562295734882355,
  "min_reward": 0.0,
  "max_reward": 1.0,
  "mean_advantage": 3.725290298461914e-09,
  "std_advantage": 0.6831283569335938,
  "num_groups": 32.0
}
