{
  "type": "rollout",
  "grpo_step": 54,
  "num_questions": 32,
  "group_size": 8.0,
  "num_rollouts": 256,
  "reward": 0.23828125,
  "format_accuracy": 0.96875,
  "answer_accuracy": 0.23828125,
  "avg_response_token_length": 40.6953125,
  "rollout_seconds": 5.801640510559082,
  "mean_reward": 0.23828125,
  "std_reward": 0.4268665611743927,
  "min_reward": 0.0,
  "max_reward": 1.0,
  "mean_advantage": 2.7939677238464355e-09,
  "std_advantage": 0.641687273979187,
  "num_groups": 32.0
}
