{
  "type": "rollout",
  "grpo_step": 192,
  "num_questions": 32,
  "group_size": 8.0,
  "num_rollouts": 256,
  "reward": 0.78515625,
  "format_accuracy": 0.96484375,
  "answer_accuracy": 0.78515625,
  "avg_response_token_length": 352.03125,
  "rollout_seconds": 12.588943481445312,
  "mean_reward": 0.78515625,
  "std_reward": 0.4115184545516968,
  "min_reward": 0.0,
  "max_reward": 1.0,
  "mean_advantage": 1.3969838619232178e-09,
  "std_advantage": 0.5739426612854004,
  "num_groups": 32.0
}
