{
  "type": "rollout",
  "grpo_step": 123,
  "num_questions": 32,
  "group_size": 8.0,
  "num_rollouts": 256,
  "reward": 0.4375,
  "format_accuracy": 0.6015625,
  "answer_accuracy": 0.4375,
  "avg_response_token_length": 545.8359375,
  "rollout_seconds": 16.977073907852173,
  "mean_reward": 0.4375,
  "std_reward": 0.49705013632774353,
  "min_reward": 0.0,
  "max_reward": 1.0,
  "mean_advantage": -3.725290298461914e-09,
  "std_advantage": 0.5739427804946899,
  "num_groups": 32.0
}
