{
  "type": "rollout",
  "grpo_step": 41,
  "num_questions": 32,
  "group_size": 8.0,
  "num_rollouts": 256,
  "reward": 0.28515625,
  "format_accuracy": 0.98828125,
  "answer_accuracy": 0.28515625,
  "avg_response_token_length": 24.359375,
  "rollout_seconds": 1.8688595294952393,
  "mean_reward": 0.28515625,
  "std_reward": 0.4523732364177704,
  "min_reward": 0.0,
  "max_reward": 1.0,
  "mean_advantage": -2.7939677238464355e-09,
  "std_advantage": 0.46862220764160156,
  "num_groups": 32.0
}
