{
  "type": "rollout",
  "grpo_step": 75,
  "num_questions": 32,
  "group_size": 8.0,
  "num_rollouts": 256,
  "reward": 0.22265625,
  "format_accuracy": 0.87890625,
  "answer_accuracy": 0.22265625,
  "avg_response_token_length": 69.26171875,
  "rollout_seconds": 6.558181285858154,
  "mean_reward": 0.22265625,
  "std_reward": 0.41684433817863464,
  "min_reward": 0.0,
  "max_reward": 1.0,
  "mean_advantage": -4.656612873077393e-10,
  "std_advantage": 0.5239354968070984,
  "num_groups": 32.0
}
