{
  "type": "rollout",
  "grpo_step": 47,
  "num_questions": 32,
  "group_size": 8.0,
  "num_rollouts": 256,
  "reward": 0.27734375,
  "format_accuracy": 0.921875,
  "answer_accuracy": 0.27734375,
  "avg_response_token_length": 53.90234375,
  "rollout_seconds": 6.081904411315918,
  "mean_reward": 0.27734375,
  "std_reward": 0.4485645592212677,
  "min_reward": 0.0,
  "max_reward": 1.0,
  "mean_advantage": -6.984919309616089e-10,
  "std_advantage": 0.549508273601532,
  "num_groups": 32.0
}
