{
  "type": "rollout",
  "grpo_step": 27,
  "num_questions": 32,
  "group_size": 8.0,
  "num_rollouts": 256,
  "reward": 0.38671875,
  "format_accuracy": 0.984375,
  "answer_accuracy": 0.38671875,
  "avg_response_token_length": 97.34375,
  "rollout_seconds": 5.124141693115234,
  "mean_reward": 0.38671875,
  "std_reward": 0.4879522919654846,
  "min_reward": 0.0,
  "max_reward": 1.0,
  "mean_advantage": 4.656612873077393e-10,
  "std_advantage": 0.6831284761428833,
  "num_groups": 32.0
}
