{
  "type": "rollout",
  "grpo_step": 10,
  "num_questions": 32,
  "group_size": 8.0,
  "num_rollouts": 256,
  "reward": 0.2578125,
  "format_accuracy": 0.953125,
  "answer_accuracy": 0.2578125,
  "avg_response_token_length": 59.33984375,
  "rollout_seconds": 7.954541206359863,
  "mean_reward": 0.2578125,
  "std_reward": 0.4382871091365814,
  "min_reward": 0.0,
  "max_reward": 1.0,
  "mean_advantage": -2.3283064365386963e-09,
  "std_advantage": 0.7221953868865967,
  "num_groups": 32.0
}
