{
  "type": "rollout",
  "grpo_step": 50,
  "num_questions": 32,
  "group_size": 8.0,
  "num_rollouts": 256,
  "reward": 0.7109375,
  "format_accuracy": 0.8671875,
  "answer_accuracy": 0.7109375,
  "avg_response_token_length": 319.33984375,
  "rollout_seconds": 12.15138840675354,
  "mean_reward": 0.7109375,
  "std_reward": 0.45421501994132996,
  "min_reward": 0.0,
  "max_reward": 1.0,
  "mean_advantage": -3.725290298461914e-09,
  "std_advantage": 0.7029334306716919,
  "num_groups": 32.0
}
