{
  "type": "rollout",
  "grpo_step": 172,
  "num_questions": 32,
  "group_size": 8.0,
  "num_rollouts": 256,
  "reward": 0.828125,
  "format_accuracy": 0.9765625,
  "answer_accuracy": 0.828125,
  "avg_response_token_length": 369.3828125,
  "rollout_seconds": 13.159016609191895,
  "mean_reward": 0.828125,
  "std_reward": 0.3780107796192169,
  "min_reward": 0.0,
  "max_reward": 1.0,
  "mean_advantage": 0.0,
  "std_advantage": 0.23845911026000977,
  "num_groups": 32.0
}
