{
  "type": "rollout",
  "grpo_step": 48,
  "num_questions": 32,
  "group_size": 8.0,
  "num_rollouts": 256,
  "reward": 0.21875,
  "format_accuracy": 0.96875,
  "answer_accuracy": 0.21875,
  "avg_response_token_length": 28.29296875,
  "rollout_seconds": 4.712847471237183,
  "mean_reward": 0.21875,
  "std_reward": 0.41420844197273254,
  "min_reward": 0.0,
  "max_reward": 1.0,
  "mean_advantage": 5.587935447692871e-09,
  "std_advantage": 0.662731945514679,
  "num_groups": 32.0
}
