{
  "type": "rollout",
  "grpo_step": 149,
  "num_questions": 32,
  "group_size": 8.0,
  "num_rollouts": 256,
  "reward": 0.4296875,
  "format_accuracy": 0.640625,
  "answer_accuracy": 0.4296875,
  "avg_response_token_length": 499.44140625,
  "rollout_seconds": 31.3141827583313,
  "mean_reward": 0.4296875,
  "std_reward": 0.49600115418434143,
  "min_reward": 0.0,
  "max_reward": 1.0,
  "mean_advantage": 1.3969838619232178e-09,
  "std_advantage": 0.6199289560317993,
  "num_groups": 32.0
}
