{
  "type": "rollout",
  "grpo_step": 139,
  "num_questions": 32,
  "group_size": 8.0,
  "num_rollouts": 256,
  "reward": 0.8046875,
  "format_accuracy": 0.9921875,
  "answer_accuracy": 0.8046875,
  "avg_response_token_length": 349.1015625,
  "rollout_seconds": 21.569374084472656,
  "mean_reward": 0.8046875,
  "std_reward": 0.39721766114234924,
  "min_reward": 0.0,
  "max_reward": 1.0,
  "mean_advantage": -9.313225746154785e-10,
  "std_advantage": 0.3704783320426941,
  "num_groups": 32.0
}
