{
  "type": "rollout",
  "grpo_step": 80,
  "num_questions": 32,
  "group_size": 8.0,
  "num_rollouts": 256,
  "reward": 0.48046875,
  "format_accuracy": 0.6328125,
  "answer_accuracy": 0.48046875,
  "avg_response_token_length": 403.21875,
  "rollout_seconds": 13.896280765533447,
  "mean_reward": 0.48046875,
  "std_reward": 0.5005970597267151,
  "min_reward": 0.0,
  "max_reward": 1.0,
  "mean_advantage": 0.0,
  "std_advantage": 0.3138939440250397,
  "num_groups": 32.0
}
