{
  "type": "rollout",
  "grpo_step": 37,
  "num_questions": 32,
  "group_size": 8.0,
  "num_rollouts": 256,
  "reward": 0.62890625,
  "format_accuracy": 0.953125,
  "answer_accuracy": 0.62890625,
  "avg_response_token_length": 320.66015625,
  "rollout_seconds": 12.037971258163452,
  "mean_reward": 0.62890625,
  "std_reward": 0.48404380679130554,
  "min_reward": 0.0,
  "max_reward": 1.0,
  "mean_advantage": -5.587935447692871e-09,
  "std_advantage": 0.828414797782898,
  "num_groups": 32.0
}
