{
  "type": "rollout",
  "grpo_step": 37,
  "num_questions": 32,
  "group_size": 8.0,
  "num_rollouts": 256,
  "reward": 0.15234375,
  "format_accuracy": 0.32421875,
  "answer_accuracy": 0.15234375,
  "avg_response_token_length": 727.24609375,
  "rollout_seconds": 21.530871629714966,
  "mean_reward": 0.15234375,
  "std_reward": 0.36005768179893494,
  "min_reward": 0.0,
  "max_reward": 1.0,
  "mean_advantage": 0.0,
  "std_advantage": 0.2912111282348633,
  "num_groups": 32.0
}
