{
  "type": "rollout",
  "grpo_step": 118,
  "num_questions": 32,
  "group_size": 8.0,
  "num_rollouts": 256,
  "reward": 0.70703125,
  "format_accuracy": 0.95703125,
  "answer_accuracy": 0.70703125,
  "avg_response_token_length": 309.73046875,
  "rollout_seconds": 12.031589984893799,
  "mean_reward": 0.70703125,
  "std_reward": 0.45601576566696167,
  "min_reward": 0.0,
  "max_reward": 1.0,
  "mean_advantage": 0.0,
  "std_advantage": 0.2756454050540924,
  "num_groups": 32.0
}
