{
  "type": "rollout",
  "grpo_step": 118,
  "num_questions": 32,
  "group_size": 8.0,
  "num_rollouts": 256,
  "reward": 0.29296875,
  "format_accuracy": 1.0,
  "answer_accuracy": 0.29296875,
  "avg_response_token_length": 16.08984375,
  "rollout_seconds": 3.543072462081909,
  "mean_reward": 0.29296875,
  "std_reward": 0.45601576566696167,
  "min_reward": 0.0,
  "max_reward": 1.0,
  "mean_advantage": 0.0,
  "std_advantage": 0.2343110740184784,
  "num_groups": 32.0
}
