{
  "type": "rollout",
  "grpo_step": 57,
  "num_questions": 32,
  "group_size": 8.0,
  "num_rollouts": 256,
  "reward": 0.29296875,
  "format_accuracy": 0.640625,
  "answer_accuracy": 0.29296875,
  "avg_response_token_length": 322.51171875,
  "rollout_seconds": 11.982486248016357,
  "mean_reward": 0.29296875,
  "std_reward": 0.45601576566696167,
  "min_reward": 0.0,
  "max_reward": 1.0,
  "mean_advantage": 0.0,
  "std_advantage": 0.2995094060897827,
  "num_groups": 32.0
}
