{
  "type": "rollout",
  "grpo_step": 97,
  "num_questions": 32,
  "group_size": 8.0,
  "num_rollouts": 256,
  "reward": 0.69921875,
  "format_accuracy": 0.8671875,
  "answer_accuracy": 0.69921875,
  "avg_response_token_length": 578.703125,
  "rollout_seconds": 17.762367725372314,
  "mean_reward": 0.69921875,
  "std_reward": 0.45949608087539673,
  "min_reward": 0.0,
  "max_reward": 1.0,
  "mean_advantage": 0.0,
  "std_advantage": 0.2720654606819153,
  "num_groups": 32.0
}
