{
  "type": "rollout",
  "grpo_step": 36,
  "num_questions": 32,
  "group_size": 8.0,
  "num_rollouts": 256,
  "reward": 0.51953125,
  "format_accuracy": 0.8671875,
  "answer_accuracy": 0.51953125,
  "avg_response_token_length": 346.87109375,
  "rollout_seconds": 12.579488277435303,
  "mean_reward": 0.51953125,
  "std_reward": 0.5005970597267151,
  "min_reward": 0.0,
  "max_reward": 1.0,
  "mean_advantage": 0.0,
  "std_advantage": 0.7409567832946777,
  "num_groups": 32.0
}
