{
  "type": "rollout",
  "grpo_step": 296,
  "num_questions": 32,
  "group_size": 8.0,
  "num_rollouts": 256,
  "reward": 0.79296875,
  "format_accuracy": 0.9609375,
  "answer_accuracy": 0.79296875,
  "avg_response_token_length": 312.6875,
  "rollout_seconds": 9.395670413970947,
  "mean_reward": 0.79296875,
  "std_reward": 0.40597182512283325,
  "min_reward": 0.0,
  "max_reward": 1.0,
  "mean_advantage": -3.725290298461914e-09,
  "std_advantage": 0.4383560121059418,
  "num_groups": 32.0
}
