{
  "type": "rollout",
  "grpo_step": 127,
  "num_questions": 32,
  "group_size": 8.0,
  "num_rollouts": 256,
  "reward": 0.6875,
  "format_accuracy": 0.8984375,
  "answer_accuracy": 0.6875,
  "avg_response_token_length": 291.5390625,
  "rollout_seconds": 11.403250455856323,
  "mean_reward": 0.6875,
  "std_reward": 0.4644203782081604,
  "min_reward": 0.0,
  "max_reward": 1.0,
  "mean_advantage": -3.841705620288849e-09,
  "std_advantage": 0.6199288368225098,
  "num_groups": 32.0
}
