{
  "type": "rollout",
  "grpo_step": 140,
  "num_questions": 32,
  "group_size": 8.0,
  "num_rollouts": 256,
  "reward": 0.59375,
  "format_accuracy": 0.9296875,
  "answer_accuracy": 0.59375,
  "avg_response_token_length": 429.15234375,
  "rollout_seconds": 11.27072262763977,
  "mean_reward": 0.59375,
  "std_reward": 0.49209436774253845,
  "min_reward": 0.0,
  "max_reward": 1.0,
  "mean_advantage": 9.313225746154785e-10,
  "std_advantage": 0.5239356160163879,
  "num_groups": 32.0
}
