{
  "type": "rollout",
  "grpo_step": 57,
  "num_questions": 32,
  "group_size": 8.0,
  "num_rollouts": 256,
  "reward": 0.67578125,
  "format_accuracy": 0.97265625,
  "answer_accuracy": 0.67578125,
  "avg_response_token_length": 174.96875,
  "rollout_seconds": 10.736368894577026,
  "mean_reward": 0.67578125,
  "std_reward": 0.46899911761283875,
  "min_reward": 0.0,
  "max_reward": 1.0,
  "mean_advantage": 3.725290298461914e-09,
  "std_advantage": 0.549508273601532,
  "num_groups": 32.0
}
