{
  "type": "rollout",
  "grpo_step": 57,
  "num_questions": 32,
  "group_size": 8.0,
  "num_rollouts": 256,
  "reward": 0.09765625,
  "format_accuracy": 0.14453125,
  "answer_accuracy": 0.09765625,
  "avg_response_token_length": 894.31640625,
  "rollout_seconds": 26.24718403816223,
  "mean_reward": 0.09765625,
  "std_reward": 0.29743078351020813,
  "min_reward": 0.0,
  "max_reward": 1.0,
  "mean_advantage": 0.0,
  "std_advantage": 0.5495083332061768,
  "num_groups": 32.0
}
