{
  "type": "rollout",
  "grpo_step": 16,
  "num_questions": 32,
  "group_size": 8.0,
  "num_rollouts": 256,
  "reward": 0.07421875,
  "format_accuracy": 0.3359375,
  "answer_accuracy": 0.07421875,
  "avg_response_token_length": 334.67578125,
  "rollout_seconds": 12.349528789520264,
  "mean_reward": 0.07421875,
  "std_reward": 0.2626400291919708,
  "min_reward": 0.0,
  "max_reward": 1.0,
  "mean_advantage": 3.4924596548080444e-09,
  "std_advantage": 0.5239354968070984,
  "num_groups": 32.0
}
