{
  "type": "rollout",
  "grpo_step": 174,
  "num_questions": 32,
  "group_size": 8.0,
  "num_rollouts": 256,
  "reward": 0.203125,
  "format_accuracy": 0.8828125,
  "answer_accuracy": 0.203125,
  "avg_response_token_length": 81.8359375,
  "rollout_seconds": 7.08630633354187,
  "mean_reward": 0.203125,
  "std_reward": 0.40311288833618164,
  "min_reward": 0.0,
  "max_reward": 1.0,
  "mean_advantage": -3.725290298461914e-09,
  "std_advantage": 0.438355952501297,
  "num_groups": 32.0
}
