{
  "type": "rollout",
  "grpo_step": 10,
  "num_questions": 32,
  "group_size": 8.0,
  "num_rollouts": 256,
  "reward": 0.359375,
  "format_accuracy": 0.88671875,
  "answer_accuracy": 0.359375,
  "avg_response_token_length": 126.78515625,
  "rollout_seconds": 8.910755157470703,
  "mean_reward": 0.359375,
  "std_reward": 0.4807571768760681,
  "min_reward": 0.0,
  "max_reward": 1.0,
  "mean_advantage": 7.450580596923828e-09,
  "std_advantage": 0.8448207974433899,
  "num_groups": 32.0
}
