{
  "type": "rollout",
  "grpo_step": 165,
  "num_questions": 32,
  "group_size": 8.0,
  "num_rollouts": 256,
  "reward": 0.62109375,
  "format_accuracy": 0.75390625,
  "answer_accuracy": 0.62109375,
  "avg_response_token_length": 384.36328125,
  "rollout_seconds": 14.141062498092651,
  "mean_reward": 0.62109375,
  "std_reward": 0.48606500029563904,
  "min_reward": 0.0,
  "max_reward": 1.0,
  "mean_advantage": 4.190951585769653e-09,
  "std_advantage": 0.5739426612854004,
  "num_groups": 32.0
}
