{
  "type": "rollout",
  "grpo_step": 60,
  "num_questions": 32,
  "group_size": 8.0,
  "num_rollouts": 256,
  "reward": 0.203125,
  "format_accuracy": 0.578125,
  "answer_accuracy": 0.203125,
  "avg_response_token_length": 283.98046875,
  "rollout_seconds": 11.56373643875122,
  "mean_reward": 0.203125,
  "std_reward": 0.40311288833618164,
  "min_reward": 0.0,
  "max_reward": 1.0,
  "mean_advantage": 2.7939677238464355e-09,
  "std_advantage": 0.6627320647239685,
  "num_groups": 32.0
}
