{
  "type": "rollout",
  "grpo_step": 118,
  "num_questions": 32,
  "group_size": 8.0,
  "num_rollouts": 256,
  "reward": 0.68359375,
  "format_accuracy": 0.9765625,
  "answer_accuracy": 0.68359375,
  "avg_response_token_length": 302.89453125,
  "rollout_seconds": 12.047837257385254,
  "mean_reward": 0.68359375,
  "std_reward": 0.4659844934940338,
  "min_reward": 0.0,
  "max_reward": 1.0,
  "mean_advantage": 0.0,
  "std_advantage": 0.20412415266036987,
  "num_groups": 32.0
}
