{
  "type": "rollout",
  "grpo_step": 118,
  "num_questions": 32,
  "group_size": 8.0,
  "num_rollouts": 256,
  "reward": 0.71875,
  "format_accuracy": 0.92578125,
  "answer_accuracy": 0.71875,
  "avg_response_token_length": 429.484375,
  "rollout_seconds": 27.204694986343384,
  "mean_reward": 0.71875,
  "std_reward": 0.45048993825912476,
  "min_reward": 0.0,
  "max_reward": 1.0,
  "mean_advantage": 0.0,
  "std_advantage": 0.19045868515968323,
  "num_groups": 32.0
}
