{
  "type": "rollout",
  "grpo_step": 10,
  "num_questions": 32,
  "group_size": 8.0,
  "num_rollouts": 256,
  "reward": 0.3125,
  "format_accuracy": 0.83203125,
  "answer_accuracy": 0.3125,
  "avg_response_token_length": 196.6796875,
  "rollout_seconds": 9.459940195083618,
  "mean_reward": 0.3125,
  "std_reward": 0.4644203782081604,
  "min_reward": 0.0,
  "max_reward": 1.0,
  "mean_advantage": -2.7939677238464355e-09,
  "std_advantage": 0.7409568428993225,
  "num_groups": 32.0
}
