{
  "type": "rollout",
  "grpo_step": 74,
  "num_questions": 32,
  "group_size": 8.0,
  "num_rollouts": 256,
  "reward": 0.6796875,
  "format_accuracy": 0.94140625,
  "answer_accuracy": 0.6796875,
  "avg_response_token_length": 348.76171875,
  "rollout_seconds": 12.728887557983398,
  "mean_reward": 0.6796875,
  "std_reward": 0.4675106108188629,
  "min_reward": 0.0,
  "max_reward": 1.0,
  "mean_advantage": -1.3969838619232178e-09,
  "std_advantage": 0.4970490038394928,
  "num_groups": 32.0
}
