{
  "type": "rollout",
  "ei_step": 2,
  "num_questions": 512,
  "rollouts_per_question": 2,
  "num_rollouts": 1024,
  "num_accepted": 46,
  "accepted_fraction": 0.044921875,
  "question_coverage_with_accept": 0.08984375,
  "reward": 0.044921875,
  "format_accuracy": 0.7412109375,
  "answer_accuracy": 0.044921875,
  "avg_token_entropy": 1.1749811172485352,
  "avg_accepted_token_entropy": 1.2498726222826086,
  "avg_response_token_length": 68.845703125,
  "avg_accepted_response_token_length": 44.58695652173913,
  "rollout_seconds": 16.50294804573059
}
