{
  "type": "rollout",
  "grpo_step": 186,
  "num_questions": 32,
  "group_size": 8.0,
  "num_rollouts": 256,
  "reward": 0.67578125,
  "format_accuracy": 0.9296875,
  "answer_accuracy": 0.67578125,
  "avg_response_token_length": 232.43359375,
  "rollout_seconds": 10.070889711380005,
  "mean_reward": 0.67578125,
  "std_reward": 0.46899911761283875,
  "min_reward": 0.0,
  "max_reward": 1.0,
  "mean_advantage": 4.656612873077393e-10,
  "std_advantage": 0.6627318263053894,
  "num_groups": 32.0
}
