{
  "type": "rollout",
  "grpo_step": 14,
  "num_questions": 32,
  "group_size": 8.0,
  "num_rollouts": 256,
  "reward": 0.43359375,
  "format_accuracy": 0.93359375,
  "answer_accuracy": 0.43359375,
  "avg_response_token_length": 89.52734375,
  "rollout_seconds": 8.928090572357178,
  "mean_reward": 0.43359375,
  "std_reward": 0.4965413510799408,
  "min_reward": 0.0,
  "max_reward": 1.0,
  "mean_advantage": 3.725290298461914e-09,
  "std_advantage": 0.7409568428993225,
  "num_groups": 32.0
}
