{
  "type": "rollout",
  "grpo_step": 22,
  "num_questions": 32,
  "group_size": 8.0,
  "num_rollouts": 256,
  "reward": 0.65625,
  "format_accuracy": 0.83203125,
  "answer_accuracy": 0.65625,
  "avg_response_token_length": 333.6015625,
  "rollout_seconds": 11.929157018661499,
  "mean_reward": 0.65625,
  "std_reward": 0.47588926553726196,
  "min_reward": 0.0,
  "max_reward": 1.0,
  "mean_advantage": 0.0,
  "std_advantage": 0.6831284761428833,
  "num_groups": 32.0
}
