{
  "type": "rollout",
  "grpo_step": 13,
  "num_questions": 32,
  "group_size": 8.0,
  "num_rollouts": 256,
  "reward": 0.45703125,
  "format_accuracy": 0.8984375,
  "answer_accuracy": 0.45703125,
  "avg_response_token_length": 248.0078125,
  "rollout_seconds": 10.913838863372803,
  "mean_reward": 0.45703125,
  "std_reward": 0.4991260766983032,
  "min_reward": 0.0,
  "max_reward": 1.0,
  "mean_advantage": 0.0,
  "std_advantage": 0.7592547535896301,
  "num_groups": 32.0
}
