{
  "type": "rollout",
  "grpo_step": 20,
  "num_questions": 32,
  "group_size": 8.0,
  "num_rollouts": 256,
  "reward": 0.26953125,
  "format_accuracy": 1.0,
  "answer_accuracy": 0.26953125,
  "avg_response_token_length": 14.68359375,
  "rollout_seconds": 1.270906925201416,
  "mean_reward": 0.26953125,
  "std_reward": 0.4445854723453522,
  "min_reward": 0.0,
  "max_reward": 1.0,
  "mean_advantage": 0.0,
  "std_advantage": 0.5739425420761108,
  "num_groups": 32.0
}
