{
  "type": "rollout",
  "grpo_step": 55,
  "num_questions": 32,
  "group_size": 8.0,
  "num_rollouts": 256,
  "reward": 0.55859375,
  "format_accuracy": 0.9453125,
  "answer_accuracy": 0.55859375,
  "avg_response_token_length": 333.28125,
  "rollout_seconds": 12.287410974502563,
  "mean_reward": 0.55859375,
  "std_reward": 0.4975275993347168,
  "min_reward": 0.0,
  "max_reward": 1.0,
  "mean_advantage": 9.313225746154785e-10,
  "std_advantage": 0.5239356160163879,
  "num_groups": 32.0
}
