{
  "type": "rollout",
  "grpo_step": 6,
  "num_questions": 32,
  "group_size": 8.0,
  "num_rollouts": 256,
  "reward": 0.15625,
  "format_accuracy": 0.875,
  "answer_accuracy": 0.15625,
  "avg_response_token_length": 71.92578125,
  "rollout_seconds": 7.683333158493042,
  "mean_reward": 0.15625,
  "std_reward": 0.3638034462928772,
  "min_reward": 0.0,
  "max_reward": 1.0,
  "mean_advantage": 2.7939677238464355e-09,
  "std_advantage": 0.497048944234848,
  "num_groups": 32.0
}
