{
  "type": "rollout",
  "grpo_step": 8,
  "num_questions": 32,
  "group_size": 8.0,
  "num_rollouts": 256,
  "reward": 0.36328125,
  "format_accuracy": 0.8515625,
  "answer_accuracy": 0.36328125,
  "avg_response_token_length": 280.0078125,
  "rollout_seconds": 10.976525783538818,
  "mean_reward": 0.36328125,
  "std_reward": 0.48188698291778564,
  "min_reward": 0.0,
  "max_reward": 1.0,
  "mean_advantage": -9.313225746154785e-10,
  "std_advantage": 0.8116775155067444,
  "num_groups": 32.0
}
