{
  "type": "rollout",
  "grpo_step": 252,
  "num_questions": 32,
  "group_size": 8.0,
  "num_rollouts": 256,
  "reward": 0.94921875,
  "format_accuracy": 0.98828125,
  "answer_accuracy": 0.94921875,
  "avg_response_token_length": 397.21875,
  "rollout_seconds": 10.333869934082031,
  "mean_reward": 0.94921875,
  "std_reward": 0.21998077630996704,
  "min_reward": 0.0,
  "max_reward": 1.0,
  "mean_advantage": -2.7939677238464355e-09,
  "std_advantage": 0.4058387875556946,
  "num_groups": 32.0
}
