{
  "type": "rollout",
  "grpo_step": 252,
  "num_questions": 32,
  "group_size": 8.0,
  "num_rollouts": 256,
  "reward": 0.9296875,
  "format_accuracy": 0.98828125,
  "answer_accuracy": 0.9296875,
  "avg_response_token_length": 347.27734375,
  "rollout_seconds": 12.268044471740723,
  "mean_reward": 0.9296875,
  "std_reward": 0.2561737596988678,
  "min_reward": 0.0,
  "max_reward": 1.0,
  "mean_advantage": 0.0,
  "std_advantage": 0.5239354968070984,
  "num_groups": 32.0
}
