{
  "type": "rollout",
  "grpo_step": 172,
  "num_questions": 32,
  "group_size": 8.0,
  "num_rollouts": 256,
  "reward": 0.21875,
  "format_accuracy": 0.61328125,
  "answer_accuracy": 0.21875,
  "avg_response_token_length": 334.55078125,
  "rollout_seconds": 12.610169172286987,
  "mean_reward": 0.21875,
  "std_reward": 0.41420844197273254,
  "min_reward": 0.0,
  "max_reward": 1.0,
  "mean_advantage": -9.313225746154785e-10,
  "std_advantage": 0.6627320647239685,
  "num_groups": 32.0
}
