{
  "type": "rollout",
  "grpo_step": 176,
  "num_questions": 32,
  "group_size": 8.0,
  "num_rollouts": 256,
  "reward": 0.40234375,
  "format_accuracy": 0.59765625,
  "answer_accuracy": 0.40234375,
  "avg_response_token_length": 552.8671875,
  "rollout_seconds": 17.232874870300293,
  "mean_reward": 0.40234375,
  "std_reward": 0.4913311004638672,
  "min_reward": 0.0,
  "max_reward": 1.0,
  "mean_advantage": -5.587935447692871e-09,
  "std_advantage": 0.6199288964271545,
  "num_groups": 32.0
}
