{
  "type": "rollout",
  "grpo_step": 112,
  "num_questions": 32,
  "group_size": 8.0,
  "num_rollouts": 256,
  "reward": 0.78125,
  "format_accuracy": 0.92578125,
  "answer_accuracy": 0.78125,
  "avg_response_token_length": 511.26953125,
  "rollout_seconds": 15.641462326049805,
  "mean_reward": 0.78125,
  "std_reward": 0.41420844197273254,
  "min_reward": 0.0,
  "max_reward": 1.0,
  "mean_advantage": -5.122274160385132e-09,
  "std_advantage": 0.5739426612854004,
  "num_groups": 32.0
}
