{
  "type": "rollout",
  "grpo_step": 147,
  "num_questions": 32,
  "group_size": 8.0,
  "num_rollouts": 256,
  "reward": 0.80078125,
  "format_accuracy": 0.94921875,
  "answer_accuracy": 0.80078125,
  "avg_response_token_length": 285.3984375,
  "rollout_seconds": 11.266805410385132,
  "mean_reward": 0.80078125,
  "std_reward": 0.40019527077674866,
  "min_reward": 0.0,
  "max_reward": 1.0,
  "mean_advantage": 0.0,
  "std_advantage": 0.2553352415561676,
  "num_groups": 32.0
}
