{
  "type": "rollout",
  "grpo_step": 60,
  "num_questions": 32,
  "group_size": 8.0,
  "num_rollouts": 256,
  "reward": 0.1171875,
  "format_accuracy": 0.7421875,
  "answer_accuracy": 0.1171875,
  "avg_response_token_length": 164.26171875,
  "rollout_seconds": 8.820732831954956,
  "mean_reward": 0.1171875,
  "std_reward": 0.3222736418247223,
  "min_reward": 0.0,
  "max_reward": 1.0,
  "mean_advantage": 4.6566128730773926e-09,
  "std_advantage": 0.6199289560317993,
  "num_groups": 32.0
}
