{
  "type": "rollout",
  "grpo_step": 179,
  "num_questions": 32,
  "group_size": 8.0,
  "num_rollouts": 256,
  "reward": 0.71875,
  "format_accuracy": 0.91796875,
  "answer_accuracy": 0.71875,
  "avg_response_token_length": 518.48046875,
  "rollout_seconds": 16.35880994796753,
  "mean_reward": 0.71875,
  "std_reward": 0.45048993825912476,
  "min_reward": 0.0,
  "max_reward": 1.0,
  "mean_advantage": -5.587935447692871e-09,
  "std_advantage": 0.5973785519599915,
  "num_groups": 32.0
}
