{
  "type": "rollout",
  "grpo_step": 136,
  "num_questions": 32,
  "group_size": 8.0,
  "num_rollouts": 256,
  "reward": 0.796875,
  "format_accuracy": 0.90234375,
  "answer_accuracy": 0.796875,
  "avg_response_token_length": 486.04296875,
  "rollout_seconds": 15.463832378387451,
  "mean_reward": 0.796875,
  "std_reward": 0.40311288833618164,
  "min_reward": 0.0,
  "max_reward": 1.0,
  "mean_advantage": 0.0,
  "std_advantage": 0.43835607171058655,
  "num_groups": 32.0
}
