{
  "type": "rollout",
  "grpo_step": 8,
  "num_questions": 32,
  "group_size": 8.0,
  "num_rollouts": 256,
  "reward": 0.3515625,
  "format_accuracy": 0.85546875,
  "answer_accuracy": 0.3515625,
  "avg_response_token_length": 137.75,
  "rollout_seconds": 7.855040550231934,
  "mean_reward": 0.3515625,
  "std_reward": 0.47839346528053284,
  "min_reward": 0.0,
  "max_reward": 1.0,
  "mean_advantage": -1.862645149230957e-09,
  "std_advantage": 0.7221953868865967,
  "num_groups": 32.0
}
