{
  "type": "rollout",
  "grpo_step": 181,
  "num_questions": 32,
  "group_size": 8.0,
  "num_rollouts": 256,
  "reward": 0.69140625,
  "format_accuracy": 0.8984375,
  "answer_accuracy": 0.69140625,
  "avg_response_token_length": 479.9375,
  "rollout_seconds": 30.829390048980713,
  "mean_reward": 0.69140625,
  "std_reward": 0.46281784772872925,
  "min_reward": 0.0,
  "max_reward": 1.0,
  "mean_advantage": 0.0,
  "std_advantage": 0.4686223268508911,
  "num_groups": 32.0
}
