{
  "type": "rollout",
  "grpo_step": 365,
  "num_questions": 32,
  "group_size": 8.0,
  "num_rollouts": 256,
  "reward": 0.7578125,
  "format_accuracy": 0.90625,
  "answer_accuracy": 0.7578125,
  "avg_response_token_length": 478.46875,
  "rollout_seconds": 12.118297100067139,
  "mean_reward": 0.7578125,
  "std_reward": 0.42924636602401733,
  "min_reward": 0.0,
  "max_reward": 1.0,
  "mean_advantage": 0.0,
  "std_advantage": 0.5739426612854004,
  "num_groups": 32.0
}
