{
  "type": "rollout",
  "grpo_step": 37,
  "num_questions": 32,
  "group_size": 8.0,
  "num_rollouts": 256,
  "reward": 0.16796875,
  "format_accuracy": 0.62109375,
  "answer_accuracy": 0.16796875,
  "avg_response_token_length": 214.62109375,
  "rollout_seconds": 9.501281261444092,
  "mean_reward": 0.16796875,
  "std_reward": 0.3745708465576172,
  "min_reward": 0.0,
  "max_reward": 1.0,
  "mean_advantage": -4.656612873077393e-10,
  "std_advantage": 0.7221953272819519,
  "num_groups": 32.0
}
