{
  "type": "rollout",
  "grpo_step": 32,
  "num_questions": 32,
  "group_size": 8.0,
  "num_rollouts": 256,
  "reward": 0.640625,
  "format_accuracy": 0.9140625,
  "answer_accuracy": 0.640625,
  "avg_response_token_length": 263.34765625,
  "rollout_seconds": 13.268276453018188,
  "mean_reward": 0.640625,
  "std_reward": 0.4807571768760681,
  "min_reward": 0.0,
  "max_reward": 1.0,
  "mean_advantage": 0.0,
  "std_advantage": 0.2765331566333771,
  "num_groups": 32.0
}
