{
  "type": "rollout",
  "grpo_step": 32,
  "num_questions": 32,
  "group_size": 8.0,
  "num_rollouts": 256,
  "reward": 0.6875,
  "format_accuracy": 0.95703125,
  "answer_accuracy": 0.6875,
  "avg_response_token_length": 268.35546875,
  "rollout_seconds": 10.615458965301514,
  "mean_reward": 0.6875,
  "std_reward": 0.4644203782081604,
  "min_reward": 0.0,
  "max_reward": 1.0,
  "mean_advantage": 0.0,
  "std_advantage": 0.26934924721717834,
  "num_groups": 32.0
}
