{
  "type": "rollout",
  "grpo_step": 183,
  "num_questions": 32,
  "group_size": 8.0,
  "num_rollouts": 256,
  "reward": 0.76171875,
  "format_accuracy": 0.9296875,
  "answer_accuracy": 0.76171875,
  "avg_response_token_length": 316.2734375,
  "rollout_seconds": 12.156885385513306,
  "mean_reward": 0.76171875,
  "std_reward": 0.4268665611743927,
  "min_reward": 0.0,
  "max_reward": 1.0,
  "mean_advantage": 0.0,
  "std_advantage": 0.2311522662639618,
  "num_groups": 32.0
}
