{
  "type": "rollout",
  "grpo_step": 22,
  "num_questions": 32,
  "group_size": 8.0,
  "num_rollouts": 256,
  "reward": 0.55078125,
  "format_accuracy": 0.88671875,
  "answer_accuracy": 0.55078125,
  "avg_response_token_length": 287.796875,
  "rollout_seconds": 13.120247602462769,
  "mean_reward": 0.55078125,
  "std_reward": 0.49838894605636597,
  "min_reward": 0.0,
  "max_reward": 1.0,
  "mean_advantage": 1.3969838619232178e-09,
  "std_advantage": 0.7221953868865967,
  "num_groups": 32.0
}
