{
  "type": "rollout",
  "grpo_step": 22,
  "num_questions": 32,
  "group_size": 8.0,
  "num_rollouts": 256,
  "reward": 0.05078125,
  "format_accuracy": 0.09765625,
  "answer_accuracy": 0.05078125,
  "avg_response_token_length": 699.66015625,
  "rollout_seconds": 21.39020013809204,
  "mean_reward": 0.05078125,
  "std_reward": 0.21998077630996704,
  "min_reward": 0.0,
  "max_reward": 1.0,
  "mean_advantage": 0.0,
  "std_advantage": 0.20170839130878448,
  "num_groups": 32.0
}
