{
  "type": "rollout",
  "grpo_step": 376,
  "num_questions": 32,
  "group_size": 8.0,
  "num_rollouts": 256,
  "reward": 0.78515625,
  "format_accuracy": 0.95703125,
  "answer_accuracy": 0.78515625,
  "avg_response_token_length": 405.05078125,
  "rollout_seconds": 13.583697319030762,
  "mean_reward": 0.78515625,
  "std_reward": 0.4115184545516968,
  "min_reward": 0.0,
  "max_reward": 1.0,
  "mean_advantage": 4.656612873077393e-10,
  "std_advantage": 0.5973785519599915,
  "num_groups": 32.0
}
