{
  "type": "rollout",
  "grpo_step": 45,
  "num_questions": 32,
  "group_size": 8.0,
  "num_rollouts": 256,
  "reward": 0.25,
  "format_accuracy": 0.84765625,
  "answer_accuracy": 0.25,
  "avg_response_token_length": 65.86328125,
  "rollout_seconds": 6.723531484603882,
  "mean_reward": 0.25,
  "std_reward": 0.4338609278202057,
  "min_reward": 0.0,
  "max_reward": 1.0,
  "mean_advantage": -9.313225746154785e-10,
  "std_advantage": 0.6831284165382385,
  "num_groups": 32.0
}
