{
  "type": "rollout",
  "grpo_step": 90,
  "num_questions": 32,
  "group_size": 8.0,
  "num_rollouts": 256,
  "reward": 0.87890625,
  "format_accuracy": 0.94140625,
  "answer_accuracy": 0.87890625,
  "avg_response_token_length": 379.8515625,
  "rollout_seconds": 18.55969786643982,
  "mean_reward": 0.87890625,
  "std_reward": 0.326875239610672,
  "min_reward": 0.0,
  "max_reward": 1.0,
  "mean_advantage": 0.0,
  "std_advantage": 0.1757337599992752,
  "num_groups": 32.0
}
