{
  "type": "rollout",
  "grpo_step": 46,
  "num_questions": 32,
  "group_size": 8.0,
  "num_rollouts": 256,
  "reward": 0.21875,
  "format_accuracy": 0.76171875,
  "answer_accuracy": 0.21875,
  "avg_response_token_length": 172.828125,
  "rollout_seconds": 8.868558406829834,
  "mean_reward": 0.21875,
  "std_reward": 0.41420844197273254,
  "min_reward": 0.0,
  "max_reward": 1.0,
  "mean_advantage": -3.725290298461914e-09,
  "std_advantage": 0.7409568428993225,
  "num_groups": 32.0
}
