{
  "type": "rollout",
  "grpo_step": 59,
  "num_questions": 32,
  "group_size": 8.0,
  "num_rollouts": 256,
  "reward": 0.2421875,
  "format_accuracy": 0.98828125,
  "answer_accuracy": 0.2421875,
  "avg_response_token_length": 30.09375,
  "rollout_seconds": 3.338033676147461,
  "mean_reward": 0.2421875,
  "std_reward": 0.42924636602401733,
  "min_reward": 0.0,
  "max_reward": 1.0,
  "mean_advantage": 5.820766091346741e-10,
  "std_advantage": 0.549508273601532,
  "num_groups": 32.0
}
