{
  "type": "rollout",
  "grpo_step": 136,
  "num_questions": 32,
  "group_size": 8.0,
  "num_rollouts": 256,
  "reward": 0.70703125,
  "format_accuracy": 0.89453125,
  "answer_accuracy": 0.70703125,
  "avg_response_token_length": 293.921875,
  "rollout_seconds": 11.253403663635254,
  "mean_reward": 0.70703125,
  "std_reward": 0.45601576566696167,
  "min_reward": 0.0,
  "max_reward": 1.0,
  "mean_advantage": -4.656612873077393e-10,
  "std_advantage": 0.6199289560317993,
  "num_groups": 32.0
}
