{
  "type": "rollout",
  "grpo_step": 55,
  "num_questions": 32,
  "group_size": 8.0,
  "num_rollouts": 256,
  "reward": 0.5859375,
  "format_accuracy": 0.953125,
  "answer_accuracy": 0.5859375,
  "avg_response_token_length": 315.87109375,
  "rollout_seconds": 11.818250179290771,
  "mean_reward": 0.5859375,
  "std_reward": 0.4935242533683777,
  "min_reward": 0.0,
  "max_reward": 1.0,
  "mean_advantage": 9.313225746154785e-10,
  "std_advantage": 0.4686221778392792,
  "num_groups": 32.0
}
