{
  "type": "rollout",
  "grpo_step": 56,
  "num_questions": 32,
  "group_size": 8.0,
  "num_rollouts": 256,
  "reward": 0.05078125,
  "format_accuracy": 0.0625,
  "answer_accuracy": 0.05078125,
  "avg_response_token_length": 968.06640625,
  "rollout_seconds": 27.977738857269287,
  "mean_reward": 0.05078125,
  "std_reward": 0.21998077630996704,
  "min_reward": 0.0,
  "max_reward": 1.0,
  "mean_advantage": -4.656612873077393e-10,
  "std_advantage": 0.37047842144966125,
  "num_groups": 32.0
}
