{
  "type": "rollout",
  "grpo_step": 71,
  "num_questions": 32,
  "group_size": 8.0,
  "num_rollouts": 256,
  "reward": 0.640625,
  "format_accuracy": 0.91015625,
  "answer_accuracy": 0.640625,
  "avg_response_token_length": 441.5625,
  "rollout_seconds": 14.74213171005249,
  "mean_reward": 0.640625,
  "std_reward": 0.4807571768760681,
  "min_reward": 0.0,
  "max_reward": 1.0,
  "mean_advantage": -1.862645149230957e-09,
  "std_advantage": 0.46862220764160156,
  "num_groups": 32.0
}
