{
  "type": "rollout",
  "grpo_step": 36,
  "num_questions": 32,
  "group_size": 8.0,
  "num_rollouts": 256,
  "reward": 0.5078125,
  "format_accuracy": 0.87109375,
  "answer_accuracy": 0.5078125,
  "avg_response_token_length": 315.1953125,
  "rollout_seconds": 11.866718292236328,
  "mean_reward": 0.5078125,
  "std_reward": 0.5009182691574097,
  "min_reward": 0.0,
  "max_reward": 1.0,
  "mean_advantage": 0.0,
  "std_advantage": 0.6627318859100342,
  "num_groups": 32.0
}
