{
  "type": "rollout",
  "grpo_step": 136,
  "num_questions": 32,
  "group_size": 8.0,
  "num_rollouts": 256,
  "reward": 0.85546875,
  "format_accuracy": 0.95703125,
  "answer_accuracy": 0.85546875,
  "avg_response_token_length": 498.91015625,
  "rollout_seconds": 16.16214919090271,
  "mean_reward": 0.85546875,
  "std_reward": 0.35231637954711914,
  "min_reward": 0.0,
  "max_reward": 1.0,
  "mean_advantage": 0.0,
  "std_advantage": 0.20651164650917053,
  "num_groups": 32.0
}
