{
  "type": "rollout",
  "grpo_step": 136,
  "num_questions": 32,
  "group_size": 8.0,
  "num_rollouts": 256,
  "reward": 0.86328125,
  "format_accuracy": 0.9609375,
  "answer_accuracy": 0.86328125,
  "avg_response_token_length": 469.42578125,
  "rollout_seconds": 14.75719428062439,
  "mean_reward": 0.86328125,
  "std_reward": 0.34422317147254944,
  "min_reward": 0.0,
  "max_reward": 1.0,
  "mean_advantage": 3.259629011154175e-09,
  "std_advantage": 0.4686221778392792,
  "num_groups": 32.0
}
