{
  "type": "rollout",
  "grpo_step": 8,
  "num_questions": 32,
  "group_size": 8.0,
  "num_rollouts": 256,
  "reward": 0.3359375,
  "format_accuracy": 0.9140625,
  "answer_accuracy": 0.3359375,
  "avg_response_token_length": 210.98046875,
  "rollout_seconds": 9.521127462387085,
  "mean_reward": 0.3359375,
  "std_reward": 0.4732423722743988,
  "min_reward": 0.0,
  "max_reward": 1.0,
  "mean_advantage": -5.587935447692871e-09,
  "std_advantage": 0.6416873931884766,
  "num_groups": 32.0
}
