{
  "type": "rollout",
  "grpo_step": 14,
  "num_questions": 32,
  "group_size": 8.0,
  "num_rollouts": 256,
  "reward": 0.01953125,
  "format_accuracy": 0.0234375,
  "answer_accuracy": 0.01953125,
  "avg_response_token_length": 388.21875,
  "rollout_seconds": 15.061087608337402,
  "mean_reward": 0.01953125,
  "std_reward": 0.13865379989147186,
  "min_reward": 0.0,
  "max_reward": 1.0,
  "mean_advantage": 0.0,
  "std_advantage": 0.1232723742723465,
  "num_groups": 32.0
}
