{
  "type": "rollout",
  "grpo_step": 50,
  "num_questions": 32,
  "group_size": 8.0,
  "num_rollouts": 256,
  "reward": 0.46484375,
  "format_accuracy": 0.98828125,
  "answer_accuracy": 0.46484375,
  "avg_response_token_length": 151.49609375,
  "rollout_seconds": 9.372258424758911,
  "mean_reward": 0.46484375,
  "std_reward": 0.49973952770233154,
  "min_reward": 0.0,
  "max_reward": 1.0,
  "mean_advantage": 1.3969838619232178e-09,
  "std_advantage": 0.6416874527931213,
  "num_groups": 32.0
}
