{
  "type": "rollout",
  "grpo_step": 46,
  "num_questions": 32,
  "group_size": 8.0,
  "num_rollouts": 256,
  "reward": 0.31640625,
  "format_accuracy": 0.78515625,
  "answer_accuracy": 0.31640625,
  "avg_response_token_length": 174.765625,
  "rollout_seconds": 8.790648937225342,
  "mean_reward": 0.31640625,
  "std_reward": 0.4659844934940338,
  "min_reward": 0.0,
  "max_reward": 1.0,
  "mean_advantage": 0.0,
  "std_advantage": 0.3590565025806427,
  "num_groups": 32.0
}
