{
  "type": "rollout",
  "grpo_step": 161,
  "num_questions": 32,
  "group_size": 8.0,
  "num_rollouts": 256,
  "reward": 0.80859375,
  "format_accuracy": 0.9453125,
  "answer_accuracy": 0.80859375,
  "avg_response_token_length": 383.0,
  "rollout_seconds": 13.826896905899048,
  "mean_reward": 0.80859375,
  "std_reward": 0.39417868852615356,
  "min_reward": 0.0,
  "max_reward": 1.0,
  "mean_advantage": -9.313225746154785e-10,
  "std_advantage": 0.4686221480369568,
  "num_groups": 32.0
}
