{
  "type": "rollout",
  "grpo_step": 360,
  "num_questions": 32,
  "group_size": 8.0,
  "num_rollouts": 256,
  "reward": 0.70703125,
  "format_accuracy": 0.92578125,
  "answer_accuracy": 0.70703125,
  "avg_response_token_length": 473.578125,
  "rollout_seconds": 11.860524654388428,
  "mean_reward": 0.70703125,
  "std_reward": 0.45601576566696167,
  "min_reward": 0.0,
  "max_reward": 1.0,
  "mean_advantage": -3.026798367500305e-09,
  "std_advantage": 0.5973784923553467,
  "num_groups": 32.0
}
