{
  "type": "rollout",
  "grpo_step": 119,
  "num_questions": 32,
  "group_size": 8.0,
  "num_rollouts": 256,
  "reward": 0.18359375,
  "format_accuracy": 0.64453125,
  "answer_accuracy": 0.18359375,
  "avg_response_token_length": 132.21875,
  "rollout_seconds": 9.844067096710205,
  "mean_reward": 0.18359375,
  "std_reward": 0.3879109025001526,
  "min_reward": 0.0,
  "max_reward": 1.0,
  "mean_advantage": 3.725290298461914e-09,
  "std_advantage": 0.597378671169281,
  "num_groups": 32.0
}
