{
  "type": "rollout",
  "grpo_step": 45,
  "num_questions": 32,
  "group_size": 8.0,
  "num_rollouts": 256,
  "reward": 0.68359375,
  "format_accuracy": 0.90234375,
  "answer_accuracy": 0.68359375,
  "avg_response_token_length": 576.31640625,
  "rollout_seconds": 36.791056394577026,
  "mean_reward": 0.68359375,
  "std_reward": 0.4659844934940338,
  "min_reward": 0.0,
  "max_reward": 1.0,
  "mean_advantage": 0.0,
  "std_advantage": 0.2572478652000427,
  "num_groups": 32.0
}
