{
  "num_examples": 3199,
  "reward": 0.31447327289778054,
  "format_accuracy": 0.9187246014379493,
  "answer_accuracy": 0.31447327289778054,
  "temperature": 1.0,
  "top_p": 1.0,
  "max_tokens": 1024,
  "stop": "</answer>",
  "include_stop_str_in_output": true,
  "eval_seconds": 112.86423850059509
}
