{
  "num_examples": 3199,
  "reward": 0.35135979993748045,
  "format_accuracy": 0.8899656142544545,
  "answer_accuracy": 0.35135979993748045,
  "temperature": 1.0,
  "top_p": 1.0,
  "max_tokens": 1024,
  "stop": "</answer>",
  "include_stop_str_in_output": true,
  "eval_seconds": 168.04693698883057
}
