{
  "num_examples": 3199,
  "reward": 0.278524538918412,
  "format_accuracy": 0.9068458893404189,
  "answer_accuracy": 0.278524538918412,
  "temperature": 1.0,
  "top_p": 1.0,
  "max_tokens": 1024,
  "stop": "</answer>",
  "include_stop_str_in_output": true,
  "eval_seconds": 103.79254817962646
}
