{
  "num_examples": 3199,
  "reward": 0.2800875273522976,
  "format_accuracy": 0.7977492966552048,
  "answer_accuracy": 0.2800875273522976,
  "temperature": 1.0,
  "top_p": 1.0,
  "max_tokens": 1024,
  "stop": "</answer>",
  "include_stop_str_in_output": true,
  "eval_seconds": 110.90558981895447
}
