{
  "num_examples": 3199,
  "reward": 0.323538605814317,
  "format_accuracy": 0.8949671772428884,
  "answer_accuracy": 0.323538605814317,
  "temperature": 1.0,
  "top_p": 1.0,
  "max_tokens": 1024,
  "stop": "</answer>",
  "include_stop_str_in_output": true,
  "eval_seconds": 107.39754438400269
}
