{
  "type": "rollout",
  "grpo_step": 125,
  "num_questions": 32,
  "group_size": 8.0,
  "num_rollouts": 256,
  "reward": 0.22265625,
  "format_accuracy": 1.0,
  "answer_accuracy": 0.22265625,
  "avg_response_token_length": 15.95703125,
  "rollout_seconds": 1.3328049182891846,
  "mean_reward": 0.22265625,
  "std_reward": 0.41684433817863464,
  "min_reward": 0.0,
  "max_reward": 1.0,
  "mean_advantage": 2.3283064365386963e-10,
  "std_advantage": 0.16568289697170258,
  "num_groups": 32.0
}
