{
  "type": "rollout",
  "grpo_step": 120,
  "num_questions": 32,
  "group_size": 8.0,
  "num_rollouts": 256,
  "reward": 0.33203125,
  "format_accuracy": 0.890625,
  "answer_accuracy": 0.33203125,
  "avg_response_token_length": 20.1875,
  "rollout_seconds": 1.8315880298614502,
  "mean_reward": 0.33203125,
  "std_reward": 0.47186464071273804,
  "min_reward": 0.0,
  "max_reward": 1.0,
  "mean_advantage": 9.313225746154785e-09,
  "std_advantage": 0.7029331922531128,
  "num_groups": 32.0
}
