{
  "type": "rollout",
  "grpo_step": 3,
  "num_questions": 32,
  "group_size": 8.0,
  "num_rollouts": 256,
  "reward": 0.17578125,
  "format_accuracy": 0.28515625,
  "answer_accuracy": 0.17578125,
  "avg_response_token_length": 448.4609375,
  "rollout_seconds": 15.088011741638184,
  "mean_reward": 0.17578125,
  "std_reward": 0.38137954473495483,
  "min_reward": 0.0,
  "max_reward": 1.0,
  "mean_advantage": 3.725290298461914e-09,
  "std_advantage": 0.7029334306716919,
  "num_groups": 32.0
}
