{
  "type": "rollout",
  "grpo_step": 154,
  "num_questions": 32,
  "group_size": 8.0,
  "num_rollouts": 256,
  "reward": 0.7109375,
  "format_accuracy": 0.9609375,
  "answer_accuracy": 0.7109375,
  "avg_response_token_length": 368.52734375,
  "rollout_seconds": 25.406403064727783,
  "mean_reward": 0.7109375,
  "std_reward": 0.45421501994132996,
  "min_reward": 0.0,
  "max_reward": 1.0,
  "mean_advantage": -4.190951585769653e-09,
  "std_advantage": 0.6416875123977661,
  "num_groups": 32.0
}
