{
  "type": "rollout",
  "grpo_step": 154,
  "num_questions": 32,
  "group_size": 8.0,
  "num_rollouts": 256,
  "reward": 0.44140625,
  "format_accuracy": 0.56640625,
  "answer_accuracy": 0.44140625,
  "avg_response_token_length": 569.5703125,
  "rollout_seconds": 17.81619954109192,
  "mean_reward": 0.44140625,
  "std_reward": 0.4975275993347168,
  "min_reward": 0.0,
  "max_reward": 1.0,
  "mean_advantage": -2.7939677238464355e-09,
  "std_advantage": 0.6831284761428833,
  "num_groups": 32.0
}
