{
  "type": "rollout",
  "grpo_step": 199,
  "num_questions": 32,
  "group_size": 8.0,
  "num_rollouts": 256,
  "reward": 0.29296875,
  "format_accuracy": 0.82421875,
  "answer_accuracy": 0.29296875,
  "avg_response_token_length": 220.515625,
  "rollout_seconds": 10.713676452636719,
  "mean_reward": 0.29296875,
  "std_reward": 0.45601576566696167,
  "min_reward": 0.0,
  "max_reward": 1.0,
  "mean_advantage": -4.6566128730773926e-09,
  "std_advantage": 0.6831285357475281,
  "num_groups": 32.0
}
