{
  "type": "rollout",
  "grpo_step": 199,
  "num_questions": 32,
  "group_size": 8.0,
  "num_rollouts": 256,
  "reward": 0.40625,
  "format_accuracy": 0.89453125,
  "answer_accuracy": 0.40625,
  "avg_response_token_length": 236.63671875,
  "rollout_seconds": 11.105662822723389,
  "mean_reward": 0.40625,
  "std_reward": 0.49209436774253845,
  "min_reward": 0.0,
  "max_reward": 1.0,
  "mean_advantage": 1.1641532182693481e-09,
  "std_advantage": 0.6199290156364441,
  "num_groups": 32.0
}
