{
  "type": "rollout",
  "grpo_step": 172,
  "num_questions": 32,
  "group_size": 8.0,
  "num_rollouts": 256,
  "reward": 0.46484375,
  "format_accuracy": 1.0,
  "answer_accuracy": 0.46484375,
  "avg_response_token_length": 17.49609375,
  "rollout_seconds": 2.1755826473236084,
  "mean_reward": 0.46484375,
  "std_reward": 0.49973952770233154,
  "min_reward": 0.0,
  "max_reward": 1.0,
  "mean_advantage": -9.313225746154785e-10,
  "std_advantage": 0.40583884716033936,
  "num_groups": 32.0
}
