{
  "type": "rollout",
  "grpo_step": 117,
  "num_questions": 32,
  "group_size": 8.0,
  "num_rollouts": 256,
  "reward": 0.7890625,
  "format_accuracy": 0.9296875,
  "answer_accuracy": 0.7890625,
  "avg_response_token_length": 380.390625,
  "rollout_seconds": 13.219179391860962,
  "mean_reward": 0.7890625,
  "std_reward": 0.408773273229599,
  "min_reward": 0.0,
  "max_reward": 1.0,
  "mean_advantage": 4.656612873077393e-10,
  "std_advantage": 0.438355952501297,
  "num_groups": 32.0
}
