{
  "type": "rollout",
  "grpo_step": 241,
  "num_questions": 32,
  "group_size": 8.0,
  "num_rollouts": 256,
  "reward": 0.81640625,
  "format_accuracy": 0.9453125,
  "answer_accuracy": 0.81640625,
  "avg_response_token_length": 438.9453125,
  "rollout_seconds": 13.2380952835083,
  "mean_reward": 0.81640625,
  "std_reward": 0.3879109025001526,
  "min_reward": 0.0,
  "max_reward": 1.0,
  "mean_advantage": -5.587935447692871e-09,
  "std_advantage": 0.5239355564117432,
  "num_groups": 32.0
}
