{
  "type": "rollout",
  "grpo_step": 29,
  "num_questions": 32,
  "group_size": 8.0,
  "num_rollouts": 256,
  "reward": 0.1640625,
  "format_accuracy": 0.74609375,
  "answer_accuracy": 0.1640625,
  "avg_response_token_length": 85.02734375,
  "rollout_seconds": 6.934130668640137,
  "mean_reward": 0.1640625,
  "std_reward": 0.3710577189922333,
  "min_reward": 0.0,
  "max_reward": 1.0,
  "mean_advantage": 0.0,
  "std_advantage": 0.21917849779129028,
  "num_groups": 32.0
}
