{
  "type": "rollout",
  "grpo_step": 352,
  "num_questions": 32,
  "group_size": 8.0,
  "num_rollouts": 256,
  "reward": 0.68359375,
  "format_accuracy": 0.89453125,
  "answer_accuracy": 0.68359375,
  "avg_response_token_length": 506.32421875,
  "rollout_seconds": 12.308937311172485,
  "mean_reward": 0.68359375,
  "std_reward": 0.4659844934940338,
  "min_reward": 0.0,
  "max_reward": 1.0,
  "mean_advantage": 1.0477378964424133e-09,
  "std_advantage": 0.4970489740371704,
  "num_groups": 32.0
}
