{
  "type": "rollout",
  "grpo_step": 68,
  "num_questions": 32,
  "group_size": 8.0,
  "num_rollouts": 256,
  "reward": 0.4375,
  "format_accuracy": 0.8359375,
  "answer_accuracy": 0.4375,
  "avg_response_token_length": 218.24609375,
  "rollout_seconds": 9.602205991744995,
  "mean_reward": 0.4375,
  "std_reward": 0.49705013632774353,
  "min_reward": 0.0,
  "max_reward": 1.0,
  "mean_advantage": 0.0,
  "std_advantage": 0.7409567832946777,
  "num_groups": 32.0
}
