{
  "type": "rollout",
  "grpo_step": 72,
  "num_questions": 32,
  "group_size": 8.0,
  "num_rollouts": 256,
  "reward": 0.75,
  "format_accuracy": 0.92578125,
  "answer_accuracy": 0.75,
  "avg_response_token_length": 361.6875,
  "rollout_seconds": 12.594056367874146,
  "mean_reward": 0.75,
  "std_reward": 0.4338609278202057,
  "min_reward": 0.0,
  "max_reward": 1.0,
  "mean_advantage": 1.862645149230957e-09,
  "std_advantage": 0.49704882502555847,
  "num_groups": 32.0
}
