{
  "type": "rollout",
  "grpo_step": 50,
  "num_questions": 32,
  "group_size": 8.0,
  "num_rollouts": 256,
  "reward": 0.81640625,
  "format_accuracy": 0.98046875,
  "answer_accuracy": 0.81640625,
  "avg_response_token_length": 275.33203125,
  "rollout_seconds": 10.63973593711853,
  "mean_reward": 0.81640625,
  "std_reward": 0.3879109025001526,
  "min_reward": 0.0,
  "max_reward": 1.0,
  "mean_advantage": -2.7939677238464355e-09,
  "std_advantage": 0.5739426016807556,
  "num_groups": 32.0
}
