{
  "type": "rollout",
  "grpo_step": 19,
  "num_questions": 32,
  "group_size": 8.0,
  "num_rollouts": 256,
  "reward": 0.34375,
  "format_accuracy": 0.99609375,
  "answer_accuracy": 0.34375,
  "avg_response_token_length": 14.46484375,
  "rollout_seconds": 1.2752084732055664,
  "mean_reward": 0.34375,
  "std_reward": 0.47588926553726196,
  "min_reward": 0.0,
  "max_reward": 1.0,
  "mean_advantage": -9.19681042432785e-09,
  "std_advantage": 0.5739426612854004,
  "num_groups": 32.0
}
