{
  "type": "rollout",
  "grpo_step": 18,
  "num_questions": 32,
  "group_size": 8.0,
  "num_rollouts": 256,
  "reward": 0.34765625,
  "format_accuracy": 0.84375,
  "answer_accuracy": 0.34765625,
  "avg_response_token_length": 283.90234375,
  "rollout_seconds": 11.33720088005066,
  "mean_reward": 0.34765625,
  "std_reward": 0.4771590530872345,
  "min_reward": 0.0,
  "max_reward": 1.0,
  "mean_advantage": -4.6566128730773926e-09,
  "std_advantage": 0.7592548131942749,
  "num_groups": 32.0
}
