{
  "type": "rollout",
  "grpo_step": 84,
  "num_questions": 32,
  "group_size": 8.0,
  "num_rollouts": 256,
  "reward": 0.74609375,
  "format_accuracy": 0.9609375,
  "answer_accuracy": 0.74609375,
  "avg_response_token_length": 393.24609375,
  "rollout_seconds": 13.760000467300415,
  "mean_reward": 0.74609375,
  "std_reward": 0.4360972046852112,
  "min_reward": 0.0,
  "max_reward": 1.0,
  "mean_advantage": 4.6566128730773926e-09,
  "std_advantage": 0.6199290156364441,
  "num_groups": 32.0
}
