{
  "type": "rollout",
  "grpo_step": 200,
  "num_questions": 32,
  "group_size": 8.0,
  "num_rollouts": 256,
  "reward": 0.39453125,
  "format_accuracy": 0.98046875,
  "answer_accuracy": 0.39453125,
  "avg_response_token_length": 20.9296875,
  "rollout_seconds": 5.555835008621216,
  "mean_reward": 0.39453125,
  "std_reward": 0.48970717191696167,
  "min_reward": 0.0,
  "max_reward": 1.0,
  "mean_advantage": -5.587935447692871e-09,
  "std_advantage": 0.5739425420761108,
  "num_groups": 32.0
}
