{
  "type": "rollout",
  "grpo_step": 248,
  "num_questions": 32,
  "group_size": 8.0,
  "num_rollouts": 256,
  "reward": 0.75,
  "format_accuracy": 0.93359375,
  "answer_accuracy": 0.75,
  "avg_response_token_length": 478.49609375,
  "rollout_seconds": 12.576329231262207,
  "mean_reward": 0.75,
  "std_reward": 0.4338609278202057,
  "min_reward": 0.0,
  "max_reward": 1.0,
  "mean_advantage": 0.0,
  "std_advantage": 0.4970490038394928,
  "num_groups": 32.0
}
