{
  "type": "rollout",
  "grpo_step": 19,
  "num_questions": 32,
  "group_size": 8.0,
  "num_rollouts": 256,
  "reward": 0.51171875,
  "format_accuracy": 0.90625,
  "answer_accuracy": 0.51171875,
  "avg_response_token_length": 142.0859375,
  "rollout_seconds": 8.268755435943604,
  "mean_reward": 0.51171875,
  "std_reward": 0.5008417963981628,
  "min_reward": 0.0,
  "max_reward": 1.0,
  "mean_advantage": 0.0,
  "std_advantage": 0.3138939440250397,
  "num_groups": 32.0
}
