{
  "type": "rollout",
  "grpo_step": 40,
  "num_questions": 32,
  "group_size": 8.0,
  "num_rollouts": 256,
  "reward": 0.60546875,
  "format_accuracy": 0.90625,
  "answer_accuracy": 0.60546875,
  "avg_response_token_length": 259.76171875,
  "rollout_seconds": 10.567732572555542,
  "mean_reward": 0.60546875,
  "std_reward": 0.48970717191696167,
  "min_reward": 0.0,
  "max_reward": 1.0,
  "mean_advantage": 1.862645149230957e-09,
  "std_advantage": 0.6416873931884766,
  "num_groups": 32.0
}
