{
  "type": "rollout",
  "grpo_step": 87,
  "num_questions": 32,
  "group_size": 8.0,
  "num_rollouts": 256,
  "reward": 0.78515625,
  "format_accuracy": 0.96875,
  "answer_accuracy": 0.78515625,
  "avg_response_token_length": 349.84375,
  "rollout_seconds": 12.423289060592651,
  "mean_reward": 0.78515625,
  "std_reward": 0.4115184545516968,
  "min_reward": 0.0,
  "max_reward": 1.0,
  "mean_advantage": -9.313225746154785e-10,
  "std_advantage": 0.4970490336418152,
  "num_groups": 32.0
}
