{
  "type": "rollout",
  "grpo_step": 127,
  "num_questions": 32,
  "group_size": 8.0,
  "num_rollouts": 256,
  "reward": 0.8125,
  "format_accuracy": 0.87890625,
  "answer_accuracy": 0.8125,
  "avg_response_token_length": 378.99609375,
  "rollout_seconds": 13.132945775985718,
  "mean_reward": 0.8125,
  "std_reward": 0.3910769522190094,
  "min_reward": 0.0,
  "max_reward": 1.0,
  "mean_advantage": 0.0,
  "std_advantage": 0.3019544184207916,
  "num_groups": 32.0
}
