{
  "type": "rollout",
  "grpo_step": 77,
  "num_questions": 32,
  "group_size": 8.0,
  "num_rollouts": 256,
  "reward": 0.6875,
  "format_accuracy": 0.890625,
  "answer_accuracy": 0.6875,
  "avg_response_token_length": 573.43359375,
  "rollout_seconds": 17.165193796157837,
  "mean_reward": 0.6875,
  "std_reward": 0.4644203782081604,
  "min_reward": 0.0,
  "max_reward": 1.0,
  "mean_advantage": -1.6298145055770874e-09,
  "std_advantage": 0.5739425420761108,
  "num_groups": 32.0
}
