{
  "type": "rollout",
  "grpo_step": 77,
  "num_questions": 32,
  "group_size": 8.0,
  "num_rollouts": 256,
  "reward": 0.69921875,
  "format_accuracy": 0.91015625,
  "answer_accuracy": 0.69921875,
  "avg_response_token_length": 560.2421875,
  "rollout_seconds": 17.518319129943848,
  "mean_reward": 0.69921875,
  "std_reward": 0.45949608087539673,
  "min_reward": 0.0,
  "max_reward": 1.0,
  "mean_advantage": 0.0,
  "std_advantage": 0.2647603452205658,
  "num_groups": 32.0
}
