{
  "type": "rollout",
  "grpo_step": 117,
  "num_questions": 32,
  "group_size": 8.0,
  "num_rollouts": 256,
  "reward": 0.6171875,
  "format_accuracy": 0.8984375,
  "answer_accuracy": 0.6171875,
  "avg_response_token_length": 341.02734375,
  "rollout_seconds": 12.554198741912842,
  "mean_reward": 0.6171875,
  "std_reward": 0.48702529072761536,
  "min_reward": 0.0,
  "max_reward": 1.0,
  "mean_advantage": 0.0,
  "std_advantage": 0.28353509306907654,
  "num_groups": 32.0
}
