{
  "type": "rollout",
  "grpo_step": 117,
  "num_questions": 32,
  "group_size": 8.0,
  "num_rollouts": 256,
  "reward": 0.15625,
  "format_accuracy": 1.0,
  "answer_accuracy": 0.15625,
  "avg_response_token_length": 15.75,
  "rollout_seconds": 1.3563823699951172,
  "mean_reward": 0.15625,
  "std_reward": 0.3638034462928772,
  "min_reward": 0.0,
  "max_reward": 1.0,
  "mean_advantage": -9.313225746154785e-10,
  "std_advantage": 0.3313659131526947,
  "num_groups": 32.0
}
