{
  "type": "rollout",
  "grpo_step": 126,
  "num_questions": 32,
  "group_size": 8.0,
  "num_rollouts": 256,
  "reward": 0.59765625,
  "format_accuracy": 0.68359375,
  "answer_accuracy": 0.59765625,
  "avg_response_token_length": 471.44921875,
  "rollout_seconds": 15.618971109390259,
  "mean_reward": 0.59765625,
  "std_reward": 0.4913311004638672,
  "min_reward": 0.0,
  "max_reward": 1.0,
  "mean_advantage": -2.7939677238464355e-09,
  "std_advantage": 0.6416875123977661,
  "num_groups": 32.0
}
