{
  "type": "rollout",
  "grpo_step": 90,
  "num_questions": 32,
  "group_size": 8.0,
  "num_rollouts": 256,
  "reward": 0.890625,
  "format_accuracy": 0.95703125,
  "answer_accuracy": 0.890625,
  "avg_response_token_length": 328.078125,
  "rollout_seconds": 17.55497694015503,
  "mean_reward": 0.890625,
  "std_reward": 0.31272050738334656,
  "min_reward": 0.0,
  "max_reward": 1.0,
  "mean_advantage": -2.7939677238464355e-09,
  "std_advantage": 0.4058387875556946,
  "num_groups": 32.0
}
