{
  "type": "rollout",
  "grpo_step": 1,
  "num_questions": 32,
  "group_size": 8.0,
  "num_rollouts": 256,
  "reward": 0.4609375,
  "format_accuracy": 0.82421875,
  "answer_accuracy": 0.4609375,
  "avg_response_token_length": 620.9140625,
  "rollout_seconds": 23.436611652374268,
  "mean_reward": 0.4609375,
  "std_reward": 0.4994482398033142,
  "min_reward": 0.0,
  "max_reward": 1.0,
  "mean_advantage": 0.0,
  "std_advantage": 0.39357587695121765,
  "num_groups": 32.0
}
