{
  "type": "rollout",
  "grpo_step": 89,
  "num_questions": 32,
  "group_size": 8.0,
  "num_rollouts": 256,
  "reward": 0.76953125,
  "format_accuracy": 0.98046875,
  "answer_accuracy": 0.76953125,
  "avg_response_token_length": 234.53125,
  "rollout_seconds": 11.645855188369751,
  "mean_reward": 0.76953125,
  "std_reward": 0.4219578206539154,
  "min_reward": 0.0,
  "max_reward": 1.0,
  "mean_advantage": -3.259629011154175e-09,
  "std_advantage": 0.5739426612854004,
  "num_groups": 32.0
}
