{
  "type": "rollout",
  "grpo_step": 89,
  "num_questions": 32,
  "group_size": 8.0,
  "num_rollouts": 256,
  "reward": 0.78515625,
  "format_accuracy": 0.91015625,
  "answer_accuracy": 0.78515625,
  "avg_response_token_length": 380.71875,
  "rollout_seconds": 10.847485542297363,
  "mean_reward": 0.78515625,
  "std_reward": 0.4115184545516968,
  "min_reward": 0.0,
  "max_reward": 1.0,
  "mean_advantage": -4.656612873077393e-10,
  "std_advantage": 0.549508273601532,
  "num_groups": 32.0
}
