{
  "type": "rollout",
  "grpo_step": 50,
  "num_questions": 32,
  "group_size": 8.0,
  "num_rollouts": 256,
  "reward": 0.27734375,
  "format_accuracy": 0.76171875,
  "answer_accuracy": 0.27734375,
  "avg_response_token_length": 157.27734375,
  "rollout_seconds": 8.489661455154419,
  "mean_reward": 0.27734375,
  "std_reward": 0.4485645592212677,
  "min_reward": 0.0,
  "max_reward": 1.0,
  "mean_advantage": -2.7939677238464355e-09,
  "std_advantage": 0.7221954464912415,
  "num_groups": 32.0
}
