{
  "type": "rollout",
  "grpo_step": 85,
  "num_questions": 32,
  "group_size": 8.0,
  "num_rollouts": 256,
  "reward": 0.28125,
  "format_accuracy": 0.60546875,
  "answer_accuracy": 0.28125,
  "avg_response_token_length": 402.12890625,
  "rollout_seconds": 19.573564052581787,
  "mean_reward": 0.28125,
  "std_reward": 0.45048993825912476,
  "min_reward": 0.0,
  "max_reward": 1.0,
  "mean_advantage": 0.0,
  "std_advantage": 0.32236868143081665,
  "num_groups": 32.0
}
