{
  "type": "rollout",
  "grpo_step": 3,
  "num_questions": 32,
  "group_size": 8.0,
  "num_rollouts": 256,
  "reward": 0.30859375,
  "format_accuracy": 0.765625,
  "answer_accuracy": 0.30859375,
  "avg_response_token_length": 166.75390625,
  "rollout_seconds": 8.710659265518188,
  "mean_reward": 0.30859375,
  "std_reward": 0.46281784772872925,
  "min_reward": 0.0,
  "max_reward": 1.0,
  "mean_advantage": 9.313225746154785e-10,
  "std_advantage": 0.7771221995353699,
  "num_groups": 32.0
}
