{
  "type": "rollout",
  "grpo_step": 152,
  "num_questions": 32,
  "group_size": 8.0,
  "num_rollouts": 256,
  "reward": 0.69921875,
  "format_accuracy": 0.9921875,
  "answer_accuracy": 0.69921875,
  "avg_response_token_length": 336.58203125,
  "rollout_seconds": 12.007411003112793,
  "mean_reward": 0.69921875,
  "std_reward": 0.45949608087539673,
  "min_reward": 0.0,
  "max_reward": 1.0,
  "mean_advantage": -3.026798367500305e-09,
  "std_advantage": 0.6416873335838318,
  "num_groups": 32.0
}
