{
  "type": "rollout",
  "grpo_step": 188,
  "num_questions": 32,
  "group_size": 8.0,
  "num_rollouts": 256,
  "reward": 0.7578125,
  "format_accuracy": 0.9140625,
  "answer_accuracy": 0.7578125,
  "avg_response_token_length": 458.30859375,
  "rollout_seconds": 11.977264165878296,
  "mean_reward": 0.7578125,
  "std_reward": 0.42924636602401733,
  "min_reward": 0.0,
  "max_reward": 1.0,
  "mean_advantage": -6.05359673500061e-09,
  "std_advantage": 0.497048944234848,
  "num_groups": 32.0
}
