{
  "type": "rollout",
  "grpo_step": 25,
  "num_questions": 32,
  "group_size": 8.0,
  "num_rollouts": 256,
  "reward": 0.45703125,
  "format_accuracy": 0.953125,
  "answer_accuracy": 0.45703125,
  "avg_response_token_length": 198.84375,
  "rollout_seconds": 9.301223516464233,
  "mean_reward": 0.45703125,
  "std_reward": 0.4991260766983032,
  "min_reward": 0.0,
  "max_reward": 1.0,
  "mean_advantage": -5.587935447692871e-09,
  "std_advantage": 0.7592548131942749,
  "num_groups": 32.0
}
