{
  "type": "rollout",
  "grpo_step": 32,
  "num_questions": 32,
  "group_size": 8.0,
  "num_rollouts": 256,
  "reward": 0.3828125,
  "format_accuracy": 0.87109375,
  "answer_accuracy": 0.3828125,
  "avg_response_token_length": 41.734375,
  "rollout_seconds": 5.8704612255096436,
  "mean_reward": 0.3828125,
  "std_reward": 0.48702529072761536,
  "min_reward": 0.0,
  "max_reward": 1.0,
  "mean_advantage": 0.0,
  "std_advantage": 0.6831283569335938,
  "num_groups": 32.0
}
