{
  "type": "rollout",
  "grpo_step": 182,
  "num_questions": 32,
  "group_size": 8.0,
  "num_rollouts": 256,
  "reward": 0.484375,
  "format_accuracy": 0.6953125,
  "answer_accuracy": 0.484375,
  "avg_response_token_length": 470.63671875,
  "rollout_seconds": 15.841712474822998,
  "mean_reward": 0.484375,
  "std_reward": 0.5007347464561462,
  "min_reward": 0.0,
  "max_reward": 1.0,
  "mean_advantage": 4.6566128730773926e-09,
  "std_advantage": 0.7945877313613892,
  "num_groups": 32.0
}
