{
  "type": "rollout",
  "grpo_step": 29,
  "num_questions": 32,
  "group_size": 8.0,
  "num_rollouts": 256,
  "reward": 0.421875,
  "format_accuracy": 0.875,
  "answer_accuracy": 0.421875,
  "avg_response_token_length": 344.40625,
  "rollout_seconds": 12.232369661331177,
  "mean_reward": 0.421875,
  "std_reward": 0.49482616782188416,
  "min_reward": 0.0,
  "max_reward": 1.0,
  "mean_advantage": -3.725290298461914e-09,
  "std_advantage": 0.6831284165382385,
  "num_groups": 32.0
}
