{
  "type": "rollout",
  "grpo_step": 27,
  "num_questions": 32,
  "group_size": 8.0,
  "num_rollouts": 256,
  "reward": 0.5625,
  "format_accuracy": 0.91796875,
  "answer_accuracy": 0.5625,
  "avg_response_token_length": 249.15625,
  "rollout_seconds": 10.320122957229614,
  "mean_reward": 0.5625,
  "std_reward": 0.49705013632774353,
  "min_reward": 0.0,
  "max_reward": 1.0,
  "mean_advantage": 0.0,
  "std_advantage": 0.7771219611167908,
  "num_groups": 32.0
}
