{
  "type": "rollout",
  "grpo_step": 153,
  "num_questions": 32,
  "group_size": 8.0,
  "num_rollouts": 256,
  "reward": 0.42578125,
  "format_accuracy": 0.98828125,
  "answer_accuracy": 0.42578125,
  "avg_response_token_length": 24.0234375,
  "rollout_seconds": 4.458398818969727,
  "mean_reward": 0.42578125,
  "std_reward": 0.49542948603630066,
  "min_reward": 0.0,
  "max_reward": 1.0,
  "mean_advantage": 3.725290298461914e-09,
  "std_advantage": 0.4383557438850403,
  "num_groups": 32.0
}
