{
  "type": "rollout",
  "grpo_step": 16,
  "num_questions": 32,
  "group_size": 8.0,
  "num_rollouts": 256,
  "reward": 0.40625,
  "format_accuracy": 0.94140625,
  "answer_accuracy": 0.40625,
  "avg_response_token_length": 255.46875,
  "rollout_seconds": 10.358318090438843,
  "mean_reward": 0.40625,
  "std_reward": 0.49209436774253845,
  "min_reward": 0.0,
  "max_reward": 1.0,
  "mean_advantage": -6.51925802230835e-09,
  "std_advantage": 0.7592548727989197,
  "num_groups": 32.0
}
