{
  "type": "rollout",
  "grpo_step": 28,
  "num_questions": 32,
  "group_size": 8.0,
  "num_rollouts": 256,
  "reward": 0.4609375,
  "format_accuracy": 0.9140625,
  "answer_accuracy": 0.4609375,
  "avg_response_token_length": 290.5,
  "rollout_seconds": 11.491865634918213,
  "mean_reward": 0.4609375,
  "std_reward": 0.4994482398033142,
  "min_reward": 0.0,
  "max_reward": 1.0,
  "mean_advantage": 0.0,
  "std_advantage": 0.8284148573875427,
  "num_groups": 32.0
}
