{
  "type": "rollout",
  "grpo_step": 159,
  "num_questions": 32,
  "group_size": 8.0,
  "num_rollouts": 256,
  "reward": 0.1953125,
  "format_accuracy": 0.73046875,
  "answer_accuracy": 0.1953125,
  "avg_response_token_length": 215.609375,
  "rollout_seconds": 9.873135805130005,
  "mean_reward": 0.1953125,
  "std_reward": 0.39721766114234924,
  "min_reward": 0.0,
  "max_reward": 1.0,
  "mean_advantage": 3.026798367500305e-09,
  "std_advantage": 0.7029334306716919,
  "num_groups": 32.0
}
