{
  "type": "rollout",
  "grpo_step": 278,
  "num_questions": 32,
  "group_size": 8.0,
  "num_rollouts": 256,
  "reward": 0.67578125,
  "format_accuracy": 0.94140625,
  "answer_accuracy": 0.67578125,
  "avg_response_token_length": 436.484375,
  "rollout_seconds": 32.52472710609436,
  "mean_reward": 0.67578125,
  "std_reward": 0.46899911761283875,
  "min_reward": 0.0,
  "max_reward": 1.0,
  "mean_advantage": 2.7939677238464355e-09,
  "std_advantage": 0.6199290752410889,
  "num_groups": 32.0
}
