{
  "type": "rollout",
  "grpo_step": 126,
  "num_questions": 32,
  "group_size": 8.0,
  "num_rollouts": 256,
  "reward": 0.6796875,
  "format_accuracy": 0.8828125,
  "answer_accuracy": 0.6796875,
  "avg_response_token_length": 292.19921875,
  "rollout_seconds": 11.753939151763916,
  "mean_reward": 0.6796875,
  "std_reward": 0.4675106108188629,
  "min_reward": 0.0,
  "max_reward": 1.0,
  "mean_advantage": 9.313225746154785e-10,
  "std_advantage": 0.6416875123977661,
  "num_groups": 32.0
}
