{
  "type": "rollout",
  "grpo_step": 299,
  "num_questions": 32,
  "group_size": 8.0,
  "num_rollouts": 256,
  "reward": 0.81640625,
  "format_accuracy": 0.97265625,
  "answer_accuracy": 0.81640625,
  "avg_response_token_length": 351.63671875,
  "rollout_seconds": 9.732115030288696,
  "mean_reward": 0.81640625,
  "std_reward": 0.3879109025001526,
  "min_reward": 0.0,
  "max_reward": 1.0,
  "mean_advantage": -5.587935447692871e-09,
  "std_advantage": 0.5495083928108215,
  "num_groups": 32.0
}
