{
  "type": "rollout",
  "grpo_step": 299,
  "num_questions": 32,
  "group_size": 8.0,
  "num_rollouts": 256,
  "reward": 0.8359375,
  "format_accuracy": 0.98046875,
  "answer_accuracy": 0.8359375,
  "avg_response_token_length": 382.7109375,
  "rollout_seconds": 13.17104983329773,
  "mean_reward": 0.8359375,
  "std_reward": 0.3710577189922333,
  "min_reward": 0.0,
  "max_reward": 1.0,
  "mean_advantage": -4.656612873077393e-10,
  "std_advantage": 0.5495082139968872,
  "num_groups": 32.0
}
