{
  "type": "rollout",
  "grpo_step": 194,
  "num_questions": 32,
  "group_size": 8.0,
  "num_rollouts": 256,
  "reward": 0.6328125,
  "format_accuracy": 0.77734375,
  "answer_accuracy": 0.6328125,
  "avg_response_token_length": 356.95703125,
  "rollout_seconds": 12.989835023880005,
  "mean_reward": 0.6328125,
  "std_reward": 0.48298245668411255,
  "min_reward": 0.0,
  "max_reward": 1.0,
  "mean_advantage": -2.3283064365386963e-09,
  "std_advantage": 0.5495082139968872,
  "num_groups": 32.0
}
