{
  "type": "rollout",
  "grpo_step": 134,
  "num_questions": 32,
  "group_size": 8.0,
  "num_rollouts": 256,
  "reward": 0.49609375,
  "format_accuracy": 0.76953125,
  "answer_accuracy": 0.49609375,
  "avg_response_token_length": 419.3828125,
  "rollout_seconds": 28.362886428833008,
  "mean_reward": 0.49609375,
  "std_reward": 0.5009641647338867,
  "min_reward": 0.0,
  "max_reward": 1.0,
  "mean_advantage": -4.656612873077393e-10,
  "std_advantage": 0.6199288964271545,
  "num_groups": 32.0
}
