{
  "type": "rollout",
  "grpo_step": 157,
  "num_questions": 32,
  "group_size": 8.0,
  "num_rollouts": 256,
  "reward": 0.33203125,
  "format_accuracy": 1.0,
  "answer_accuracy": 0.33203125,
  "avg_response_token_length": 15.00390625,
  "rollout_seconds": 1.3907763957977295,
  "mean_reward": 0.33203125,
  "std_reward": 0.47186464071273804,
  "min_reward": 0.0,
  "max_reward": 1.0,
  "mean_advantage": 0.0,
  "std_advantage": 0.4686221480369568,
  "num_groups": 32.0
}
