{
  "type": "rollout",
  "grpo_step": 120,
  "num_questions": 32,
  "group_size": 8.0,
  "num_rollouts": 256,
  "reward": 0.54296875,
  "format_accuracy": 0.94921875,
  "answer_accuracy": 0.54296875,
  "avg_response_token_length": 342.80078125,
  "rollout_seconds": 12.205886602401733,
  "mean_reward": 0.54296875,
  "std_reward": 0.4991260766983032,
  "min_reward": 0.0,
  "max_reward": 1.0,
  "mean_advantage": 7.450580596923828e-09,
  "std_advantage": 0.5239355564117432,
  "num_groups": 32.0
}
