{
  "type": "rollout",
  "grpo_step": 142,
  "num_questions": 32,
  "group_size": 8.0,
  "num_rollouts": 256,
  "reward": 0.70703125,
  "format_accuracy": 0.93359375,
  "answer_accuracy": 0.70703125,
  "avg_response_token_length": 387.16796875,
  "rollout_seconds": 13.39509916305542,
  "mean_reward": 0.70703125,
  "std_reward": 0.45601576566696167,
  "min_reward": 0.0,
  "max_reward": 1.0,
  "mean_advantage": 2.7939677238464355e-09,
  "std_advantage": 0.497048944234848,
  "num_groups": 32.0
}
