{
  "type": "rollout",
  "grpo_step": 25,
  "num_questions": 32,
  "group_size": 8.0,
  "num_rollouts": 256,
  "reward": 0.05859375,
  "format_accuracy": 0.4375,
  "answer_accuracy": 0.05859375,
  "avg_response_token_length": 265.2890625,
  "rollout_seconds": 13.189935684204102,
  "mean_reward": 0.05859375,
  "std_reward": 0.23532283306121826,
  "min_reward": 0.0,
  "max_reward": 1.0,
  "mean_advantage": 7.450580596923828e-09,
  "std_advantage": 0.5495080947875977,
  "num_groups": 32.0
}
