{
  "type": "rollout",
  "grpo_step": 158,
  "num_questions": 32,
  "group_size": 8.0,
  "num_rollouts": 256,
  "reward": 0.65625,
  "format_accuracy": 0.9140625,
  "answer_accuracy": 0.65625,
  "avg_response_token_length": 233.91015625,
  "rollout_seconds": 10.231462240219116,
  "mean_reward": 0.65625,
  "std_reward": 0.47588926553726196,
  "min_reward": 0.0,
  "max_reward": 1.0,
  "mean_advantage": -1.3969838619232178e-09,
  "std_advantage": 0.6831284165382385,
  "num_groups": 32.0
}
