{
  "type": "rollout",
  "grpo_step": 2,
  "num_questions": 32,
  "group_size": 8.0,
  "num_rollouts": 256,
  "reward": 0.0390625,
  "format_accuracy": 0.078125,
  "answer_accuracy": 0.0390625,
  "avg_response_token_length": 502.6796875,
  "rollout_seconds": 16.58192253112793,
  "mean_reward": 0.0390625,
  "std_reward": 0.19412322342395782,
  "min_reward": 0.0,
  "max_reward": 1.0,
  "mean_advantage": 9.313225746154785e-10,
  "std_advantage": 0.4686220586299896,
  "num_groups": 32.0
}
