{
  "type": "rollout",
  "grpo_step": 132,
  "num_questions": 32,
  "group_size": 8.0,
  "num_rollouts": 256,
  "reward": 0.703125,
  "format_accuracy": 0.9296875,
  "answer_accuracy": 0.703125,
  "avg_response_token_length": 396.96875,
  "rollout_seconds": 22.05167579650879,
  "mean_reward": 0.703125,
  "std_reward": 0.45777595043182373,
  "min_reward": 0.0,
  "max_reward": 1.0,
  "mean_advantage": 4.656612873077393e-10,
  "std_advantage": 0.5495083928108215,
  "num_groups": 32.0
}
