{
  "type": "rollout",
  "grpo_step": 86,
  "num_questions": 32,
  "group_size": 8.0,
  "num_rollouts": 256,
  "reward": 0.71875,
  "format_accuracy": 0.9375,
  "answer_accuracy": 0.71875,
  "avg_response_token_length": 409.1796875,
  "rollout_seconds": 10.685280799865723,
  "mean_reward": 0.71875,
  "std_reward": 0.45048993825912476,
  "min_reward": 0.0,
  "max_reward": 1.0,
  "mean_advantage": -3.725290298461914e-09,
  "std_advantage": 0.6199288368225098,
  "num_groups": 32.0
}
