{
  "type": "rollout",
  "grpo_step": 86,
  "num_questions": 32,
  "group_size": 8.0,
  "num_rollouts": 256,
  "reward": 0.68359375,
  "format_accuracy": 0.9453125,
  "answer_accuracy": 0.68359375,
  "avg_response_token_length": 260.64453125,
  "rollout_seconds": 10.677207231521606,
  "mean_reward": 0.68359375,
  "std_reward": 0.4659844934940338,
  "min_reward": 0.0,
  "max_reward": 1.0,
  "mean_advantage": 0.0,
  "std_advantage": 0.5973784923553467,
  "num_groups": 32.0
}
