{
  "type": "rollout",
  "grpo_step": 108,
  "num_questions": 32,
  "group_size": 8.0,
  "num_rollouts": 256,
  "reward": 0.3125,
  "format_accuracy": 1.0,
  "answer_accuracy": 0.3125,
  "avg_response_token_length": 14.28125,
  "rollout_seconds": 3.349384307861328,
  "mean_reward": 0.3125,
  "std_reward": 0.4644203782081604,
  "min_reward": 0.0,
  "max_reward": 1.0,
  "mean_advantage": 1.862645149230957e-09,
  "std_advantage": 0.3704782724380493,
  "num_groups": 32.0
}
