{
  "type": "rollout",
  "grpo_step": 60,
  "num_questions": 32,
  "group_size": 8.0,
  "num_rollouts": 256,
  "reward": 0.16796875,
  "format_accuracy": 0.9609375,
  "answer_accuracy": 0.16796875,
  "avg_response_token_length": 38.96875,
  "rollout_seconds": 5.7421205043792725,
  "mean_reward": 0.16796875,
  "std_reward": 0.3745708465576172,
  "min_reward": 0.0,
  "max_reward": 1.0,
  "mean_advantage": 0.0,
  "std_advantage": 0.5739426612854004,
  "num_groups": 32.0
}
