{
  "type": "rollout",
  "grpo_step": 38,
  "num_questions": 32,
  "group_size": 8.0,
  "num_rollouts": 256,
  "reward": 0.296875,
  "format_accuracy": 0.984375,
  "answer_accuracy": 0.296875,
  "avg_response_token_length": 23.83984375,
  "rollout_seconds": 1.8030555248260498,
  "mean_reward": 0.296875,
  "std_reward": 0.45777595043182373,
  "min_reward": 0.0,
  "max_reward": 1.0,
  "mean_advantage": -1.3969838619232178e-09,
  "std_advantage": 0.2869713008403778,
  "num_groups": 32.0
}
