{
  "type": "rollout",
  "grpo_step": 198,
  "num_questions": 32,
  "group_size": 8.0,
  "num_rollouts": 256,
  "reward": 0.6640625,
  "format_accuracy": 0.9140625,
  "answer_accuracy": 0.6640625,
  "avg_response_token_length": 483.1640625,
  "rollout_seconds": 12.246946573257446,
  "mean_reward": 0.6640625,
  "std_reward": 0.4732423722743988,
  "min_reward": 0.0,
  "max_reward": 1.0,
  "mean_advantage": 1.862645149230957e-09,
  "std_advantage": 0.4970489740371704,
  "num_groups": 32.0
}
