{
  "type": "rollout",
  "grpo_step": 176,
  "num_questions": 32,
  "group_size": 8.0,
  "num_rollouts": 256,
  "reward": 0.328125,
  "format_accuracy": 0.9921875,
  "answer_accuracy": 0.328125,
  "avg_response_token_length": 24.8984375,
  "rollout_seconds": 5.628493070602417,
  "mean_reward": 0.328125,
  "std_reward": 0.47045034170150757,
  "min_reward": 0.0,
  "max_reward": 1.0,
  "mean_advantage": -1.862645149230957e-09,
  "std_advantage": 0.3313659727573395,
  "num_groups": 32.0
}
