{
  "type": "rollout",
  "grpo_step": 13,
  "num_questions": 32,
  "group_size": 8.0,
  "num_rollouts": 256,
  "reward": 0.4453125,
  "format_accuracy": 0.95703125,
  "answer_accuracy": 0.4453125,
  "avg_response_token_length": 148.7578125,
  "rollout_seconds": 8.04615831375122,
  "mean_reward": 0.4453125,
  "std_reward": 0.49797382950782776,
  "min_reward": 0.0,
  "max_reward": 1.0,
  "mean_advantage": 7.450580596923828e-09,
  "std_advantage": 0.7771220803260803,
  "num_groups": 32.0
}
