{
  "type": "rollout",
  "grpo_step": 10,
  "num_questions": 32,
  "group_size": 8.0,
  "num_rollouts": 256,
  "reward": 0.66796875,
  "format_accuracy": 0.90625,
  "answer_accuracy": 0.66796875,
  "avg_response_token_length": 239.6328125,
  "rollout_seconds": 10.0785551071167,
  "mean_reward": 0.66796875,
  "std_reward": 0.47186464071273804,
  "min_reward": 0.0,
  "max_reward": 1.0,
  "mean_advantage": -1.3969838619232178e-09,
  "std_advantage": 0.5973784327507019,
  "num_groups": 32.0
}
