{
  "type": "rollout",
  "grpo_step": 180,
  "num_questions": 32,
  "group_size": 8.0,
  "num_rollouts": 256,
  "reward": 0.70703125,
  "format_accuracy": 0.94921875,
  "answer_accuracy": 0.70703125,
  "avg_response_token_length": 308.28515625,
  "rollout_seconds": 11.449207067489624,
  "mean_reward": 0.70703125,
  "std_reward": 0.45601576566696167,
  "min_reward": 0.0,
  "max_reward": 1.0,
  "mean_advantage": 9.313225746154785e-10,
  "std_advantage": 0.6416873931884766,
  "num_groups": 32.0
}
