{
  "num_examples": 1024,
  "reward": 0.1650390625,
  "format_accuracy": 0.8720703125,
  "answer_accuracy": 0.1650390625,
  "temperature": 1.0,
  "top_p": 1.0,
  "max_tokens": 1024,
  "stop": "</answer>",
  "include_stop_str_in_output": true,
  "eval_seconds": 16.689597129821777
}
