{
  "num_examples": 1024,
  "reward": 0.7978515625,
  "format_accuracy": 0.9541015625,
  "answer_accuracy": 0.7978515625,
  "temperature": 1.0,
  "top_p": 1.0,
  "max_tokens": 1024,
  "stop": null,
  "include_stop_str_in_output": false,
  "eval_seconds": 64.26195549964905
}
