{
  "num_examples": 1024,
  "reward": 0.740234375,
  "format_accuracy": 0.9267578125,
  "answer_accuracy": 0.740234375,
  "temperature": 1.0,
  "top_p": 1.0,
  "max_tokens": 1024,
  "stop": null,
  "include_stop_str_in_output": false,
  "eval_seconds": 100.32386636734009
}
