{
  "num_examples": 1024,
  "reward": 0.7861328125,
  "format_accuracy": 0.96484375,
  "answer_accuracy": 0.7861328125,
  "temperature": 1.0,
  "top_p": 1.0,
  "max_tokens": 1024,
  "stop": null,
  "include_stop_str_in_output": false,
  "eval_seconds": 91.40762424468994
}
