{
  "num_examples": 1024,
  "reward": 0.8037109375,
  "format_accuracy": 0.9638671875,
  "answer_accuracy": 0.8037109375,
  "temperature": 1.0,
  "top_p": 1.0,
  "max_tokens": 1024,
  "stop": null,
  "include_stop_str_in_output": false,
  "eval_seconds": 65.00263404846191
}
