{
  "num_examples": 1024,
  "reward": 0.5673828125,
  "format_accuracy": 0.79296875,
  "answer_accuracy": 0.5673828125,
  "temperature": 1.0,
  "top_p": 1.0,
  "max_tokens": 1024,
  "stop": null,
  "include_stop_str_in_output": false,
  "eval_seconds": 116.83507919311523
}
