{
  "num_examples": 1024,
  "reward": 0.8447265625,
  "format_accuracy": 0.9833984375,
  "answer_accuracy": 0.8447265625,
  "temperature": 1.0,
  "top_p": 1.0,
  "max_tokens": 1024,
  "stop": null,
  "include_stop_str_in_output": false,
  "eval_seconds": 58.050137996673584
}
