{
  "num_examples": 1024,
  "reward": 0.83984375,
  "format_accuracy": 0.9853515625,
  "answer_accuracy": 0.83984375,
  "temperature": 1.0,
  "top_p": 1.0,
  "max_tokens": 1024,
  "stop": null,
  "include_stop_str_in_output": false,
  "eval_seconds": 56.434813022613525
}
