{
  "num_examples": 1024,
  "reward": 0.7783203125,
  "format_accuracy": 0.94921875,
  "answer_accuracy": 0.7783203125,
  "temperature": 1.0,
  "top_p": 1.0,
  "max_tokens": 1024,
  "stop": null,
  "include_stop_str_in_output": false,
  "eval_seconds": 97.85335946083069
}
