{
  "num_examples": 1024,
  "reward": 0.7958984375,
  "format_accuracy": 0.9775390625,
  "answer_accuracy": 0.7958984375,
  "temperature": 1.0,
  "top_p": 1.0,
  "max_tokens": 1024,
  "stop": null,
  "include_stop_str_in_output": false,
  "eval_seconds": 71.69239497184753
}
