{
  "num_examples": 1024,
  "reward": 0.8154296875,
  "format_accuracy": 0.9873046875,
  "answer_accuracy": 0.8154296875,
  "temperature": 1.0,
  "top_p": 1.0,
  "max_tokens": 1024,
  "stop": null,
  "include_stop_str_in_output": false,
  "eval_seconds": 57.985235929489136
}
