{
  "type": "rollout",
  "grpo_step": 37,
  "num_questions": 32,
  "group_size": 8.0,
  "num_rollouts": 256,
  "reward": 0.73046875,
  "format_accuracy": 0.8828125,
  "answer_accuracy": 0.73046875,
  "avg_response_token_length": 535.890625,
  "rollout_seconds": 23.349689960479736,
  "mean_reward": 0.73046875,
  "std_reward": 0.4445854723453522,
  "min_reward": 0.0,
  "max_reward": 1.0,
  "mean_advantage": 0.0,
  "std_advantage": 0.29621797800064087,
  "num_groups": 32.0
}
