{
  "type": "rollout",
  "grpo_step": 163,
  "num_questions": 32,
  "group_size": 8.0,
  "num_rollouts": 256,
  "reward": 0.359375,
  "format_accuracy": 0.63671875,
  "answer_accuracy": 0.359375,
  "avg_response_token_length": 377.96484375,
  "rollout_seconds": 13.269111633300781,
  "mean_reward": 0.359375,
  "std_reward": 0.4807571768760681,
  "min_reward": 0.0,
  "max_reward": 1.0,
  "mean_advantage": 0.0,
  "std_advantage": 0.35837322473526,
  "num_groups": 32.0
}
