{
  "type": "rollout",
  "grpo_step": 124,
  "num_questions": 32,
  "group_size": 8.0,
  "num_rollouts": 256,
  "reward": 0.390625,
  "format_accuracy": 0.8515625,
  "answer_accuracy": 0.390625,
  "avg_response_token_length": 160.19921875,
  "rollout_seconds": 8.654462337493896,
  "mean_reward": 0.390625,
  "std_reward": 0.48884618282318115,
  "min_reward": 0.0,
  "max_reward": 1.0,
  "mean_advantage": -3.259629011154175e-09,
  "std_advantage": 0.7771222591400146,
  "num_groups": 32.0
}
