{
  "type": "rollout",
  "grpo_step": 351,
  "num_questions": 32,
  "group_size": 8.0,
  "num_rollouts": 256,
  "reward": 0.8359375,
  "format_accuracy": 0.96484375,
  "answer_accuracy": 0.8359375,
  "avg_response_token_length": 364.48046875,
  "rollout_seconds": 12.769051790237427,
  "mean_reward": 0.8359375,
  "std_reward": 0.3710577189922333,
  "min_reward": 0.0,
  "max_reward": 1.0,
  "mean_advantage": -2.7939677238464355e-09,
  "std_advantage": 0.46862226724624634,
  "num_groups": 32.0
}
