{
  "type": "rollout",
  "grpo_step": 351,
  "num_questions": 32,
  "group_size": 8.0,
  "num_rollouts": 256,
  "reward": 0.87109375,
  "format_accuracy": 0.9765625,
  "answer_accuracy": 0.87109375,
  "avg_response_token_length": 370.22265625,
  "rollout_seconds": 10.234823942184448,
  "mean_reward": 0.87109375,
  "std_reward": 0.33575254678726196,
  "min_reward": 0.0,
  "max_reward": 1.0,
  "mean_advantage": 0.0,
  "std_advantage": 0.4686222970485687,
  "num_groups": 32.0
}
