{
  "type": "rollout",
  "grpo_step": 86,
  "num_questions": 32,
  "group_size": 8.0,
  "num_rollouts": 256,
  "reward": 0.8046875,
  "format_accuracy": 0.96875,
  "answer_accuracy": 0.8046875,
  "avg_response_token_length": 469.78515625,
  "rollout_seconds": 15.063632249832153,
  "mean_reward": 0.8046875,
  "std_reward": 0.39721766114234924,
  "min_reward": 0.0,
  "max_reward": 1.0,
  "mean_advantage": -7.450580596923828e-09,
  "std_advantage": 0.5739426612854004,
  "num_groups": 32.0
}
