{
  "type": "rollout",
  "grpo_step": 56,
  "num_questions": 32,
  "group_size": 8.0,
  "num_rollouts": 256,
  "reward": 0.62890625,
  "format_accuracy": 0.875,
  "answer_accuracy": 0.62890625,
  "avg_response_token_length": 376.94921875,
  "rollout_seconds": 12.94767427444458,
  "mean_reward": 0.62890625,
  "std_reward": 0.48404380679130554,
  "min_reward": 0.0,
  "max_reward": 1.0,
  "mean_advantage": 1.862645149230957e-09,
  "std_advantage": 0.5495083332061768,
  "num_groups": 32.0
}
