{
  "type": "rollout",
  "grpo_step": 81,
  "num_questions": 32,
  "group_size": 8.0,
  "num_rollouts": 256,
  "reward": 0.23828125,
  "format_accuracy": 0.62109375,
  "answer_accuracy": 0.23828125,
  "avg_response_token_length": 395.26171875,
  "rollout_seconds": 13.727315425872803,
  "mean_reward": 0.23828125,
  "std_reward": 0.4268665611743927,
  "min_reward": 0.0,
  "max_reward": 1.0,
  "mean_advantage": 0.0,
  "std_advantage": 0.3231281042098999,
  "num_groups": 32.0
}
