{
  "type": "rollout",
  "grpo_step": 81,
  "num_questions": 32,
  "group_size": 8.0,
  "num_rollouts": 256,
  "reward": 0.765625,
  "format_accuracy": 0.93359375,
  "answer_accuracy": 0.765625,
  "avg_response_token_length": 386.99609375,
  "rollout_seconds": 13.182758569717407,
  "mean_reward": 0.765625,
  "std_reward": 0.42443734407424927,
  "min_reward": 0.0,
  "max_reward": 1.0,
  "mean_advantage": 9.313225746154785e-10,
  "std_advantage": 0.6627318263053894,
  "num_groups": 32.0
}
