{
  "type": "rollout",
  "grpo_step": 54,
  "num_questions": 32,
  "group_size": 8.0,
  "num_rollouts": 256,
  "reward": 0.33984375,
  "format_accuracy": 0.78515625,
  "answer_accuracy": 0.33984375,
  "avg_response_token_length": 232.5546875,
  "rollout_seconds": 13.438021421432495,
  "mean_reward": 0.33984375,
  "std_reward": 0.47458380460739136,
  "min_reward": 0.0,
  "max_reward": 1.0,
  "mean_advantage": 0.0,
  "std_advantage": 0.7029333114624023,
  "num_groups": 32.0
}
