{
  "type": "rollout",
  "grpo_step": 67,
  "num_questions": 32,
  "group_size": 8.0,
  "num_rollouts": 256,
  "reward": 0.6328125,
  "format_accuracy": 0.921875,
  "answer_accuracy": 0.6328125,
  "avg_response_token_length": 393.69921875,
  "rollout_seconds": 17.32960557937622,
  "mean_reward": 0.6328125,
  "std_reward": 0.48298245668411255,
  "min_reward": 0.0,
  "max_reward": 1.0,
  "mean_advantage": 0.0,
  "std_advantage": 0.6199290156364441,
  "num_groups": 32.0
}
