{
  "type": "rollout",
  "grpo_step": 19,
  "num_questions": 32,
  "group_size": 8.0,
  "num_rollouts": 256,
  "reward": 0.34765625,
  "format_accuracy": 0.90234375,
  "answer_accuracy": 0.34765625,
  "avg_response_token_length": 342.109375,
  "rollout_seconds": 12.2001793384552,
  "mean_reward": 0.34765625,
  "std_reward": 0.4771590530872345,
  "min_reward": 0.0,
  "max_reward": 1.0,
  "mean_advantage": 4.6566128730773926e-09,
  "std_advantage": 0.6199289560317993,
  "num_groups": 32.0
}
