{
  "num_examples": 3199,
  "reward": 0.29384182557049077,
  "format_accuracy": 0.891216005001563,
  "answer_accuracy": 0.29384182557049077,
  "temperature": 1.0,
  "top_p": 1.0,
  "max_tokens": 1024,
  "stop": "</answer>",
  "include_stop_str_in_output": true,
  "eval_seconds": 92.81991147994995
}
