{
  "type": "rollout",
  "grpo_step": 153,
  "num_questions": 32,
  "group_size": 8.0,
  "num_rollouts": 256,
  "reward": 0.8359375,
  "format_accuracy": 0.94921875,
  "answer_accuracy": 0.8359375,
  "avg_response_token_length": 453.203125,
  "rollout_seconds": 15.008559465408325,
  "mean_reward": 0.8359375,
  "std_reward": 0.3710577189922333,
  "min_reward": 0.0,
  "max_reward": 1.0,
  "mean_advantage": 9.313225746154785e-10,
  "std_advantage": 0.438355952501297,
  "num_groups": 32.0
}
