{
  "type": "rollout",
  "grpo_step": 158,
  "num_questions": 32,
  "group_size": 8.0,
  "num_rollouts": 256,
  "reward": 0.73828125,
  "format_accuracy": 0.890625,
  "answer_accuracy": 0.73828125,
  "avg_response_token_length": 360.53125,
  "rollout_seconds": 12.923837900161743,
  "mean_reward": 0.73828125,
  "std_reward": 0.4404313564300537,
  "min_reward": 0.0,
  "max_reward": 1.0,
  "mean_advantage": 0.0,
  "std_advantage": 0.2514662742614746,
  "num_groups": 32.0
}
