{
  "type": "rollout",
  "grpo_step": 129,
  "num_questions": 32,
  "group_size": 8.0,
  "num_rollouts": 256,
  "reward": 0.171875,
  "format_accuracy": 0.4609375,
  "answer_accuracy": 0.171875,
  "avg_response_token_length": 550.3515625,
  "rollout_seconds": 17.78876519203186,
  "mean_reward": 0.171875,
  "std_reward": 0.3780107796192169,
  "min_reward": 0.0,
  "max_reward": 1.0,
  "mean_advantage": 0.0,
  "std_advantage": 0.27116307616233826,
  "num_groups": 32.0
}
