{
  "type": "rollout",
  "grpo_step": 153,
  "num_questions": 32,
  "group_size": 8.0,
  "num_rollouts": 256,
  "reward": 0.8046875,
  "format_accuracy": 0.953125,
  "answer_accuracy": 0.8046875,
  "avg_response_token_length": 382.71875,
  "rollout_seconds": 13.967164516448975,
  "mean_reward": 0.8046875,
  "std_reward": 0.39721766114234924,
  "min_reward": 0.0,
  "max_reward": 1.0,
  "mean_advantage": 4.6566128730773926e-09,
  "std_advantage": 0.4970490038394928,
  "num_groups": 32.0
}
