{
  "type": "rollout",
  "grpo_step": 153,
  "num_questions": 32,
  "group_size": 8.0,
  "num_rollouts": 256,
  "reward": 0.5859375,
  "format_accuracy": 0.70703125,
  "answer_accuracy": 0.5859375,
  "avg_response_token_length": 474.6796875,
  "rollout_seconds": 15.576451063156128,
  "mean_reward": 0.5859375,
  "std_reward": 0.4935242533683777,
  "min_reward": 0.0,
  "max_reward": 1.0,
  "mean_advantage": 0.0,
  "std_advantage": 0.7221953868865967,
  "num_groups": 32.0
}
