{
  "type": "rollout",
  "grpo_step": 338,
  "num_questions": 32,
  "group_size": 8.0,
  "num_rollouts": 256,
  "reward": 0.7890625,
  "format_accuracy": 0.91796875,
  "answer_accuracy": 0.7890625,
  "avg_response_token_length": 416.47265625,
  "rollout_seconds": 13.795747995376587,
  "mean_reward": 0.7890625,
  "std_reward": 0.408773273229599,
  "min_reward": 0.0,
  "max_reward": 1.0,
  "mean_advantage": 4.656612873077393e-10,
  "std_advantage": 0.49704888463020325,
  "num_groups": 32.0
}
