{
  "type": "rollout",
  "grpo_step": 131,
  "num_questions": 32,
  "group_size": 8.0,
  "num_rollouts": 256,
  "reward": 0.7578125,
  "format_accuracy": 0.9375,
  "answer_accuracy": 0.7578125,
  "avg_response_token_length": 493.08984375,
  "rollout_seconds": 30.806665182113647,
  "mean_reward": 0.7578125,
  "std_reward": 0.42924636602401733,
  "min_reward": 0.0,
  "max_reward": 1.0,
  "mean_advantage": 0.0,
  "std_advantage": 0.1955384761095047,
  "num_groups": 32.0
}
