{
  "type": "rollout",
  "grpo_step": 33,
  "num_questions": 32,
  "group_size": 8.0,
  "num_rollouts": 256,
  "reward": 0.671875,
  "format_accuracy": 0.9609375,
  "answer_accuracy": 0.671875,
  "avg_response_token_length": 267.609375,
  "rollout_seconds": 13.105158805847168,
  "mean_reward": 0.671875,
  "std_reward": 0.47045034170150757,
  "min_reward": 0.0,
  "max_reward": 1.0,
  "mean_advantage": -4.190951585769653e-09,
  "std_advantage": 0.6199289560317993,
  "num_groups": 32.0
}
