{
  "type": "rollout",
  "grpo_step": 88,
  "num_questions": 32,
  "group_size": 8.0,
  "num_rollouts": 256,
  "reward": 0.25390625,
  "format_accuracy": 0.9375,
  "answer_accuracy": 0.25390625,
  "avg_response_token_length": 18.7421875,
  "rollout_seconds": 3.158102512359619,
  "mean_reward": 0.25390625,
  "std_reward": 0.4360972046852112,
  "min_reward": 0.0,
  "max_reward": 1.0,
  "mean_advantage": -1.862645149230957e-09,
  "std_advantage": 0.49704885482788086,
  "num_groups": 32.0
}
