{
  "type": "rollout",
  "grpo_step": 35,
  "num_questions": 32,
  "group_size": 8.0,
  "num_rollouts": 256,
  "reward": 0.7109375,
  "format_accuracy": 0.9453125,
  "answer_accuracy": 0.7109375,
  "avg_response_token_length": 320.06640625,
  "rollout_seconds": 13.889280557632446,
  "mean_reward": 0.7109375,
  "std_reward": 0.45421501994132996,
  "min_reward": 0.0,
  "max_reward": 1.0,
  "mean_advantage": 0.0,
  "std_advantage": 0.6416874527931213,
  "num_groups": 32.0
}
