{
  "type": "rollout",
  "grpo_step": 139,
  "num_questions": 32,
  "group_size": 8.0,
  "num_rollouts": 256,
  "reward": 0.2890625,
  "format_accuracy": 0.9765625,
  "answer_accuracy": 0.2890625,
  "avg_response_token_length": 30.7890625,
  "rollout_seconds": 4.108166694641113,
  "mean_reward": 0.2890625,
  "std_reward": 0.45421501994132996,
  "min_reward": 0.0,
  "max_reward": 1.0,
  "mean_advantage": -2.7939677238464355e-09,
  "std_advantage": 0.4686221182346344,
  "num_groups": 32.0
}
