{
  "type": "rollout",
  "grpo_step": 187,
  "num_questions": 32,
  "group_size": 8.0,
  "num_rollouts": 256,
  "reward": 0.84375,
  "format_accuracy": 0.97265625,
  "answer_accuracy": 0.84375,
  "avg_response_token_length": 488.15234375,
  "rollout_seconds": 15.755467176437378,
  "mean_reward": 0.84375,
  "std_reward": 0.3638034462928772,
  "min_reward": 0.0,
  "max_reward": 1.0,
  "mean_advantage": 0.0,
  "std_advantage": 0.21465887129306793,
  "num_groups": 32.0
}
