{
  "num_examples": 3199,
  "reward": 0.34073147858705843,
  "format_accuracy": 0.8799624882775867,
  "answer_accuracy": 0.34073147858705843,
  "temperature": 1.0,
  "top_p": 1.0,
  "max_tokens": 1024,
  "stop": "</answer>",
  "include_stop_str_in_output": true,
  "eval_seconds": 101.64317059516907
}
