{
  "num_examples": 3199,
  "reward": 0.32103782432010003,
  "format_accuracy": 0.8587058455767427,
  "answer_accuracy": 0.32103782432010003,
  "temperature": 1.0,
  "top_p": 1.0,
  "max_tokens": 1024,
  "stop": "</answer>",
  "include_stop_str_in_output": true,
  "eval_seconds": 106.72755408287048
}
