{
  "type": "rollout",
  "grpo_step": 7,
  "num_questions": 32,
  "group_size": 8.0,
  "num_rollouts": 256,
  "reward": 0.40234375,
  "format_accuracy": 0.8125,
  "answer_accuracy": 0.40234375,
  "avg_response_token_length": 147.4140625,
  "rollout_seconds": 8.10150408744812,
  "mean_reward": 0.40234375,
  "std_reward": 0.4913311004638672,
  "min_reward": 0.0,
  "max_reward": 1.0,
  "mean_advantage": 0.0,
  "std_advantage": 0.3493691682815552,
  "num_groups": 32.0
}
