{
  "type": "rollout",
  "grpo_step": 17,
  "num_questions": 32,
  "group_size": 8.0,
  "num_rollouts": 256,
  "reward": 0.19921875,
  "format_accuracy": 1.0,
  "answer_accuracy": 0.19921875,
  "avg_response_token_length": 14.66015625,
  "rollout_seconds": 2.280043840408325,
  "mean_reward": 0.19921875,
  "std_reward": 0.40019527077674866,
  "min_reward": 0.0,
  "max_reward": 1.0,
  "mean_advantage": -7.450580596923828e-09,
  "std_advantage": 0.49704882502555847,
  "num_groups": 32.0
}
