{
  "type": "rollout",
  "grpo_step": 4,
  "num_questions": 32,
  "group_size": 8.0,
  "num_rollouts": 256,
  "reward": 0.203125,
  "format_accuracy": 0.73046875,
  "answer_accuracy": 0.203125,
  "avg_response_token_length": 186.61328125,
  "rollout_seconds": 8.84671425819397,
  "mean_reward": 0.203125,
  "std_reward": 0.40311288833618164,
  "min_reward": 0.0,
  "max_reward": 1.0,
  "mean_advantage": 1.1175870895385742e-08,
  "std_advantage": 0.7029333710670471,
  "num_groups": 32.0
}
