{
  "type": "rollout",
  "grpo_step": 153,
  "num_questions": 32,
  "group_size": 8.0,
  "num_rollouts": 256,
  "reward": 0.83203125,
  "format_accuracy": 0.96484375,
  "answer_accuracy": 0.83203125,
  "avg_response_token_length": 361.77734375,
  "rollout_seconds": 9.972360610961914,
  "mean_reward": 0.83203125,
  "std_reward": 0.3745708465576172,
  "min_reward": 0.0,
  "max_reward": 1.0,
  "mean_advantage": -1.3969838619232178e-09,
  "std_advantage": 0.37047839164733887,
  "num_groups": 32.0
}
