{
  "type": "rollout",
  "grpo_step": 153,
  "num_questions": 32,
  "group_size": 8.0,
  "num_rollouts": 256,
  "reward": 0.77734375,
  "format_accuracy": 0.95703125,
  "answer_accuracy": 0.77734375,
  "avg_response_token_length": 313.6171875,
  "rollout_seconds": 12.097032070159912,
  "mean_reward": 0.77734375,
  "std_reward": 0.41684433817863464,
  "min_reward": 0.0,
  "max_reward": 1.0,
  "mean_advantage": 1.3969838619232178e-09,
  "std_advantage": 0.4383560121059418,
  "num_groups": 32.0
}
