{
  "type": "rollout",
  "grpo_step": 58,
  "num_questions": 32,
  "group_size": 8.0,
  "num_rollouts": 256,
  "reward": 0.5546875,
  "format_accuracy": 0.9609375,
  "answer_accuracy": 0.5546875,
  "avg_response_token_length": 253.55859375,
  "rollout_seconds": 13.942821502685547,
  "mean_reward": 0.5546875,
  "std_reward": 0.49797382950782776,
  "min_reward": 0.0,
  "max_reward": 1.0,
  "mean_advantage": 3.725290298461914e-09,
  "std_advantage": 0.6831284165382385,
  "num_groups": 32.0
}
