{
  "type": "rollout",
  "grpo_step": 47,
  "num_questions": 32,
  "group_size": 8.0,
  "num_rollouts": 256,
  "reward": 0.4609375,
  "format_accuracy": 0.984375,
  "answer_accuracy": 0.4609375,
  "avg_response_token_length": 102.25390625,
  "rollout_seconds": 4.8025102615356445,
  "mean_reward": 0.4609375,
  "std_reward": 0.4994482398033142,
  "min_reward": 0.0,
  "max_reward": 1.0,
  "mean_advantage": 9.313225746154785e-10,
  "std_advantage": 0.7221953272819519,
  "num_groups": 32.0
}
