{
  "type": "rollout",
  "grpo_step": 94,
  "num_questions": 32,
  "group_size": 8.0,
  "num_rollouts": 256,
  "reward": 0.2578125,
  "format_accuracy": 0.8125,
  "answer_accuracy": 0.2578125,
  "avg_response_token_length": 169.28125,
  "rollout_seconds": 8.976199865341187,
  "mean_reward": 0.2578125,
  "std_reward": 0.4382871091365814,
  "min_reward": 0.0,
  "max_reward": 1.0,
  "mean_advantage": 5.587935447692871e-09,
  "std_advantage": 0.8284149765968323,
  "num_groups": 32.0
}
