{
  "type": "rollout",
  "grpo_step": 178,
  "num_questions": 32,
  "group_size": 8.0,
  "num_rollouts": 256,
  "reward": 0.72265625,
  "format_accuracy": 0.93359375,
  "answer_accuracy": 0.72265625,
  "avg_response_token_length": 474.16796875,
  "rollout_seconds": 33.46100473403931,
  "mean_reward": 0.72265625,
  "std_reward": 0.4485645592212677,
  "min_reward": 0.0,
  "max_reward": 1.0,
  "mean_advantage": -1.280568540096283e-09,
  "std_advantage": 0.4058386981487274,
  "num_groups": 32.0
}
