{
  "type": "rollout",
  "grpo_step": 188,
  "num_questions": 32,
  "group_size": 8.0,
  "num_rollouts": 256,
  "reward": 0.734375,
  "format_accuracy": 0.91015625,
  "answer_accuracy": 0.734375,
  "avg_response_token_length": 354.77734375,
  "rollout_seconds": 12.747117280960083,
  "mean_reward": 0.734375,
  "std_reward": 0.4425306022167206,
  "min_reward": 0.0,
  "max_reward": 1.0,
  "mean_advantage": 0.0,
  "std_advantage": 0.29538941383361816,
  "num_groups": 32.0
}
