{
  "type": "rollout",
  "grpo_step": 121,
  "num_questions": 32,
  "group_size": 8.0,
  "num_rollouts": 256,
  "reward": 0.27734375,
  "format_accuracy": 0.59375,
  "answer_accuracy": 0.27734375,
  "avg_response_token_length": 411.23828125,
  "rollout_seconds": 14.257848501205444,
  "mean_reward": 0.27734375,
  "std_reward": 0.4485645592212677,
  "min_reward": 0.0,
  "max_reward": 1.0,
  "mean_advantage": 0.0,
  "std_advantage": 0.3671565353870392,
  "num_groups": 32.0
}
