{
  "type": "rollout",
  "grpo_step": 81,
  "num_questions": 32,
  "group_size": 8.0,
  "num_rollouts": 256,
  "reward": 0.70703125,
  "format_accuracy": 0.95703125,
  "answer_accuracy": 0.70703125,
  "avg_response_token_length": 482.56640625,
  "rollout_seconds": 15.697003602981567,
  "mean_reward": 0.70703125,
  "std_reward": 0.45601576566696167,
  "min_reward": 0.0,
  "max_reward": 1.0,
  "mean_advantage": 0.0,
  "std_advantage": 0.2268712967634201,
  "num_groups": 32.0
}
