{
  "type": "rollout",
  "grpo_step": 161,
  "num_questions": 32,
  "group_size": 8.0,
  "num_rollouts": 256,
  "reward": 0.66796875,
  "format_accuracy": 0.921875,
  "answer_accuracy": 0.66796875,
  "avg_response_token_length": 425.20703125,
  "rollout_seconds": 14.029490232467651,
  "mean_reward": 0.66796875,
  "std_reward": 0.47186464071273804,
  "min_reward": 0.0,
  "max_reward": 1.0,
  "mean_advantage": 9.313225746154785e-10,
  "std_advantage": 0.46862220764160156,
  "num_groups": 32.0
}
