{
  "type": "rollout",
  "grpo_step": 29,
  "num_questions": 32,
  "group_size": 8.0,
  "num_rollouts": 256,
  "reward": 0.28515625,
  "format_accuracy": 0.9921875,
  "answer_accuracy": 0.28515625,
  "avg_response_token_length": 55.796875,
  "rollout_seconds": 6.34811806678772,
  "mean_reward": 0.28515625,
  "std_reward": 0.4523732364177704,
  "min_reward": 0.0,
  "max_reward": 1.0,
  "mean_advantage": 0.0,
  "std_advantage": 0.22029392421245575,
  "num_groups": 32.0
}
