{
  "type": "rollout",
  "grpo_step": 53,
  "num_questions": 32,
  "group_size": 8.0,
  "num_rollouts": 256,
  "reward": 0.75390625,
  "format_accuracy": 0.9453125,
  "answer_accuracy": 0.75390625,
  "avg_response_token_length": 318.34765625,
  "rollout_seconds": 12.153202772140503,
  "mean_reward": 0.75390625,
  "std_reward": 0.43157756328582764,
  "min_reward": 0.0,
  "max_reward": 1.0,
  "mean_advantage": 0.0,
  "std_advantage": 0.2720654606819153,
  "num_groups": 32.0
}
