{
  "type": "rollout",
  "grpo_step": 26,
  "num_questions": 32,
  "group_size": 8.0,
  "num_rollouts": 256,
  "reward": 0.6640625,
  "format_accuracy": 0.94140625,
  "answer_accuracy": 0.6640625,
  "avg_response_token_length": 238.32421875,
  "rollout_seconds": 9.944472074508667,
  "mean_reward": 0.6640625,
  "std_reward": 0.4732423722743988,
  "min_reward": 0.0,
  "max_reward": 1.0,
  "mean_advantage": -8.381903171539307e-09,
  "std_advantage": 0.7221953868865967,
  "num_groups": 32.0
}
