{
  "type": "rollout",
  "grpo_step": 74,
  "num_questions": 32,
  "group_size": 8.0,
  "num_rollouts": 256,
  "reward": 0.2265625,
  "format_accuracy": 0.73828125,
  "answer_accuracy": 0.2265625,
  "avg_response_token_length": 191.26171875,
  "rollout_seconds": 9.130988359451294,
  "mean_reward": 0.2265625,
  "std_reward": 0.41942712664604187,
  "min_reward": 0.0,
  "max_reward": 1.0,
  "mean_advantage": 7.450580596923828e-09,
  "std_advantage": 0.7592547535896301,
  "num_groups": 32.0
}
