{
  "type": "rollout",
  "grpo_step": 74,
  "num_questions": 32,
  "group_size": 8.0,
  "num_rollouts": 256,
  "reward": 0.4140625,
  "format_accuracy": 0.74609375,
  "answer_accuracy": 0.4140625,
  "avg_response_token_length": 273.8125,
  "rollout_seconds": 11.076900959014893,
  "mean_reward": 0.4140625,
  "std_reward": 0.4935242533683777,
  "min_reward": 0.0,
  "max_reward": 1.0,
  "mean_advantage": 1.862645149230957e-09,
  "std_advantage": 0.7592549324035645,
  "num_groups": 32.0
}
