{
  "type": "rollout",
  "grpo_step": 26,
  "num_questions": 32,
  "group_size": 8.0,
  "num_rollouts": 256,
  "reward": 0.578125,
  "format_accuracy": 0.87109375,
  "answer_accuracy": 0.578125,
  "avg_response_token_length": 334.21484375,
  "rollout_seconds": 12.031139373779297,
  "mean_reward": 0.578125,
  "std_reward": 0.49482616782188416,
  "min_reward": 0.0,
  "max_reward": 1.0,
  "mean_advantage": 5.587935447692871e-09,
  "std_advantage": 0.7592546939849854,
  "num_groups": 32.0
}
