{
  "type": "rollout",
  "grpo_step": 1,
  "num_questions": 32,
  "group_size": 8.0,
  "num_rollouts": 256,
  "reward": 0.01953125,
  "format_accuracy": 0.19140625,
  "answer_accuracy": 0.01953125,
  "avg_response_token_length": 306.33984375,
  "rollout_seconds": 8.953976392745972,
  "mean_reward": 0.01953125,
  "std_reward": 0.13865379989147186,
  "min_reward": 0.0,
  "max_reward": 1.0,
  "mean_advantage": 3.259629011154175e-09,
  "std_advantage": 0.37047821283340454,
  "num_groups": 32.0
}
