{
  "type": "rollout",
  "grpo_step": 9,
  "num_questions": 32,
  "group_size": 8.0,
  "num_rollouts": 256,
  "reward": 0.40234375,
  "format_accuracy": 0.765625,
  "answer_accuracy": 0.40234375,
  "avg_response_token_length": 271.41015625,
  "rollout_seconds": 12.043324947357178,
  "mean_reward": 0.40234375,
  "std_reward": 0.4913311004638672,
  "min_reward": 0.0,
  "max_reward": 1.0,
  "mean_advantage": -6.51925802230835e-09,
  "std_advantage": 0.7221953868865967,
  "num_groups": 32.0
}
