{
  "type": "rollout",
  "grpo_step": 137,
  "num_questions": 32,
  "group_size": 8.0,
  "num_rollouts": 256,
  "reward": 0.71484375,
  "format_accuracy": 0.9609375,
  "answer_accuracy": 0.71484375,
  "avg_response_token_length": 365.37109375,
  "rollout_seconds": 13.01398515701294,
  "mean_reward": 0.71484375,
  "std_reward": 0.4523732364177704,
  "min_reward": 0.0,
  "max_reward": 1.0,
  "mean_advantage": 3.725290298461914e-09,
  "std_advantage": 0.497048944234848,
  "num_groups": 32.0
}
