{
  "type": "rollout",
  "grpo_step": 197,
  "num_questions": 32,
  "group_size": 8.0,
  "num_rollouts": 256,
  "reward": 0.76171875,
  "format_accuracy": 0.91796875,
  "answer_accuracy": 0.76171875,
  "avg_response_token_length": 477.96875,
  "rollout_seconds": 16.440263986587524,
  "mean_reward": 0.76171875,
  "std_reward": 0.4268665611743927,
  "min_reward": 0.0,
  "max_reward": 1.0,
  "mean_advantage": -2.7939677238464355e-09,
  "std_advantage": 0.5495083332061768,
  "num_groups": 32.0
}
