{
  "type": "rollout",
  "grpo_step": 19,
  "num_questions": 32,
  "group_size": 8.0,
  "num_rollouts": 256,
  "reward": 0.578125,
  "format_accuracy": 0.96484375,
  "answer_accuracy": 0.578125,
  "avg_response_token_length": 195.86328125,
  "rollout_seconds": 9.223577737808228,
  "mean_reward": 0.578125,
  "std_reward": 0.49482616782188416,
  "min_reward": 0.0,
  "max_reward": 1.0,
  "mean_advantage": -2.3283064365386963e-09,
  "std_advantage": 0.6831284761428833,
  "num_groups": 32.0
}
