{
  "type": "rollout",
  "grpo_step": 134,
  "num_questions": 32,
  "group_size": 8.0,
  "num_rollouts": 256,
  "reward": 0.640625,
  "format_accuracy": 0.9140625,
  "answer_accuracy": 0.640625,
  "avg_response_token_length": 366.16796875,
  "rollout_seconds": 13.1508309841156,
  "mean_reward": 0.640625,
  "std_reward": 0.4807571768760681,
  "min_reward": 0.0,
  "max_reward": 1.0,
  "mean_advantage": 0.0,
  "std_advantage": 0.28353509306907654,
  "num_groups": 32.0
}
