{
  "type": "rollout",
  "grpo_step": 194,
  "num_questions": 32,
  "group_size": 8.0,
  "num_rollouts": 256,
  "reward": 0.6796875,
  "format_accuracy": 0.86328125,
  "answer_accuracy": 0.6796875,
  "avg_response_token_length": 447.31640625,
  "rollout_seconds": 15.299325466156006,
  "mean_reward": 0.6796875,
  "std_reward": 0.4675106108188629,
  "min_reward": 0.0,
  "max_reward": 1.0,
  "mean_advantage": 0.0,
  "std_advantage": 0.2363944798707962,
  "num_groups": 32.0
}
