{
  "type": "rollout",
  "grpo_step": 47,
  "num_questions": 32,
  "group_size": 8.0,
  "num_rollouts": 256,
  "reward": 0.53515625,
  "format_accuracy": 0.9375,
  "answer_accuracy": 0.53515625,
  "avg_response_token_length": 140.69140625,
  "rollout_seconds": 8.116815090179443,
  "mean_reward": 0.53515625,
  "std_reward": 0.49973952770233154,
  "min_reward": 0.0,
  "max_reward": 1.0,
  "mean_advantage": -1.862645149230957e-09,
  "std_advantage": 0.6627318263053894,
  "num_groups": 32.0
}
