{
  "type": "rollout",
  "grpo_step": 47,
  "num_questions": 32,
  "group_size": 8.0,
  "num_rollouts": 256,
  "reward": 0.703125,
  "format_accuracy": 0.95703125,
  "answer_accuracy": 0.703125,
  "avg_response_token_length": 293.9296875,
  "rollout_seconds": 9.013962030410767,
  "mean_reward": 0.703125,
  "std_reward": 0.45777595043182373,
  "min_reward": 0.0,
  "max_reward": 1.0,
  "mean_advantage": 2.3283064365386963e-09,
  "std_advantage": 0.6199288964271545,
  "num_groups": 32.0
}
