{
  "type": "rollout",
  "grpo_step": 169,
  "num_questions": 32,
  "group_size": 8.0,
  "num_rollouts": 256,
  "reward": 0.28125,
  "format_accuracy": 0.859375,
  "answer_accuracy": 0.28125,
  "avg_response_token_length": 65.52734375,
  "rollout_seconds": 6.908155918121338,
  "mean_reward": 0.28125,
  "std_reward": 0.45048993825912476,
  "min_reward": 0.0,
  "max_reward": 1.0,
  "mean_advantage": -3.259629011154175e-09,
  "std_advantage": 0.6831284761428833,
  "num_groups": 32.0
}
