{
  "type": "rollout",
  "grpo_step": 87,
  "num_questions": 32,
  "group_size": 8.0,
  "num_rollouts": 256,
  "reward": 0.81640625,
  "format_accuracy": 0.94921875,
  "answer_accuracy": 0.81640625,
  "avg_response_token_length": 362.609375,
  "rollout_seconds": 13.05227541923523,
  "mean_reward": 0.81640625,
  "std_reward": 0.3879109025001526,
  "min_reward": 0.0,
  "max_reward": 1.0,
  "mean_advantage": 0.0,
  "std_advantage": 0.2684377431869507,
  "num_groups": 32.0
}
