{
  "type": "rollout",
  "grpo_step": 342,
  "num_questions": 32,
  "group_size": 8.0,
  "num_rollouts": 256,
  "reward": 0.80859375,
  "format_accuracy": 0.91796875,
  "answer_accuracy": 0.80859375,
  "avg_response_token_length": 424.99609375,
  "rollout_seconds": 11.23799729347229,
  "mean_reward": 0.80859375,
  "std_reward": 0.39417868852615356,
  "min_reward": 0.0,
  "max_reward": 1.0,
  "mean_advantage": -6.984919309616089e-10,
  "std_advantage": 0.28697121143341064,
  "num_groups": 32.0
}
