{
  "type": "rollout",
  "grpo_step": 138,
  "num_questions": 32,
  "group_size": 8.0,
  "num_rollouts": 256,
  "reward": 0.83984375,
  "format_accuracy": 0.9609375,
  "answer_accuracy": 0.83984375,
  "avg_response_token_length": 464.046875,
  "rollout_seconds": 14.986636638641357,
  "mean_reward": 0.83984375,
  "std_reward": 0.36746931076049805,
  "min_reward": 0.0,
  "max_reward": 1.0,
  "mean_advantage": -1.862645149230957e-09,
  "std_advantage": 0.49704888463020325,
  "num_groups": 32.0
}
