{
  "type": "rollout",
  "grpo_step": 93,
  "num_questions": 32,
  "group_size": 8.0,
  "num_rollouts": 256,
  "reward": 0.3203125,
  "format_accuracy": 0.6171875,
  "answer_accuracy": 0.3203125,
  "avg_response_token_length": 424.1640625,
  "rollout_seconds": 14.656821012496948,
  "mean_reward": 0.3203125,
  "std_reward": 0.4675106108188629,
  "min_reward": 0.0,
  "max_reward": 1.0,
  "mean_advantage": 0.0,
  "std_advantage": 0.34725818037986755,
  "num_groups": 32.0
}
