{
  "type": "rollout",
  "grpo_step": 26,
  "num_questions": 32,
  "group_size": 8.0,
  "num_rollouts": 256,
  "reward": 0.62890625,
  "format_accuracy": 0.921875,
  "answer_accuracy": 0.62890625,
  "avg_response_token_length": 543.8515625,
  "rollout_seconds": 16.45699644088745,
  "mean_reward": 0.62890625,
  "std_reward": 0.48404380679130554,
  "min_reward": 0.0,
  "max_reward": 1.0,
  "mean_advantage": 2.3283064365386963e-09,
  "std_advantage": 0.5973784327507019,
  "num_groups": 32.0
}
