{
  "type": "rollout",
  "grpo_step": 24,
  "num_questions": 32,
  "group_size": 8.0,
  "num_rollouts": 256,
  "reward": 0.48046875,
  "format_accuracy": 0.859375,
  "answer_accuracy": 0.48046875,
  "avg_response_token_length": 214.58984375,
  "rollout_seconds": 9.723051071166992,
  "mean_reward": 0.48046875,
  "std_reward": 0.5005970597267151,
  "min_reward": 0.0,
  "max_reward": 1.0,
  "mean_advantage": 0.0,
  "std_advantage": 0.3408466875553131,
  "num_groups": 32.0
}
