{
  "type": "rollout",
  "grpo_step": 144,
  "num_questions": 32,
  "group_size": 8.0,
  "num_rollouts": 256,
  "reward": 0.84375,
  "format_accuracy": 0.97265625,
  "answer_accuracy": 0.84375,
  "avg_response_token_length": 328.6875,
  "rollout_seconds": 20.69464683532715,
  "mean_reward": 0.84375,
  "std_reward": 0.3638034462928772,
  "min_reward": 0.0,
  "max_reward": 1.0,
  "mean_advantage": -9.313225746154785e-10,
  "std_advantage": 0.4383561313152313,
  "num_groups": 32.0
}
