{
  "type": "rollout",
  "grpo_step": 61,
  "num_questions": 32,
  "group_size": 8.0,
  "num_rollouts": 256,
  "reward": 0.47265625,
  "format_accuracy": 0.98046875,
  "answer_accuracy": 0.47265625,
  "avg_response_token_length": 225.05078125,
  "rollout_seconds": 9.697121620178223,
  "mean_reward": 0.47265625,
  "std_reward": 0.5002297163009644,
  "min_reward": 0.0,
  "max_reward": 1.0,
  "mean_advantage": 4.6566128730773926e-09,
  "std_advantage": 0.7771219611167908,
  "num_groups": 32.0
}
