{
  "type": "rollout",
  "grpo_step": 165,
  "num_questions": 32,
  "group_size": 8.0,
  "num_rollouts": 256,
  "reward": 0.796875,
  "format_accuracy": 0.94921875,
  "answer_accuracy": 0.796875,
  "avg_response_token_length": 446.46875,
  "rollout_seconds": 14.407161951065063,
  "mean_reward": 0.796875,
  "std_reward": 0.40311288833618164,
  "min_reward": 0.0,
  "max_reward": 1.0,
  "mean_advantage": -3.259629011154175e-09,
  "std_advantage": 0.46862223744392395,
  "num_groups": 32.0
}
