{
  "type": "rollout",
  "grpo_step": 100,
  "num_questions": 32,
  "group_size": 8.0,
  "num_rollouts": 256,
  "reward": 0.6953125,
  "format_accuracy": 0.95703125,
  "answer_accuracy": 0.6953125,
  "avg_response_token_length": 318.46875,
  "rollout_seconds": 13.56273365020752,
  "mean_reward": 0.6953125,
  "std_reward": 0.4611765742301941,
  "min_reward": 0.0,
  "max_reward": 1.0,
  "mean_advantage": -3.259629011154175e-09,
  "std_advantage": 0.5495083332061768,
  "num_groups": 32.0
}
