{
  "type": "rollout",
  "grpo_step": 86,
  "num_questions": 32,
  "group_size": 8.0,
  "num_rollouts": 256,
  "reward": 0.75,
  "format_accuracy": 0.90625,
  "answer_accuracy": 0.75,
  "avg_response_token_length": 484.5703125,
  "rollout_seconds": 15.475695133209229,
  "mean_reward": 0.75,
  "std_reward": 0.4338609278202057,
  "min_reward": 0.0,
  "max_reward": 1.0,
  "mean_advantage": 2.3283064365386963e-09,
  "std_advantage": 0.4058387875556946,
  "num_groups": 32.0
}
