{
  "type": "rollout",
  "grpo_step": 32,
  "num_questions": 32,
  "group_size": 8.0,
  "num_rollouts": 256,
  "reward": 0.56640625,
  "format_accuracy": 0.9921875,
  "answer_accuracy": 0.56640625,
  "avg_response_token_length": 197.86328125,
  "rollout_seconds": 9.127187252044678,
  "mean_reward": 0.56640625,
  "std_reward": 0.4965413510799408,
  "min_reward": 0.0,
  "max_reward": 1.0,
  "mean_advantage": 0.0,
  "std_advantage": 0.4970489740371704,
  "num_groups": 32.0
}
