{
  "type": "rollout",
  "grpo_step": 118,
  "num_questions": 32,
  "group_size": 8.0,
  "num_rollouts": 256,
  "reward": 0.6328125,
  "format_accuracy": 0.91796875,
  "answer_accuracy": 0.6328125,
  "avg_response_token_length": 278.08984375,
  "rollout_seconds": 10.779271125793457,
  "mean_reward": 0.6328125,
  "std_reward": 0.48298245668411255,
  "min_reward": 0.0,
  "max_reward": 1.0,
  "mean_advantage": 0.0,
  "std_advantage": 0.5973783731460571,
  "num_groups": 32.0
}
