{
  "type": "rollout",
  "ei_step": 4,
  "num_questions": 2048,
  "rollouts_per_question": 4,
  "num_rollouts": 8192,
  "num_accepted": 2013,
  "accepted_fraction": 0.2457275390625,
  "question_coverage_with_accept": 0.5791015625,
  "reward": 0.2457275390625,
  "format_accuracy": 0.7059326171875,
  "answer_accuracy": 0.2457275390625,
  "avg_token_entropy": 0.5607046186923981,
  "avg_accepted_token_entropy": 0.4514849037894312,
  "avg_response_token_length": 386.1251220703125,
  "avg_accepted_response_token_length": 186.29061102831594,
  "rollout_seconds": 477.91431975364685
}
