{
  "type": "rollout",
  "grpo_step": 334,
  "num_questions": 32,
  "group_size": 8.0,
  "num_rollouts": 256,
  "reward": 0.87109375,
  "format_accuracy": 0.984375,
  "answer_accuracy": 0.87109375,
  "avg_response_token_length": 350.3359375,
  "rollout_seconds": 12.294224977493286,
  "mean_reward": 0.87109375,
  "std_reward": 0.33575254678726196,
  "min_reward": 0.0,
  "max_reward": 1.0,
  "mean_advantage": -6.05359673500061e-09,
  "std_advantage": 0.5973783731460571,
  "num_groups": 32.0
}
