{
  "type": "rollout",
  "grpo_step": 18,
  "num_questions": 32,
  "group_size": 8.0,
  "num_rollouts": 256,
  "reward": 0.50390625,
  "format_accuracy": 0.890625,
  "answer_accuracy": 0.50390625,
  "avg_response_token_length": 198.26171875,
  "rollout_seconds": 10.594327926635742,
  "mean_reward": 0.50390625,
  "std_reward": 0.5009641647338867,
  "min_reward": 0.0,
  "max_reward": 1.0,
  "mean_advantage": -7.450580596923828e-09,
  "std_advantage": 0.7771221399307251,
  "num_groups": 32.0
}
