{
  "type": "rollout",
  "grpo_step": 12,
  "num_questions": 32,
  "group_size": 8.0,
  "num_rollouts": 256,
  "reward": 0.15625,
  "format_accuracy": 0.44140625,
  "answer_accuracy": 0.15625,
  "avg_response_token_length": 251.51953125,
  "rollout_seconds": 11.713942289352417,
  "mean_reward": 0.15625,
  "std_reward": 0.3638034462928772,
  "min_reward": 0.0,
  "max_reward": 1.0,
  "mean_advantage": 9.313225746154785e-09,
  "std_advantage": 0.7771219611167908,
  "num_groups": 32.0
}
