{
  "type": "rollout",
  "grpo_step": 90,
  "num_questions": 32,
  "group_size": 8.0,
  "num_rollouts": 256,
  "reward": 0.91796875,
  "format_accuracy": 0.9921875,
  "answer_accuracy": 0.91796875,
  "avg_response_token_length": 430.89453125,
  "rollout_seconds": 14.572816610336304,
  "mean_reward": 0.91796875,
  "std_reward": 0.274949848651886,
  "min_reward": 0.0,
  "max_reward": 1.0,
  "mean_advantage": -6.51925802230835e-09,
  "std_advantage": 0.5739426016807556,
  "num_groups": 32.0
}
