{
  "type": "rollout",
  "grpo_step": 26,
  "num_questions": 32,
  "group_size": 8.0,
  "num_rollouts": 256,
  "reward": 0.45703125,
  "format_accuracy": 0.98046875,
  "answer_accuracy": 0.45703125,
  "avg_response_token_length": 238.62890625,
  "rollout_seconds": 12.168563842773438,
  "mean_reward": 0.45703125,
  "std_reward": 0.4991260766983032,
  "min_reward": 0.0,
  "max_reward": 1.0,
  "mean_advantage": -6.984919309616089e-09,
  "std_advantage": 0.6831284761428833,
  "num_groups": 32.0
}
