{
  "type": "rollout",
  "grpo_step": 163,
  "num_questions": 32,
  "group_size": 8.0,
  "num_rollouts": 256,
  "reward": 0.78125,
  "format_accuracy": 0.88671875,
  "answer_accuracy": 0.78125,
  "avg_response_token_length": 375.9453125,
  "rollout_seconds": 13.077991962432861,
  "mean_reward": 0.78125,
  "std_reward": 0.41420844197273254,
  "min_reward": 0.0,
  "max_reward": 1.0,
  "mean_advantage": 3.026798367500305e-09,
  "std_advantage": 0.4686221778392792,
  "num_groups": 32.0
}
