{
  "type": "rollout",
  "grpo_step": 24,
  "num_questions": 32,
  "group_size": 8.0,
  "num_rollouts": 256,
  "reward": 0.55078125,
  "format_accuracy": 0.9375,
  "answer_accuracy": 0.55078125,
  "avg_response_token_length": 277.5546875,
  "rollout_seconds": 12.872801542282104,
  "mean_reward": 0.55078125,
  "std_reward": 0.49838894605636597,
  "min_reward": 0.0,
  "max_reward": 1.0,
  "mean_advantage": -3.725290298461914e-09,
  "std_advantage": 0.6831284165382385,
  "num_groups": 32.0
}
