{
  "type": "rollout",
  "grpo_step": 33,
  "num_questions": 32,
  "group_size": 8.0,
  "num_rollouts": 256,
  "reward": 0.58984375,
  "format_accuracy": 0.87109375,
  "answer_accuracy": 0.58984375,
  "avg_response_token_length": 302.6015625,
  "rollout_seconds": 11.508469581604004,
  "mean_reward": 0.58984375,
  "std_reward": 0.49282535910606384,
  "min_reward": 0.0,
  "max_reward": 1.0,
  "mean_advantage": -7.450580596923828e-09,
  "std_advantage": 0.7409569025039673,
  "num_groups": 32.0
}
