{
  "type": "rollout",
  "grpo_step": 64,
  "num_questions": 32,
  "group_size": 8.0,
  "num_rollouts": 256,
  "reward": 0.34765625,
  "format_accuracy": 0.96875,
  "answer_accuracy": 0.34765625,
  "avg_response_token_length": 33.84765625,
  "rollout_seconds": 3.321441173553467,
  "mean_reward": 0.34765625,
  "std_reward": 0.4771590530872345,
  "min_reward": 0.0,
  "max_reward": 1.0,
  "mean_advantage": 0.0,
  "std_advantage": 0.7592546343803406,
  "num_groups": 32.0
}
