{
  "type": "rollout",
  "grpo_step": 56,
  "num_questions": 32,
  "group_size": 8.0,
  "num_rollouts": 256,
  "reward": 0.59375,
  "format_accuracy": 0.95703125,
  "answer_accuracy": 0.59375,
  "avg_response_token_length": 229.07421875,
  "rollout_seconds": 16.148844480514526,
  "mean_reward": 0.59375,
  "std_reward": 0.49209436774253845,
  "min_reward": 0.0,
  "max_reward": 1.0,
  "mean_advantage": 2.3283064365386963e-09,
  "std_advantage": 0.5739426612854004,
  "num_groups": 32.0
}
