{
  "type": "rollout",
  "grpo_step": 175,
  "num_questions": 32,
  "group_size": 8.0,
  "num_rollouts": 256,
  "reward": 0.69921875,
  "format_accuracy": 0.9296875,
  "answer_accuracy": 0.69921875,
  "avg_response_token_length": 437.29296875,
  "rollout_seconds": 26.507876873016357,
  "mean_reward": 0.69921875,
  "std_reward": 0.45949608087539673,
  "min_reward": 0.0,
  "max_reward": 1.0,
  "mean_advantage": -3.725290298461914e-09,
  "std_advantage": 0.7221953868865967,
  "num_groups": 32.0
}
