{
  "type": "rollout",
  "grpo_step": 35,
  "num_questions": 32,
  "group_size": 8.0,
  "num_rollouts": 256,
  "reward": 0.72265625,
  "format_accuracy": 0.94140625,
  "answer_accuracy": 0.72265625,
  "avg_response_token_length": 293.73828125,
  "rollout_seconds": 11.604419946670532,
  "mean_reward": 0.72265625,
  "std_reward": 0.4485645592212677,
  "min_reward": 0.0,
  "max_reward": 1.0,
  "mean_advantage": -3.259629011154175e-09,
  "std_advantage": 0.683128297328949,
  "num_groups": 32.0
}
