{
  "type": "rollout",
  "grpo_step": 30,
  "num_questions": 32,
  "group_size": 8.0,
  "num_rollouts": 256,
  "reward": 0.54296875,
  "format_accuracy": 0.94140625,
  "answer_accuracy": 0.54296875,
  "avg_response_token_length": 254.0234375,
  "rollout_seconds": 10.57426381111145,
  "mean_reward": 0.54296875,
  "std_reward": 0.4991260766983032,
  "min_reward": 0.0,
  "max_reward": 1.0,
  "mean_advantage": -9.313225746154785e-09,
  "std_advantage": 0.7221953272819519,
  "num_groups": 32.0
}
