{
  "type": "rollout",
  "grpo_step": 3,
  "num_questions": 32,
  "group_size": 8.0,
  "num_rollouts": 256,
  "reward": 0.5703125,
  "format_accuracy": 0.984375,
  "answer_accuracy": 0.5703125,
  "avg_response_token_length": 148.1953125,
  "rollout_seconds": 8.826163053512573,
  "mean_reward": 0.5703125,
  "std_reward": 0.49600115418434143,
  "min_reward": 0.0,
  "max_reward": 1.0,
  "mean_advantage": -4.6566128730773926e-09,
  "std_advantage": 0.8448207974433899,
  "num_groups": 32.0
}
