{
  "type": "rollout",
  "grpo_step": 134,
  "num_questions": 32,
  "group_size": 8.0,
  "num_rollouts": 256,
  "reward": 0.67578125,
  "format_accuracy": 0.953125,
  "answer_accuracy": 0.67578125,
  "avg_response_token_length": 367.5625,
  "rollout_seconds": 9.922926664352417,
  "mean_reward": 0.67578125,
  "std_reward": 0.46899911761283875,
  "min_reward": 0.0,
  "max_reward": 1.0,
  "mean_advantage": 0.0,
  "std_advantage": 0.549508273601532,
  "num_groups": 32.0
}
