{
  "type": "rollout",
  "grpo_step": 133,
  "num_questions": 32,
  "group_size": 8.0,
  "num_rollouts": 256,
  "reward": 0.734375,
  "format_accuracy": 0.9765625,
  "answer_accuracy": 0.734375,
  "avg_response_token_length": 327.515625,
  "rollout_seconds": 12.264127969741821,
  "mean_reward": 0.734375,
  "std_reward": 0.4425306022167206,
  "min_reward": 0.0,
  "max_reward": 1.0,
  "mean_advantage": 4.656612873077393e-10,
  "std_advantage": 0.549508273601532,
  "num_groups": 32.0
}
