{
  "type": "rollout",
  "grpo_step": 61,
  "num_questions": 32,
  "group_size": 8.0,
  "num_rollouts": 256,
  "reward": 0.80078125,
  "format_accuracy": 0.95703125,
  "answer_accuracy": 0.80078125,
  "avg_response_token_length": 348.484375,
  "rollout_seconds": 10.003656387329102,
  "mean_reward": 0.80078125,
  "std_reward": 0.40019527077674866,
  "min_reward": 0.0,
  "max_reward": 1.0,
  "mean_advantage": 1.3969838619232178e-09,
  "std_advantage": 0.5239356160163879,
  "num_groups": 32.0
}
