{
  "type": "rollout",
  "grpo_step": 48,
  "num_questions": 32,
  "group_size": 8.0,
  "num_rollouts": 256,
  "reward": 0.54296875,
  "format_accuracy": 0.96484375,
  "answer_accuracy": 0.54296875,
  "avg_response_token_length": 262.7109375,
  "rollout_seconds": 10.775964736938477,
  "mean_reward": 0.54296875,
  "std_reward": 0.4991260766983032,
  "min_reward": 0.0,
  "max_reward": 1.0,
  "mean_advantage": -1.1641532182693481e-09,
  "std_advantage": 0.5973785519599915,
  "num_groups": 32.0
}
