{
  "type": "rollout",
  "grpo_step": 139,
  "num_questions": 32,
  "group_size": 8.0,
  "num_rollouts": 256,
  "reward": 0.35546875,
  "format_accuracy": 1.0,
  "answer_accuracy": 0.35546875,
  "avg_response_token_length": 14.93359375,
  "rollout_seconds": 1.2855451107025146,
  "mean_reward": 0.35546875,
  "std_reward": 0.4795927405357361,
  "min_reward": 0.0,
  "max_reward": 1.0,
  "mean_advantage": -2.3283064365386963e-09,
  "std_advantage": 0.438355952501297,
  "num_groups": 32.0
}
