{
  "type": "rollout",
  "grpo_step": 43,
  "num_questions": 32,
  "group_size": 8.0,
  "num_rollouts": 256,
  "reward": 0.265625,
  "format_accuracy": 0.7265625,
  "answer_accuracy": 0.265625,
  "avg_response_token_length": 69.421875,
  "rollout_seconds": 6.600996255874634,
  "mean_reward": 0.265625,
  "std_reward": 0.4425306022167206,
  "min_reward": 0.0,
  "max_reward": 1.0,
  "mean_advantage": 1.1175870895385742e-08,
  "std_advantage": 0.6831285357475281,
  "num_groups": 32.0
}
