{
  "type": "rollout",
  "grpo_step": 77,
  "num_questions": 32,
  "group_size": 8.0,
  "num_rollouts": 256,
  "reward": 0.66796875,
  "format_accuracy": 0.93359375,
  "answer_accuracy": 0.66796875,
  "avg_response_token_length": 365.15625,
  "rollout_seconds": 12.976507902145386,
  "mean_reward": 0.66796875,
  "std_reward": 0.47186464071273804,
  "min_reward": 0.0,
  "max_reward": 1.0,
  "mean_advantage": 0.0,
  "std_advantage": 0.683128297328949,
  "num_groups": 32.0
}
