{
  "type": "rollout",
  "grpo_step": 188,
  "num_questions": 32,
  "group_size": 8.0,
  "num_rollouts": 256,
  "reward": 0.72265625,
  "format_accuracy": 0.9296875,
  "answer_accuracy": 0.72265625,
  "avg_response_token_length": 459.16015625,
  "rollout_seconds": 19.69343376159668,
  "mean_reward": 0.72265625,
  "std_reward": 0.4485645592212677,
  "min_reward": 0.0,
  "max_reward": 1.0,
  "mean_advantage": -2.7939677238464355e-09,
  "std_advantage": 0.4058387577533722,
  "num_groups": 32.0
}
