{
  "type": "rollout",
  "grpo_step": 3,
  "num_questions": 32,
  "group_size": 8.0,
  "num_rollouts": 256,
  "reward": 0.2421875,
  "format_accuracy": 0.734375,
  "answer_accuracy": 0.2421875,
  "avg_response_token_length": 160.87890625,
  "rollout_seconds": 8.36174488067627,
  "mean_reward": 0.2421875,
  "std_reward": 0.42924636602401733,
  "min_reward": 0.0,
  "max_reward": 1.0,
  "mean_advantage": 4.656612873077393e-10,
  "std_advantage": 0.7592548131942749,
  "num_groups": 32.0
}
