{
  "type": "rollout",
  "grpo_step": 319,
  "num_questions": 32,
  "group_size": 8.0,
  "num_rollouts": 256,
  "reward": 0.67578125,
  "format_accuracy": 0.9140625,
  "answer_accuracy": 0.67578125,
  "avg_response_token_length": 428.66796875,
  "rollout_seconds": 11.687142372131348,
  "mean_reward": 0.67578125,
  "std_reward": 0.46899911761283875,
  "min_reward": 0.0,
  "max_reward": 1.0,
  "mean_advantage": 1.862645149230957e-09,
  "std_advantage": 0.4970489740371704,
  "num_groups": 32.0
}
