{
  "type": "rollout",
  "grpo_step": 29,
  "num_questions": 32,
  "group_size": 8.0,
  "num_rollouts": 256,
  "reward": 0.5234375,
  "format_accuracy": 0.91796875,
  "answer_accuracy": 0.5234375,
  "avg_response_token_length": 241.9921875,
  "rollout_seconds": 10.09969687461853,
  "mean_reward": 0.5234375,
  "std_reward": 0.5004287362098694,
  "min_reward": 0.0,
  "max_reward": 1.0,
  "mean_advantage": -5.587935447692871e-09,
  "std_advantage": 0.7221953868865967,
  "num_groups": 32.0
}
