{
  "type": "rollout",
  "grpo_step": 83,
  "num_questions": 32,
  "group_size": 8.0,
  "num_rollouts": 256,
  "reward": 0.375,
  "format_accuracy": 0.75,
  "answer_accuracy": 0.375,
  "avg_response_token_length": 207.6796875,
  "rollout_seconds": 9.576284408569336,
  "mean_reward": 0.375,
  "std_reward": 0.48507124185562134,
  "min_reward": 0.0,
  "max_reward": 1.0,
  "mean_advantage": 1.862645149230957e-09,
  "std_advantage": 0.8448207974433899,
  "num_groups": 32.0
}
