{
  "type": "rollout",
  "grpo_step": 26,
  "num_questions": 32,
  "group_size": 8.0,
  "num_rollouts": 256,
  "reward": 0.296875,
  "format_accuracy": 0.73828125,
  "answer_accuracy": 0.296875,
  "avg_response_token_length": 280.1484375,
  "rollout_seconds": 11.19579005241394,
  "mean_reward": 0.296875,
  "std_reward": 0.45777595043182373,
  "min_reward": 0.0,
  "max_reward": 1.0,
  "mean_advantage": -2.7939677238464355e-09,
  "std_advantage": 0.6416874527931213,
  "num_groups": 32.0
}
