{
  "type": "rollout",
  "grpo_step": 32,
  "num_questions": 32,
  "group_size": 8.0,
  "num_rollouts": 256,
  "reward": 0.5078125,
  "format_accuracy": 0.93359375,
  "answer_accuracy": 0.5078125,
  "avg_response_token_length": 141.48828125,
  "rollout_seconds": 8.02303671836853,
  "mean_reward": 0.5078125,
  "std_reward": 0.5009182691574097,
  "min_reward": 0.0,
  "max_reward": 1.0,
  "mean_advantage": -7.450580596923828e-09,
  "std_advantage": 0.6831284165382385,
  "num_groups": 32.0
}
