{
  "type": "rollout",
  "grpo_step": 73,
  "num_questions": 32,
  "group_size": 8.0,
  "num_rollouts": 256,
  "reward": 0.7109375,
  "format_accuracy": 0.9453125,
  "answer_accuracy": 0.7109375,
  "avg_response_token_length": 362.265625,
  "rollout_seconds": 15.761908054351807,
  "mean_reward": 0.7109375,
  "std_reward": 0.45421501994132996,
  "min_reward": 0.0,
  "max_reward": 1.0,
  "mean_advantage": 1.3969838619232178e-09,
  "std_advantage": 0.497048944234848,
  "num_groups": 32.0
}
