{
  "type": "rollout",
  "grpo_step": 19,
  "num_questions": 32,
  "group_size": 8.0,
  "num_rollouts": 256,
  "reward": 0.4375,
  "format_accuracy": 0.91796875,
  "answer_accuracy": 0.4375,
  "avg_response_token_length": 274.578125,
  "rollout_seconds": 12.040788173675537,
  "mean_reward": 0.4375,
  "std_reward": 0.49705013632774353,
  "min_reward": 0.0,
  "max_reward": 1.0,
  "mean_advantage": 4.6566128730773926e-09,
  "std_advantage": 0.7592547535896301,
  "num_groups": 32.0
}
