{
  "type": "rollout",
  "grpo_step": 46,
  "num_questions": 32,
  "group_size": 8.0,
  "num_rollouts": 256,
  "reward": 0.55859375,
  "format_accuracy": 0.9453125,
  "answer_accuracy": 0.55859375,
  "avg_response_token_length": 343.37890625,
  "rollout_seconds": 12.288251399993896,
  "mean_reward": 0.55859375,
  "std_reward": 0.4975275993347168,
  "min_reward": 0.0,
  "max_reward": 1.0,
  "mean_advantage": 0.0,
  "std_advantage": 0.2666053771972656,
  "num_groups": 32.0
}
