{
  "type": "rollout",
  "grpo_step": 164,
  "num_questions": 32,
  "group_size": 8.0,
  "num_rollouts": 256,
  "reward": 0.609375,
  "format_accuracy": 0.953125,
  "answer_accuracy": 0.609375,
  "avg_response_token_length": 447.0625,
  "rollout_seconds": 14.799285888671875,
  "mean_reward": 0.609375,
  "std_reward": 0.48884618282318115,
  "min_reward": 0.0,
  "max_reward": 1.0,
  "mean_advantage": -4.6566128730773926e-09,
  "std_advantage": 0.5739425420761108,
  "num_groups": 32.0
}
