{
  "type": "rollout",
  "grpo_step": 118,
  "num_questions": 32,
  "group_size": 8.0,
  "num_rollouts": 256,
  "reward": 0.73828125,
  "format_accuracy": 0.9609375,
  "answer_accuracy": 0.73828125,
  "avg_response_token_length": 349.7265625,
  "rollout_seconds": 12.644610166549683,
  "mean_reward": 0.73828125,
  "std_reward": 0.4404313564300537,
  "min_reward": 0.0,
  "max_reward": 1.0,
  "mean_advantage": 9.313225746154785e-10,
  "std_advantage": 0.438355952501297,
  "num_groups": 32.0
}
