{
  "type": "rollout",
  "grpo_step": 3,
  "num_questions": 32,
  "group_size": 8.0,
  "num_rollouts": 256,
  "reward": 0.25,
  "format_accuracy": 0.76171875,
  "answer_accuracy": 0.25,
  "avg_response_token_length": 140.87890625,
  "rollout_seconds": 8.86189603805542,
  "mean_reward": 0.25,
  "std_reward": 0.4338609278202057,
  "min_reward": 0.0,
  "max_reward": 1.0,
  "mean_advantage": -1.862645149230957e-09,
  "std_advantage": 0.8116775155067444,
  "num_groups": 32.0
}
