{
  "type": "rollout",
  "grpo_step": 233,
  "num_questions": 32,
  "group_size": 8.0,
  "num_rollouts": 256,
  "reward": 0.76171875,
  "format_accuracy": 0.95703125,
  "answer_accuracy": 0.76171875,
  "avg_response_token_length": 388.515625,
  "rollout_seconds": 13.874810934066772,
  "mean_reward": 0.76171875,
  "std_reward": 0.4268665611743927,
  "min_reward": 0.0,
  "max_reward": 1.0,
  "mean_advantage": -3.725290298461914e-09,
  "std_advantage": 0.5739427804946899,
  "num_groups": 32.0
}
