{
  "type": "rollout",
  "grpo_step": 37,
  "num_questions": 32,
  "group_size": 8.0,
  "num_rollouts": 256,
  "reward": 0.734375,
  "format_accuracy": 0.90625,
  "answer_accuracy": 0.734375,
  "avg_response_token_length": 534.00390625,
  "rollout_seconds": 16.87716007232666,
  "mean_reward": 0.734375,
  "std_reward": 0.4425306022167206,
  "min_reward": 0.0,
  "max_reward": 1.0,
  "mean_advantage": -2.3283064365386963e-09,
  "std_advantage": 0.6199289560317993,
  "num_groups": 32.0
}
