{
  "type": "rollout",
  "grpo_step": 54,
  "num_questions": 32,
  "group_size": 8.0,
  "num_rollouts": 256,
  "reward": 0.6875,
  "format_accuracy": 0.9765625,
  "answer_accuracy": 0.6875,
  "avg_response_token_length": 310.57421875,
  "rollout_seconds": 11.880246877670288,
  "mean_reward": 0.6875,
  "std_reward": 0.4644203782081604,
  "min_reward": 0.0,
  "max_reward": 1.0,
  "mean_advantage": -2.3283064365386963e-09,
  "std_advantage": 0.6831284165382385,
  "num_groups": 32.0
}
