{
  "type": "rollout",
  "grpo_step": 139,
  "num_questions": 32,
  "group_size": 8.0,
  "num_rollouts": 256,
  "reward": 0.6953125,
  "format_accuracy": 0.953125,
  "answer_accuracy": 0.6953125,
  "avg_response_token_length": 422.53515625,
  "rollout_seconds": 14.382101058959961,
  "mean_reward": 0.6953125,
  "std_reward": 0.4611765742301941,
  "min_reward": 0.0,
  "max_reward": 1.0,
  "mean_advantage": 6.51925802230835e-09,
  "std_advantage": 0.6831284165382385,
  "num_groups": 32.0
}
