{
  "type": "rollout",
  "grpo_step": 192,
  "num_questions": 32,
  "group_size": 8.0,
  "num_rollouts": 256,
  "reward": 0.76171875,
  "format_accuracy": 0.9453125,
  "answer_accuracy": 0.76171875,
  "avg_response_token_length": 465.765625,
  "rollout_seconds": 15.25143027305603,
  "mean_reward": 0.76171875,
  "std_reward": 0.4268665611743927,
  "min_reward": 0.0,
  "max_reward": 1.0,
  "mean_advantage": -2.3283064365386963e-10,
  "std_advantage": 0.5495083332061768,
  "num_groups": 32.0
}
