{
  "type": "rollout",
  "grpo_step": 45,
  "num_questions": 32,
  "group_size": 8.0,
  "num_rollouts": 256,
  "reward": 0.6796875,
  "format_accuracy": 0.96875,
  "answer_accuracy": 0.6796875,
  "avg_response_token_length": 356.90625,
  "rollout_seconds": 12.867233037948608,
  "mean_reward": 0.6796875,
  "std_reward": 0.4675106108188629,
  "min_reward": 0.0,
  "max_reward": 1.0,
  "mean_advantage": -5.587935447692871e-09,
  "std_advantage": 0.7221952080726624,
  "num_groups": 32.0
}
