{
  "type": "rollout",
  "grpo_step": 273,
  "num_questions": 32,
  "group_size": 8.0,
  "num_rollouts": 256,
  "reward": 0.8671875,
  "format_accuracy": 0.9765625,
  "answer_accuracy": 0.8671875,
  "avg_response_token_length": 413.40625,
  "rollout_seconds": 14.316558837890625,
  "mean_reward": 0.8671875,
  "std_reward": 0.3400367498397827,
  "min_reward": 0.0,
  "max_reward": 1.0,
  "mean_advantage": -1.3969838619232178e-09,
  "std_advantage": 0.5495082139968872,
  "num_groups": 32.0
}
