{
  "type": "rollout",
  "grpo_step": 38,
  "num_questions": 32,
  "group_size": 8.0,
  "num_rollouts": 256,
  "reward": 0.515625,
  "format_accuracy": 0.953125,
  "answer_accuracy": 0.515625,
  "avg_response_token_length": 251.25390625,
  "rollout_seconds": 10.49410629272461,
  "mean_reward": 0.515625,
  "std_reward": 0.5007347464561462,
  "min_reward": 0.0,
  "max_reward": 1.0,
  "mean_advantage": -8.381903171539307e-09,
  "std_advantage": 0.8116777539253235,
  "num_groups": 32.0
}
