{
  "type": "rollout",
  "grpo_step": 142,
  "num_questions": 32,
  "group_size": 8.0,
  "num_rollouts": 256,
  "reward": 0.72265625,
  "format_accuracy": 0.91796875,
  "answer_accuracy": 0.72265625,
  "avg_response_token_length": 367.41796875,
  "rollout_seconds": 10.15475082397461,
  "mean_reward": 0.72265625,
  "std_reward": 0.4485645592212677,
  "min_reward": 0.0,
  "max_reward": 1.0,
  "mean_advantage": -2.444721758365631e-09,
  "std_advantage": 0.5239354372024536,
  "num_groups": 32.0
}
