{
  "type": "rollout",
  "grpo_step": 154,
  "num_questions": 32,
  "group_size": 8.0,
  "num_rollouts": 256,
  "reward": 0.6171875,
  "format_accuracy": 0.953125,
  "answer_accuracy": 0.6171875,
  "avg_response_token_length": 422.20703125,
  "rollout_seconds": 14.123075723648071,
  "mean_reward": 0.6171875,
  "std_reward": 0.48702529072761536,
  "min_reward": 0.0,
  "max_reward": 1.0,
  "mean_advantage": -2.3283064365386963e-10,
  "std_advantage": 0.5973783731460571,
  "num_groups": 32.0
}
