{
  "type": "rollout",
  "grpo_step": 13,
  "num_questions": 32,
  "group_size": 8.0,
  "num_rollouts": 256,
  "reward": 0.26171875,
  "format_accuracy": 0.8046875,
  "answer_accuracy": 0.26171875,
  "avg_response_token_length": 218.1875,
  "rollout_seconds": 10.16289734840393,
  "mean_reward": 0.26171875,
  "std_reward": 0.4404313564300537,
  "min_reward": 0.0,
  "max_reward": 1.0,
  "mean_advantage": 1.862645149230957e-09,
  "std_advantage": 0.7409567832946777,
  "num_groups": 32.0
}
