{
  "type": "rollout",
  "grpo_step": 62,
  "num_questions": 32,
  "group_size": 8.0,
  "num_rollouts": 256,
  "reward": 0.75,
  "format_accuracy": 0.95703125,
  "answer_accuracy": 0.75,
  "avg_response_token_length": 513.546875,
  "rollout_seconds": 21.955217361450195,
  "mean_reward": 0.75,
  "std_reward": 0.4338609278202057,
  "min_reward": 0.0,
  "max_reward": 1.0,
  "mean_advantage": -7.101334631443024e-09,
  "std_advantage": 0.7029333710670471,
  "num_groups": 32.0
}
