{
  "type": "rollout",
  "grpo_step": 64,
  "num_questions": 32,
  "group_size": 8.0,
  "num_rollouts": 256,
  "reward": 0.4453125,
  "format_accuracy": 0.96875,
  "answer_accuracy": 0.4453125,
  "avg_response_token_length": 247.71875,
  "rollout_seconds": 10.176007747650146,
  "mean_reward": 0.4453125,
  "std_reward": 0.49797382950782776,
  "min_reward": 0.0,
  "max_reward": 1.0,
  "mean_advantage": 9.313225746154785e-10,
  "std_advantage": 0.7221953868865967,
  "num_groups": 32.0
}
