{
  "type": "rollout",
  "grpo_step": 182,
  "num_questions": 32,
  "group_size": 8.0,
  "num_rollouts": 256,
  "reward": 0.796875,
  "format_accuracy": 0.9453125,
  "answer_accuracy": 0.796875,
  "avg_response_token_length": 423.66796875,
  "rollout_seconds": 14.076341152191162,
  "mean_reward": 0.796875,
  "std_reward": 0.40311288833618164,
  "min_reward": 0.0,
  "max_reward": 1.0,
  "mean_advantage": -2.7939677238464355e-09,
  "std_advantage": 0.5239356756210327,
  "num_groups": 32.0
}
