{
  "type": "rollout",
  "grpo_step": 76,
  "num_questions": 32,
  "group_size": 8.0,
  "num_rollouts": 256,
  "reward": 0.421875,
  "format_accuracy": 0.64453125,
  "answer_accuracy": 0.421875,
  "avg_response_token_length": 374.046875,
  "rollout_seconds": 13.273918151855469,
  "mean_reward": 0.421875,
  "std_reward": 0.49482616782188416,
  "min_reward": 0.0,
  "max_reward": 1.0,
  "mean_advantage": -9.313225746154785e-10,
  "std_advantage": 0.6831285953521729,
  "num_groups": 32.0
}
