{
  "type": "rollout",
  "grpo_step": 159,
  "num_questions": 32,
  "group_size": 8.0,
  "num_rollouts": 256,
  "reward": 0.51171875,
  "format_accuracy": 0.7109375,
  "answer_accuracy": 0.51171875,
  "avg_response_token_length": 429.40234375,
  "rollout_seconds": 14.619907855987549,
  "mean_reward": 0.51171875,
  "std_reward": 0.5008417963981628,
  "min_reward": 0.0,
  "max_reward": 1.0,
  "mean_advantage": -2.7939677238464355e-09,
  "std_advantage": 0.7029332518577576,
  "num_groups": 32.0
}
