{
  "type": "rollout",
  "grpo_step": 26,
  "num_questions": 32,
  "group_size": 8.0,
  "num_rollouts": 256,
  "reward": 0.2890625,
  "format_accuracy": 0.9765625,
  "answer_accuracy": 0.2890625,
  "avg_response_token_length": 31.33203125,
  "rollout_seconds": 5.808042049407959,
  "mean_reward": 0.2890625,
  "std_reward": 0.45421501994132996,
  "min_reward": 0.0,
  "max_reward": 1.0,
  "mean_advantage": -1.862645149230957e-09,
  "std_advantage": 0.5973785519599915,
  "num_groups": 32.0
}
