{
  "type": "rollout",
  "grpo_step": 55,
  "num_questions": 32,
  "group_size": 8.0,
  "num_rollouts": 256,
  "reward": 0.703125,
  "format_accuracy": 0.92578125,
  "answer_accuracy": 0.703125,
  "avg_response_token_length": 355.2421875,
  "rollout_seconds": 12.708373308181763,
  "mean_reward": 0.703125,
  "std_reward": 0.45777595043182373,
  "min_reward": 0.0,
  "max_reward": 1.0,
  "mean_advantage": -5.122274160385132e-09,
  "std_advantage": 0.7592546939849854,
  "num_groups": 32.0
}
