{
  "type": "rollout",
  "grpo_step": 66,
  "num_questions": 32,
  "group_size": 8.0,
  "num_rollouts": 256,
  "reward": 0.76953125,
  "format_accuracy": 0.98046875,
  "answer_accuracy": 0.76953125,
  "avg_response_token_length": 348.2109375,
  "rollout_seconds": 10.214021682739258,
  "mean_reward": 0.76953125,
  "std_reward": 0.4219578206539154,
  "min_reward": 0.0,
  "max_reward": 1.0,
  "mean_advantage": 1.862645149230957e-09,
  "std_advantage": 0.4383558928966522,
  "num_groups": 32.0
}
