{
  "type": "rollout",
  "grpo_step": 13,
  "num_questions": 32,
  "group_size": 8.0,
  "num_rollouts": 256,
  "reward": 0.2421875,
  "format_accuracy": 0.61328125,
  "answer_accuracy": 0.2421875,
  "avg_response_token_length": 279.92578125,
  "rollout_seconds": 10.95587420463562,
  "mean_reward": 0.2421875,
  "std_reward": 0.42924636602401733,
  "min_reward": 0.0,
  "max_reward": 1.0,
  "mean_advantage": 1.862645149230957e-09,
  "std_advantage": 0.7592549920082092,
  "num_groups": 32.0
}
