{
  "type": "rollout",
  "grpo_step": 171,
  "num_questions": 32,
  "group_size": 8.0,
  "num_rollouts": 256,
  "reward": 0.1875,
  "format_accuracy": 0.76953125,
  "answer_accuracy": 0.1875,
  "avg_response_token_length": 201.58984375,
  "rollout_seconds": 9.669554233551025,
  "mean_reward": 0.1875,
  "std_reward": 0.3910769522190094,
  "min_reward": 0.0,
  "max_reward": 1.0,
  "mean_advantage": -4.889443516731262e-09,
  "std_advantage": 0.6627320051193237,
  "num_groups": 32.0
}
