{
  "type": "rollout",
  "grpo_step": 10,
  "num_questions": 32,
  "group_size": 8.0,
  "num_rollouts": 256,
  "reward": 0.2265625,
  "format_accuracy": 0.875,
  "answer_accuracy": 0.2265625,
  "avg_response_token_length": 85.57421875,
  "rollout_seconds": 6.7214601039886475,
  "mean_reward": 0.2265625,
  "std_reward": 0.41942712664604187,
  "min_reward": 0.0,
  "max_reward": 1.0,
  "mean_advantage": -2.7939677238464355e-09,
  "std_advantage": 0.740956723690033,
  "num_groups": 32.0
}
