{
  "type": "rollout",
  "grpo_step": 200,
  "num_questions": 32,
  "group_size": 8.0,
  "num_rollouts": 256,
  "reward": 0.49609375,
  "format_accuracy": 0.83984375,
  "answer_accuracy": 0.49609375,
  "avg_response_token_length": 491.88671875,
  "rollout_seconds": 16.3631432056427,
  "mean_reward": 0.49609375,
  "std_reward": 0.5009641647338867,
  "min_reward": 0.0,
  "max_reward": 1.0,
  "mean_advantage": 0.0,
  "std_advantage": 0.3493691682815552,
  "num_groups": 32.0
}
