{
  "type": "rollout",
  "grpo_step": 54,
  "num_questions": 32,
  "group_size": 8.0,
  "num_rollouts": 256,
  "reward": 0.59765625,
  "format_accuracy": 0.96484375,
  "answer_accuracy": 0.59765625,
  "avg_response_token_length": 249.546875,
  "rollout_seconds": 21.54100012779236,
  "mean_reward": 0.59765625,
  "std_reward": 0.4913311004638672,
  "min_reward": 0.0,
  "max_reward": 1.0,
  "mean_advantage": 2.7939677238464355e-09,
  "std_advantage": 0.5739427804946899,
  "num_groups": 32.0
}
