{
  "type": "rollout",
  "grpo_step": 183,
  "num_questions": 32,
  "group_size": 8.0,
  "num_rollouts": 256,
  "reward": 0.86328125,
  "format_accuracy": 0.9765625,
  "answer_accuracy": 0.86328125,
  "avg_response_token_length": 263.5859375,
  "rollout_seconds": 10.76952338218689,
  "mean_reward": 0.86328125,
  "std_reward": 0.34422317147254944,
  "min_reward": 0.0,
  "max_reward": 1.0,
  "mean_advantage": -3.725290298461914e-09,
  "std_advantage": 0.5239354968070984,
  "num_groups": 32.0
}
