{
  "type": "rollout",
  "grpo_step": 350,
  "num_questions": 32,
  "group_size": 8.0,
  "num_rollouts": 256,
  "reward": 0.8046875,
  "format_accuracy": 0.94140625,
  "answer_accuracy": 0.8046875,
  "avg_response_token_length": 411.8046875,
  "rollout_seconds": 13.775111675262451,
  "mean_reward": 0.8046875,
  "std_reward": 0.39721766114234924,
  "min_reward": 0.0,
  "max_reward": 1.0,
  "mean_advantage": -3.259629011154175e-09,
  "std_advantage": 0.4686221182346344,
  "num_groups": 32.0
}
