{
  "type": "rollout",
  "grpo_step": 153,
  "num_questions": 32,
  "group_size": 8.0,
  "num_rollouts": 256,
  "reward": 0.39453125,
  "format_accuracy": 0.83203125,
  "answer_accuracy": 0.39453125,
  "avg_response_token_length": 174.48046875,
  "rollout_seconds": 9.172385692596436,
  "mean_reward": 0.39453125,
  "std_reward": 0.48970717191696167,
  "min_reward": 0.0,
  "max_reward": 1.0,
  "mean_advantage": -3.725290298461914e-09,
  "std_advantage": 0.8116775155067444,
  "num_groups": 32.0
}
