{
  "type": "rollout",
  "grpo_step": 7,
  "num_questions": 32,
  "group_size": 8.0,
  "num_rollouts": 256,
  "reward": 0.3828125,
  "format_accuracy": 0.85546875,
  "answer_accuracy": 0.3828125,
  "avg_response_token_length": 255.03515625,
  "rollout_seconds": 11.44525408744812,
  "mean_reward": 0.3828125,
  "std_reward": 0.48702529072761536,
  "min_reward": 0.0,
  "max_reward": 1.0,
  "mean_advantage": 6.984919309616089e-09,
  "std_advantage": 0.8116776943206787,
  "num_groups": 32.0
}
