{
  "type": "rollout",
  "grpo_step": 391,
  "num_questions": 32,
  "group_size": 8.0,
  "num_rollouts": 256,
  "reward": 0.66796875,
  "format_accuracy": 0.9296875,
  "answer_accuracy": 0.66796875,
  "avg_response_token_length": 419.0703125,
  "rollout_seconds": 14.127093315124512,
  "mean_reward": 0.66796875,
  "std_reward": 0.47186464071273804,
  "min_reward": 0.0,
  "max_reward": 1.0,
  "mean_advantage": -4.656612873077393e-10,
  "std_advantage": 0.6416873335838318,
  "num_groups": 32.0
}
