{
  "type": "rollout",
  "grpo_step": 7,
  "num_questions": 32,
  "group_size": 8.0,
  "num_rollouts": 256,
  "reward": 0.26953125,
  "format_accuracy": 0.828125,
  "answer_accuracy": 0.26953125,
  "avg_response_token_length": 88.82421875,
  "rollout_seconds": 6.866808176040649,
  "mean_reward": 0.26953125,
  "std_reward": 0.4445854723453522,
  "min_reward": 0.0,
  "max_reward": 1.0,
  "mean_advantage": 9.313225746154785e-10,
  "std_advantage": 0.6831284761428833,
  "num_groups": 32.0
}
