{
  "type": "rollout",
  "grpo_step": 31,
  "num_questions": 32,
  "group_size": 8.0,
  "num_rollouts": 256,
  "reward": 0.12890625,
  "format_accuracy": 0.6953125,
  "answer_accuracy": 0.12890625,
  "avg_response_token_length": 110.75390625,
  "rollout_seconds": 7.877809047698975,
  "mean_reward": 0.12890625,
  "std_reward": 0.33575254678726196,
  "min_reward": 0.0,
  "max_reward": 1.0,
  "mean_advantage": 0.0,
  "std_advantage": 0.2268712967634201,
  "num_groups": 32.0
}
