{
  "type": "rollout",
  "grpo_step": 31,
  "num_questions": 32,
  "group_size": 8.0,
  "num_rollouts": 256,
  "reward": 0.43359375,
  "format_accuracy": 0.85546875,
  "answer_accuracy": 0.43359375,
  "avg_response_token_length": 319.27734375,
  "rollout_seconds": 11.866510391235352,
  "mean_reward": 0.43359375,
  "std_reward": 0.4965413510799408,
  "min_reward": 0.0,
  "max_reward": 1.0,
  "mean_advantage": -1.862645149230957e-09,
  "std_advantage": 0.7409568428993225,
  "num_groups": 32.0
}
