{
  "type": "rollout",
  "grpo_step": 143,
  "num_questions": 32,
  "group_size": 8.0,
  "num_rollouts": 256,
  "reward": 0.87109375,
  "format_accuracy": 0.953125,
  "answer_accuracy": 0.87109375,
  "avg_response_token_length": 449.484375,
  "rollout_seconds": 14.428052425384521,
  "mean_reward": 0.87109375,
  "std_reward": 0.33575254678726196,
  "min_reward": 0.0,
  "max_reward": 1.0,
  "mean_advantage": 2.3283064365386963e-10,
  "std_advantage": 0.46862223744392395,
  "num_groups": 32.0
}
