{
  "type": "rollout",
  "grpo_step": 143,
  "num_questions": 32,
  "group_size": 8.0,
  "num_rollouts": 256,
  "reward": 0.859375,
  "format_accuracy": 0.9453125,
  "answer_accuracy": 0.859375,
  "avg_response_token_length": 504.61328125,
  "rollout_seconds": 16.254851818084717,
  "mean_reward": 0.859375,
  "std_reward": 0.3483152687549591,
  "min_reward": 0.0,
  "max_reward": 1.0,
  "mean_advantage": 0.0,
  "std_advantage": 0.17712298035621643,
  "num_groups": 32.0
}
