{
  "type": "rollout",
  "grpo_step": 166,
  "num_questions": 32,
  "group_size": 8.0,
  "num_rollouts": 256,
  "reward": 0.69140625,
  "format_accuracy": 0.9609375,
  "answer_accuracy": 0.69140625,
  "avg_response_token_length": 386.296875,
  "rollout_seconds": 13.6376211643219,
  "mean_reward": 0.69140625,
  "std_reward": 0.46281784772872925,
  "min_reward": 0.0,
  "max_reward": 1.0,
  "mean_advantage": -9.313225746154785e-10,
  "std_advantage": 0.5973784923553467,
  "num_groups": 32.0
}
