{
  "type": "rollout",
  "grpo_step": 128,
  "num_questions": 32,
  "group_size": 8.0,
  "num_rollouts": 256,
  "reward": 0.7734375,
  "format_accuracy": 0.94140625,
  "answer_accuracy": 0.7734375,
  "avg_response_token_length": 425.43359375,
  "rollout_seconds": 14.622832298278809,
  "mean_reward": 0.7734375,
  "std_reward": 0.41942712664604187,
  "min_reward": 0.0,
  "max_reward": 1.0,
  "mean_advantage": -9.313225746154785e-10,
  "std_advantage": 0.5973784327507019,
  "num_groups": 32.0
}
