{
  "type": "rollout",
  "grpo_step": 84,
  "num_questions": 32,
  "group_size": 8.0,
  "num_rollouts": 256,
  "reward": 0.63671875,
  "format_accuracy": 0.875,
  "answer_accuracy": 0.63671875,
  "avg_response_token_length": 416.828125,
  "rollout_seconds": 19.263644695281982,
  "mean_reward": 0.63671875,
  "std_reward": 0.48188698291778564,
  "min_reward": 0.0,
  "max_reward": 1.0,
  "mean_advantage": -1.862645149230957e-09,
  "std_advantage": 0.4686222970485687,
  "num_groups": 32.0
}
