{
  "type": "rollout",
  "grpo_step": 90,
  "num_questions": 32,
  "group_size": 8.0,
  "num_rollouts": 256,
  "reward": 0.28125,
  "format_accuracy": 0.83203125,
  "answer_accuracy": 0.28125,
  "avg_response_token_length": 140.43359375,
  "rollout_seconds": 7.99433445930481,
  "mean_reward": 0.28125,
  "std_reward": 0.45048993825912476,
  "min_reward": 0.0,
  "max_reward": 1.0,
  "mean_advantage": 3.725290298461914e-09,
  "std_advantage": 0.7592548727989197,
  "num_groups": 32.0
}
