{
  "type": "rollout",
  "grpo_step": 26,
  "num_questions": 32,
  "group_size": 8.0,
  "num_rollouts": 256,
  "reward": 0.5078125,
  "format_accuracy": 0.96484375,
  "answer_accuracy": 0.5078125,
  "avg_response_token_length": 170.265625,
  "rollout_seconds": 8.474566459655762,
  "mean_reward": 0.5078125,
  "std_reward": 0.5009182691574097,
  "min_reward": 0.0,
  "max_reward": 1.0,
  "mean_advantage": 0.0,
  "std_advantage": 0.7029334902763367,
  "num_groups": 32.0
}
