{
  "type": "rollout",
  "grpo_step": 349,
  "num_questions": 32,
  "group_size": 8.0,
  "num_rollouts": 256,
  "reward": 0.7421875,
  "format_accuracy": 0.94140625,
  "answer_accuracy": 0.7421875,
  "avg_response_token_length": 403.578125,
  "rollout_seconds": 13.90428638458252,
  "mean_reward": 0.7421875,
  "std_reward": 0.4382871091365814,
  "min_reward": 0.0,
  "max_reward": 1.0,
  "mean_advantage": 9.313225746154785e-10,
  "std_advantage": 0.4686221182346344,
  "num_groups": 32.0
}
