{
  "type": "rollout",
  "grpo_step": 212,
  "num_questions": 32,
  "group_size": 8.0,
  "num_rollouts": 256,
  "reward": 0.79296875,
  "format_accuracy": 0.94921875,
  "answer_accuracy": 0.79296875,
  "avg_response_token_length": 426.3828125,
  "rollout_seconds": 11.18416714668274,
  "mean_reward": 0.79296875,
  "std_reward": 0.40597182512283325,
  "min_reward": 0.0,
  "max_reward": 1.0,
  "mean_advantage": 1.3969838619232178e-09,
  "std_advantage": 0.4970490038394928,
  "num_groups": 32.0
}
