{
  "type": "rollout",
  "grpo_step": 235,
  "num_questions": 32,
  "group_size": 8.0,
  "num_rollouts": 256,
  "reward": 0.69921875,
  "format_accuracy": 0.92578125,
  "answer_accuracy": 0.69921875,
  "avg_response_token_length": 468.62109375,
  "rollout_seconds": 12.00214171409607,
  "mean_reward": 0.69921875,
  "std_reward": 0.45949608087539673,
  "min_reward": 0.0,
  "max_reward": 1.0,
  "mean_advantage": -4.6566128730773926e-09,
  "std_advantage": 0.6199288964271545,
  "num_groups": 32.0
}
