{
  "type": "rollout",
  "grpo_step": 196,
  "num_questions": 32,
  "group_size": 8.0,
  "num_rollouts": 256,
  "reward": 0.6328125,
  "format_accuracy": 0.859375,
  "answer_accuracy": 0.6328125,
  "avg_response_token_length": 575.1796875,
  "rollout_seconds": 17.96875,
  "mean_reward": 0.6328125,
  "std_reward": 0.48298245668411255,
  "min_reward": 0.0,
  "max_reward": 1.0,
  "mean_advantage": 3.725290298461914e-09,
  "std_advantage": 0.5239356160163879,
  "num_groups": 32.0
}
