{
  "type": "rollout",
  "grpo_step": 276,
  "num_questions": 32,
  "group_size": 8.0,
  "num_rollouts": 256,
  "reward": 0.796875,
  "format_accuracy": 0.94921875,
  "answer_accuracy": 0.796875,
  "avg_response_token_length": 447.1796875,
  "rollout_seconds": 15.619269609451294,
  "mean_reward": 0.796875,
  "std_reward": 0.40311288833618164,
  "min_reward": 0.0,
  "max_reward": 1.0,
  "mean_advantage": 0.0,
  "std_advantage": 0.5739427208900452,
  "num_groups": 32.0
}
