{
  "type": "rollout",
  "grpo_step": 5,
  "num_questions": 32,
  "group_size": 8.0,
  "num_rollouts": 256,
  "reward": 0.32421875,
  "format_accuracy": 0.69921875,
  "answer_accuracy": 0.32421875,
  "avg_response_token_length": 169.87890625,
  "rollout_seconds": 9.066036939620972,
  "mean_reward": 0.32421875,
  "std_reward": 0.46899911761283875,
  "min_reward": 0.0,
  "max_reward": 1.0,
  "mean_advantage": 3.725290298461914e-09,
  "std_advantage": 0.7945877313613892,
  "num_groups": 32.0
}
