{
  "type": "rollout",
  "grpo_step": 158,
  "num_questions": 32,
  "group_size": 8.0,
  "num_rollouts": 256,
  "reward": 0.8203125,
  "format_accuracy": 0.94140625,
  "answer_accuracy": 0.8203125,
  "avg_response_token_length": 460.140625,
  "rollout_seconds": 14.73400354385376,
  "mean_reward": 0.8203125,
  "std_reward": 0.38467901945114136,
  "min_reward": 0.0,
  "max_reward": 1.0,
  "mean_advantage": 0.0,
  "std_advantage": 0.5495082139968872,
  "num_groups": 32.0
}
