{
  "type": "rollout",
  "grpo_step": 133,
  "num_questions": 32,
  "group_size": 8.0,
  "num_rollouts": 256,
  "reward": 0.77734375,
  "format_accuracy": 0.97265625,
  "answer_accuracy": 0.77734375,
  "avg_response_token_length": 508.92578125,
  "rollout_seconds": 16.669586896896362,
  "mean_reward": 0.77734375,
  "std_reward": 0.41684433817863464,
  "min_reward": 0.0,
  "max_reward": 1.0,
  "mean_advantage": 0.0,
  "std_advantage": 0.5973786115646362,
  "num_groups": 32.0
}
