{
  "type": "rollout",
  "grpo_step": 96,
  "num_questions": 32,
  "group_size": 8.0,
  "num_rollouts": 256,
  "reward": 0.74609375,
  "format_accuracy": 0.92578125,
  "answer_accuracy": 0.74609375,
  "avg_response_token_length": 301.3828125,
  "rollout_seconds": 13.047743797302246,
  "mean_reward": 0.74609375,
  "std_reward": 0.4360972046852112,
  "min_reward": 0.0,
  "max_reward": 1.0,
  "mean_advantage": 9.313225746154785e-10,
  "std_advantage": 0.5739426016807556,
  "num_groups": 32.0
}
