{
  "type": "rollout",
  "grpo_step": 23,
  "num_questions": 32,
  "group_size": 8.0,
  "num_rollouts": 256,
  "reward": 0.515625,
  "format_accuracy": 0.98046875,
  "answer_accuracy": 0.515625,
  "avg_response_token_length": 207.07421875,
  "rollout_seconds": 9.526700496673584,
  "mean_reward": 0.515625,
  "std_reward": 0.5007347464561462,
  "min_reward": 0.0,
  "max_reward": 1.0,
  "mean_advantage": -3.725290298461914e-09,
  "std_advantage": 0.7029333710670471,
  "num_groups": 32.0
}
