{
  "type": "rollout",
  "grpo_step": 163,
  "num_questions": 32,
  "group_size": 8.0,
  "num_rollouts": 256,
  "reward": 0.80078125,
  "format_accuracy": 0.88671875,
  "answer_accuracy": 0.80078125,
  "avg_response_token_length": 491.125,
  "rollout_seconds": 15.961202383041382,
  "mean_reward": 0.80078125,
  "std_reward": 0.40019527077674866,
  "min_reward": 0.0,
  "max_reward": 1.0,
  "mean_advantage": -3.725290298461914e-09,
  "std_advantage": 0.5739425420761108,
  "num_groups": 32.0
}
