{
  "type": "rollout",
  "grpo_step": 183,
  "num_questions": 32,
  "group_size": 8.0,
  "num_rollouts": 256,
  "reward": 0.765625,
  "format_accuracy": 0.953125,
  "answer_accuracy": 0.765625,
  "avg_response_token_length": 436.703125,
  "rollout_seconds": 14.39768362045288,
  "mean_reward": 0.765625,
  "std_reward": 0.42443734407424927,
  "min_reward": 0.0,
  "max_reward": 1.0,
  "mean_advantage": -4.656612873077393e-10,
  "std_advantage": 0.4970490038394928,
  "num_groups": 32.0
}
