{
  "type": "rollout",
  "grpo_step": 88,
  "num_questions": 32,
  "group_size": 8.0,
  "num_rollouts": 256,
  "reward": 0.4453125,
  "format_accuracy": 0.6328125,
  "answer_accuracy": 0.4453125,
  "avg_response_token_length": 470.86328125,
  "rollout_seconds": 15.402620315551758,
  "mean_reward": 0.4453125,
  "std_reward": 0.49797382950782776,
  "min_reward": 0.0,
  "max_reward": 1.0,
  "mean_advantage": 4.6566128730773926e-09,
  "std_advantage": 0.7221953868865967,
  "num_groups": 32.0
}
