{
  "type": "rollout",
  "grpo_step": 88,
  "num_questions": 32,
  "group_size": 8.0,
  "num_rollouts": 256,
  "reward": 0.7265625,
  "format_accuracy": 0.9609375,
  "answer_accuracy": 0.7265625,
  "avg_response_token_length": 322.20703125,
  "rollout_seconds": 15.89870309829712,
  "mean_reward": 0.7265625,
  "std_reward": 0.44659659266471863,
  "min_reward": 0.0,
  "max_reward": 1.0,
  "mean_advantage": -5.238689482212067e-09,
  "std_advantage": 0.549508273601532,
  "num_groups": 32.0
}
