{
  "type": "rollout",
  "grpo_step": 168,
  "num_questions": 32,
  "group_size": 8.0,
  "num_rollouts": 256,
  "reward": 0.23046875,
  "format_accuracy": 0.859375,
  "answer_accuracy": 0.23046875,
  "avg_response_token_length": 58.8984375,
  "rollout_seconds": 6.865242004394531,
  "mean_reward": 0.23046875,
  "std_reward": 0.4219578206539154,
  "min_reward": 0.0,
  "max_reward": 1.0,
  "mean_advantage": -2.3283064365386963e-09,
  "std_advantage": 0.5973786115646362,
  "num_groups": 32.0
}
