{
  "type": "rollout",
  "ei_step": 5,
  "num_questions": 1024,
  "rollouts_per_question": 4,
  "num_rollouts": 4096,
  "num_accepted": 721,
  "accepted_fraction": 0.176025390625,
  "question_coverage_with_accept": 0.42578125,
  "reward": 0.176025390625,
  "format_accuracy": 0.73828125,
  "answer_accuracy": 0.176025390625,
  "avg_token_entropy": 1.0948876738548279,
  "avg_accepted_token_entropy": 1.010448270631068,
  "avg_response_token_length": 292.306640625,
  "avg_accepted_response_token_length": 117.20249653259361,
  "rollout_seconds": 192.289053440094
}
