{
  "type": "rollout",
  "grpo_step": 72,
  "num_questions": 32,
  "group_size": 8.0,
  "num_rollouts": 256,
  "reward": 0.74609375,
  "format_accuracy": 0.92578125,
  "answer_accuracy": 0.74609375,
  "avg_response_token_length": 487.98828125,
  "rollout_seconds": 15.38806414604187,
  "mean_reward": 0.74609375,
  "std_reward": 0.4360972046852112,
  "min_reward": 0.0,
  "max_reward": 1.0,
  "mean_advantage": 0.0,
  "std_advantage": 0.5495080947875977,
  "num_groups": 32.0
}
