{
  "num_examples": 1024,
  "reward": 0.7646484375,
  "format_accuracy": 0.9814453125,
  "answer_accuracy": 0.7646484375,
  "temperature": 1.0,
  "top_p": 1.0,
  "max_tokens": 1024,
  "stop": "</answer>",
  "include_stop_str_in_output": true,
  "eval_seconds": 35.52423286437988
}
