{
  "type": "rollout",
  "grpo_step": 87,
  "num_questions": 32,
  "group_size": 8.0,
  "num_rollouts": 256,
  "reward": 0.8515625,
  "format_accuracy": 0.96875,
  "answer_accuracy": 0.8515625,
  "avg_response_token_length": 332.36328125,
  "rollout_seconds": 9.422768831253052,
  "mean_reward": 0.8515625,
  "std_reward": 0.3562295734882355,
  "min_reward": 0.0,
  "max_reward": 1.0,
  "mean_advantage": 0.0,
  "std_advantage": 0.4970490038394928,
  "num_groups": 32.0
}
