{
  "type": "rollout",
  "grpo_step": 113,
  "num_questions": 32,
  "group_size": 8.0,
  "num_rollouts": 256,
  "reward": 0.76953125,
  "format_accuracy": 0.93359375,
  "answer_accuracy": 0.76953125,
  "avg_response_token_length": 380.37109375,
  "rollout_seconds": 13.021575927734375,
  "mean_reward": 0.76953125,
  "std_reward": 0.4219578206539154,
  "min_reward": 0.0,
  "max_reward": 1.0,
  "mean_advantage": 1.3969838619232178e-09,
  "std_advantage": 0.4970489740371704,
  "num_groups": 32.0
}
