{
  "type": "rollout",
  "grpo_step": 103,
  "num_questions": 32,
  "group_size": 8.0,
  "num_rollouts": 256,
  "reward": 0.05078125,
  "format_accuracy": 0.2734375,
  "answer_accuracy": 0.05078125,
  "avg_response_token_length": 523.70703125,
  "rollout_seconds": 16.809417486190796,
  "mean_reward": 0.05078125,
  "std_reward": 0.21998077630996704,
  "min_reward": 0.0,
  "max_reward": 1.0,
  "mean_advantage": 1.862645149230957e-09,
  "std_advantage": 0.4686221778392792,
  "num_groups": 32.0
}
