{
  "type": "rollout",
  "grpo_step": 56,
  "num_questions": 32,
  "group_size": 8.0,
  "num_rollouts": 256,
  "reward": 0.83203125,
  "format_accuracy": 0.99609375,
  "answer_accuracy": 0.83203125,
  "avg_response_token_length": 260.5078125,
  "rollout_seconds": 10.370020627975464,
  "mean_reward": 0.83203125,
  "std_reward": 0.3745708465576172,
  "min_reward": 0.0,
  "max_reward": 1.0,
  "mean_advantage": -3.725290298461914e-09,
  "std_advantage": 0.5973784327507019,
  "num_groups": 32.0
}
