{
  "type": "rollout",
  "grpo_step": 154,
  "num_questions": 32,
  "group_size": 8.0,
  "num_rollouts": 256,
  "reward": 0.84765625,
  "format_accuracy": 0.953125,
  "answer_accuracy": 0.84765625,
  "avg_response_token_length": 478.26953125,
  "rollout_seconds": 15.08762812614441,
  "mean_reward": 0.84765625,
  "std_reward": 0.36005768179893494,
  "min_reward": 0.0,
  "max_reward": 1.0,
  "mean_advantage": -4.6566128730773926e-09,
  "std_advantage": 0.641687273979187,
  "num_groups": 32.0
}
