{
  "type": "rollout",
  "grpo_step": 102,
  "num_questions": 32,
  "group_size": 8.0,
  "num_rollouts": 256,
  "reward": 0.6875,
  "format_accuracy": 0.9453125,
  "answer_accuracy": 0.6875,
  "avg_response_token_length": 357.6484375,
  "rollout_seconds": 13.210950136184692,
  "mean_reward": 0.6875,
  "std_reward": 0.4644203782081604,
  "min_reward": 0.0,
  "max_reward": 1.0,
  "mean_advantage": -9.313225746154785e-10,
  "std_advantage": 0.662731945514679,
  "num_groups": 32.0
}
