{
  "type": "rollout",
  "grpo_step": 64,
  "num_questions": 32,
  "group_size": 8.0,
  "num_rollouts": 256,
  "reward": 0.625,
  "format_accuracy": 0.93359375,
  "answer_accuracy": 0.625,
  "avg_response_token_length": 355.6171875,
  "rollout_seconds": 16.392913579940796,
  "mean_reward": 0.625,
  "std_reward": 0.48507124185562134,
  "min_reward": 0.0,
  "max_reward": 1.0,
  "mean_advantage": -1.862645149230957e-09,
  "std_advantage": 0.7221952080726624,
  "num_groups": 32.0
}
