{
  "type": "rollout",
  "grpo_step": 192,
  "num_questions": 32,
  "group_size": 8.0,
  "num_rollouts": 256,
  "reward": 0.90234375,
  "format_accuracy": 0.98828125,
  "answer_accuracy": 0.90234375,
  "avg_response_token_length": 463.16015625,
  "rollout_seconds": 15.380886554718018,
  "mean_reward": 0.90234375,
  "std_reward": 0.29743078351020813,
  "min_reward": 0.0,
  "max_reward": 1.0,
  "mean_advantage": 0.0,
  "std_advantage": 0.21120569109916687,
  "num_groups": 32.0
}
