{
  "type": "rollout",
  "grpo_step": 19,
  "num_questions": 32,
  "group_size": 8.0,
  "num_rollouts": 256,
  "reward": 0.7421875,
  "format_accuracy": 0.93359375,
  "answer_accuracy": 0.7421875,
  "avg_response_token_length": 557.6875,
  "rollout_seconds": 16.92634105682373,
  "mean_reward": 0.7421875,
  "std_reward": 0.4382871091365814,
  "min_reward": 0.0,
  "max_reward": 1.0,
  "mean_advantage": -4.6566128730773926e-09,
  "std_advantage": 0.6627318859100342,
  "num_groups": 32.0
}
