{
  "type": "rollout",
  "grpo_step": 43,
  "num_questions": 32,
  "group_size": 8.0,
  "num_rollouts": 256,
  "reward": 0.19140625,
  "format_accuracy": 0.73046875,
  "answer_accuracy": 0.19140625,
  "avg_response_token_length": 184.37109375,
  "rollout_seconds": 9.099904298782349,
  "mean_reward": 0.19140625,
  "std_reward": 0.39417868852615356,
  "min_reward": 0.0,
  "max_reward": 1.0,
  "mean_advantage": 1.862645149230957e-09,
  "std_advantage": 0.8609139323234558,
  "num_groups": 32.0
}
