{
  "type": "rollout",
  "grpo_step": 139,
  "num_questions": 32,
  "group_size": 8.0,
  "num_rollouts": 256,
  "reward": 0.7890625,
  "format_accuracy": 0.9453125,
  "answer_accuracy": 0.7890625,
  "avg_response_token_length": 350.4375,
  "rollout_seconds": 12.624660730361938,
  "mean_reward": 0.7890625,
  "std_reward": 0.408773273229599,
  "min_reward": 0.0,
  "max_reward": 1.0,
  "mean_advantage": -6.984919309616089e-10,
  "std_advantage": 0.4970490038394928,
  "num_groups": 32.0
}
