{
  "type": "rollout",
  "grpo_step": 251,
  "num_questions": 32,
  "group_size": 8.0,
  "num_rollouts": 256,
  "reward": 0.73828125,
  "format_accuracy": 0.953125,
  "answer_accuracy": 0.73828125,
  "avg_response_token_length": 476.34375,
  "rollout_seconds": 12.090321779251099,
  "mean_reward": 0.73828125,
  "std_reward": 0.4404313564300537,
  "min_reward": 0.0,
  "max_reward": 1.0,
  "mean_advantage": -3.4924596548080444e-09,
  "std_advantage": 0.5239356756210327,
  "num_groups": 32.0
}
