{
  "type": "rollout",
  "grpo_step": 315,
  "num_questions": 32,
  "group_size": 8.0,
  "num_rollouts": 256,
  "reward": 0.75390625,
  "format_accuracy": 0.9453125,
  "answer_accuracy": 0.75390625,
  "avg_response_token_length": 352.671875,
  "rollout_seconds": 9.579489946365356,
  "mean_reward": 0.75390625,
  "std_reward": 0.43157756328582764,
  "min_reward": 0.0,
  "max_reward": 1.0,
  "mean_advantage": -1.862645149230957e-09,
  "std_advantage": 0.438355952501297,
  "num_groups": 32.0
}
