{
  "type": "rollout",
  "grpo_step": 290,
  "num_questions": 32,
  "group_size": 8.0,
  "num_rollouts": 256,
  "reward": 0.640625,
  "format_accuracy": 0.93359375,
  "answer_accuracy": 0.640625,
  "avg_response_token_length": 450.16796875,
  "rollout_seconds": 14.68984079360962,
  "mean_reward": 0.640625,
  "std_reward": 0.4807571768760681,
  "min_reward": 0.0,
  "max_reward": 1.0,
  "mean_advantage": -9.313225746154785e-10,
  "std_advantage": 0.5739426612854004,
  "num_groups": 32.0
}
