{
  "type": "rollout",
  "grpo_step": 71,
  "num_questions": 32,
  "group_size": 8.0,
  "num_rollouts": 256,
  "reward": 0.7890625,
  "format_accuracy": 0.953125,
  "answer_accuracy": 0.7890625,
  "avg_response_token_length": 329.32421875,
  "rollout_seconds": 12.202850818634033,
  "mean_reward": 0.7890625,
  "std_reward": 0.408773273229599,
  "min_reward": 0.0,
  "max_reward": 1.0,
  "mean_advantage": 1.862645149230957e-09,
  "std_advantage": 0.4970487952232361,
  "num_groups": 32.0
}
