{
  "type": "rollout",
  "grpo_step": 2,
  "num_questions": 32,
  "group_size": 8.0,
  "num_rollouts": 256,
  "reward": 0.16015625,
  "format_accuracy": 0.6953125,
  "answer_accuracy": 0.16015625,
  "avg_response_token_length": 155.6171875,
  "rollout_seconds": 8.37509536743164,
  "mean_reward": 0.16015625,
  "std_reward": 0.36746931076049805,
  "min_reward": 0.0,
  "max_reward": 1.0,
  "mean_advantage": 0.0,
  "std_advantage": 0.3059860169887543,
  "num_groups": 32.0
}
