{
  "type": "rollout",
  "grpo_step": 167,
  "num_questions": 32,
  "group_size": 8.0,
  "num_rollouts": 256,
  "reward": 0.7578125,
  "format_accuracy": 0.93359375,
  "answer_accuracy": 0.7578125,
  "avg_response_token_length": 297.921875,
  "rollout_seconds": 11.660911321640015,
  "mean_reward": 0.7578125,
  "std_reward": 0.42924636602401733,
  "min_reward": 0.0,
  "max_reward": 1.0,
  "mean_advantage": 0.0,
  "std_advantage": 0.2675231397151947,
  "num_groups": 32.0
}
