{
  "type": "rollout",
  "grpo_step": 4,
  "num_questions": 32,
  "group_size": 8.0,
  "num_rollouts": 256,
  "reward": 0.23828125,
  "format_accuracy": 0.5859375,
  "answer_accuracy": 0.23828125,
  "avg_response_token_length": 206.65625,
  "rollout_seconds": 9.284547090530396,
  "mean_reward": 0.23828125,
  "std_reward": 0.4268665611743927,
  "min_reward": 0.0,
  "max_reward": 1.0,
  "mean_advantage": 1.1175870895385742e-08,
  "std_advantage": 0.7771221995353699,
  "num_groups": 32.0
}
