{
  "type": "rollout",
  "grpo_step": 130,
  "num_questions": 32,
  "group_size": 8.0,
  "num_rollouts": 256,
  "reward": 0.75390625,
  "format_accuracy": 0.890625,
  "answer_accuracy": 0.75390625,
  "avg_response_token_length": 450.49609375,
  "rollout_seconds": 15.113735914230347,
  "mean_reward": 0.75390625,
  "std_reward": 0.43157756328582764,
  "min_reward": 0.0,
  "max_reward": 1.0,
  "mean_advantage": -2.7939677238464355e-09,
  "std_advantage": 0.4970487356185913,
  "num_groups": 32.0
}
