{
  "type": "rollout",
  "grpo_step": 50,
  "num_questions": 32,
  "group_size": 8.0,
  "num_rollouts": 256,
  "reward": 0.67578125,
  "format_accuracy": 0.953125,
  "answer_accuracy": 0.67578125,
  "avg_response_token_length": 230.12109375,
  "rollout_seconds": 10.188774108886719,
  "mean_reward": 0.67578125,
  "std_reward": 0.46899911761283875,
  "min_reward": 0.0,
  "max_reward": 1.0,
  "mean_advantage": -7.450580596923828e-09,
  "std_advantage": 0.5973784327507019,
  "num_groups": 32.0
}
