{
  "type": "rollout",
  "grpo_step": 216,
  "num_questions": 32,
  "group_size": 8.0,
  "num_rollouts": 256,
  "reward": 0.79296875,
  "format_accuracy": 0.95703125,
  "answer_accuracy": 0.79296875,
  "avg_response_token_length": 352.59765625,
  "rollout_seconds": 9.727888107299805,
  "mean_reward": 0.79296875,
  "std_reward": 0.40597182512283325,
  "min_reward": 0.0,
  "max_reward": 1.0,
  "mean_advantage": 0.0,
  "std_advantage": 0.2869713306427002,
  "num_groups": 32.0
}
