{
  "type": "rollout",
  "grpo_step": 194,
  "num_questions": 32,
  "group_size": 8.0,
  "num_rollouts": 256,
  "reward": 0.734375,
  "format_accuracy": 0.95703125,
  "answer_accuracy": 0.734375,
  "avg_response_token_length": 401.7578125,
  "rollout_seconds": 13.479001998901367,
  "mean_reward": 0.734375,
  "std_reward": 0.4425306022167206,
  "min_reward": 0.0,
  "max_reward": 1.0,
  "mean_advantage": 1.862645149230957e-09,
  "std_advantage": 0.43835610151290894,
  "num_groups": 32.0
}
