{
  "num_examples": 1024,
  "reward": 0.3154296875,
  "format_accuracy": 0.7958984375,
  "answer_accuracy": 0.3154296875,
  "temperature": 1.0,
  "top_p": 1.0,
  "max_tokens": 1024,
  "stop": "</answer>",
  "include_stop_str_in_output": true,
  "eval_seconds": 30.56995415687561
}
