{
  "num_examples": 1024,
  "reward": 0.3173828125,
  "format_accuracy": 0.759765625,
  "answer_accuracy": 0.3173828125,
  "temperature": 1.0,
  "top_p": 1.0,
  "max_tokens": 1024,
  "stop": "</answer>",
  "include_stop_str_in_output": true,
  "eval_seconds": 32.55781579017639
}
