{
  "type": "rollout",
  "grpo_step": 124,
  "num_questions": 32,
  "group_size": 8.0,
  "num_rollouts": 256,
  "reward": 0.8671875,
  "format_accuracy": 0.95703125,
  "answer_accuracy": 0.8671875,
  "avg_response_token_length": 389.24609375,
  "rollout_seconds": 14.362277507781982,
  "mean_reward": 0.8671875,
  "std_reward": 0.3400367498397827,
  "min_reward": 0.0,
  "max_reward": 1.0,
  "mean_advantage": 0.0,
  "std_advantage": 0.21236298978328705,
  "num_groups": 32.0
}
