{
  "type": "rollout",
  "grpo_step": 330,
  "num_questions": 32,
  "group_size": 8.0,
  "num_rollouts": 256,
  "reward": 0.80078125,
  "format_accuracy": 0.9609375,
  "answer_accuracy": 0.80078125,
  "avg_response_token_length": 358.30859375,
  "rollout_seconds": 10.149851083755493,
  "mean_reward": 0.80078125,
  "std_reward": 0.40019527077674866,
  "min_reward": 0.0,
  "max_reward": 1.0,
  "mean_advantage": -2.3283064365386963e-10,
  "std_advantage": 0.5239356160163879,
  "num_groups": 32.0
}
