{
  "type": "rollout",
  "grpo_step": 38,
  "num_questions": 32,
  "group_size": 8.0,
  "num_rollouts": 256,
  "reward": 0.76953125,
  "format_accuracy": 0.9296875,
  "answer_accuracy": 0.76953125,
  "avg_response_token_length": 589.1796875,
  "rollout_seconds": 18.611424922943115,
  "mean_reward": 0.76953125,
  "std_reward": 0.4219578206539154,
  "min_reward": 0.0,
  "max_reward": 1.0,
  "mean_advantage": -7.450580596923828e-09,
  "std_advantage": 0.7221952676773071,
  "num_groups": 32.0
}
