{
  "type": "rollout",
  "grpo_step": 98,
  "num_questions": 32,
  "group_size": 8.0,
  "num_rollouts": 256,
  "reward": 0.2734375,
  "format_accuracy": 1.0,
  "answer_accuracy": 0.2734375,
  "avg_response_token_length": 16.203125,
  "rollout_seconds": 1.4312257766723633,
  "mean_reward": 0.2734375,
  "std_reward": 0.44659659266471863,
  "min_reward": 0.0,
  "max_reward": 1.0,
  "mean_advantage": -2.3283064365386963e-10,
  "std_advantage": 0.3313659429550171,
  "num_groups": 32.0
}
