{
  "type": "rollout",
  "grpo_step": 76,
  "num_questions": 32,
  "group_size": 8.0,
  "num_rollouts": 256,
  "reward": 0.359375,
  "format_accuracy": 0.82421875,
  "answer_accuracy": 0.359375,
  "avg_response_token_length": 38.26953125,
  "rollout_seconds": 5.76476263999939,
  "mean_reward": 0.359375,
  "std_reward": 0.4807571768760681,
  "min_reward": 0.0,
  "max_reward": 1.0,
  "mean_advantage": 1.4901161193847656e-08,
  "std_advantage": 0.7409569025039673,
  "num_groups": 32.0
}
