{
  "type": "rollout",
  "grpo_step": 28,
  "num_questions": 32,
  "group_size": 8.0,
  "num_rollouts": 256,
  "reward": 0.57421875,
  "format_accuracy": 0.9296875,
  "answer_accuracy": 0.57421875,
  "avg_response_token_length": 293.90625,
  "rollout_seconds": 11.543052911758423,
  "mean_reward": 0.57421875,
  "std_reward": 0.49542948603630066,
  "min_reward": 0.0,
  "max_reward": 1.0,
  "mean_advantage": 0.0,
  "std_advantage": 0.662731945514679,
  "num_groups": 32.0
}
