{
  "type": "rollout",
  "grpo_step": 112,
  "num_questions": 32,
  "group_size": 8.0,
  "num_rollouts": 256,
  "reward": 0.6953125,
  "format_accuracy": 0.984375,
  "answer_accuracy": 0.6953125,
  "avg_response_token_length": 350.44140625,
  "rollout_seconds": 12.642417430877686,
  "mean_reward": 0.6953125,
  "std_reward": 0.4611765742301941,
  "min_reward": 0.0,
  "max_reward": 1.0,
  "mean_advantage": 0.0,
  "std_advantage": 0.6416873931884766,
  "num_groups": 32.0
}
