{
  "type": "rollout",
  "grpo_step": 94,
  "num_questions": 32,
  "group_size": 8.0,
  "num_rollouts": 256,
  "reward": 0.8125,
  "format_accuracy": 0.94140625,
  "answer_accuracy": 0.8125,
  "avg_response_token_length": 486.9921875,
  "rollout_seconds": 15.343451261520386,
  "mean_reward": 0.8125,
  "std_reward": 0.3910769522190094,
  "min_reward": 0.0,
  "max_reward": 1.0,
  "mean_advantage": 3.725290298461914e-09,
  "std_advantage": 0.7029333114624023,
  "num_groups": 32.0
}
