{
  "type": "rollout",
  "grpo_step": 187,
  "num_questions": 32,
  "group_size": 8.0,
  "num_rollouts": 256,
  "reward": 0.7421875,
  "format_accuracy": 0.9609375,
  "answer_accuracy": 0.7421875,
  "avg_response_token_length": 278.31640625,
  "rollout_seconds": 10.756154537200928,
  "mean_reward": 0.7421875,
  "std_reward": 0.4382871091365814,
  "min_reward": 0.0,
  "max_reward": 1.0,
  "mean_advantage": -9.313225746154785e-10,
  "std_advantage": 0.6199289560317993,
  "num_groups": 32.0
}
