{
  "type": "rollout",
  "grpo_step": 197,
  "num_questions": 32,
  "group_size": 8.0,
  "num_rollouts": 256,
  "reward": 0.828125,
  "format_accuracy": 0.99609375,
  "answer_accuracy": 0.828125,
  "avg_response_token_length": 456.77734375,
  "rollout_seconds": 14.982671737670898,
  "mean_reward": 0.828125,
  "std_reward": 0.3780107796192169,
  "min_reward": 0.0,
  "max_reward": 1.0,
  "mean_advantage": 0.0,
  "std_advantage": 0.25629332661628723,
  "num_groups": 32.0
}
