{
  "type": "rollout",
  "grpo_step": 150,
  "num_questions": 32,
  "group_size": 8.0,
  "num_rollouts": 256,
  "reward": 0.53125,
  "format_accuracy": 0.9609375,
  "answer_accuracy": 0.53125,
  "avg_response_token_length": 240.9609375,
  "rollout_seconds": 10.161375284194946,
  "mean_reward": 0.53125,
  "std_reward": 0.5,
  "min_reward": 0.0,
  "max_reward": 1.0,
  "mean_advantage": -9.313225746154785e-10,
  "std_advantage": 0.6199290752410889,
  "num_groups": 32.0
}
