{
  "type": "rollout",
  "grpo_step": 195,
  "num_questions": 32,
  "group_size": 8.0,
  "num_rollouts": 256,
  "reward": 0.54296875,
  "format_accuracy": 0.734375,
  "answer_accuracy": 0.54296875,
  "avg_response_token_length": 426.15625,
  "rollout_seconds": 26.91799545288086,
  "mean_reward": 0.54296875,
  "std_reward": 0.4991260766983032,
  "min_reward": 0.0,
  "max_reward": 1.0,
  "mean_advantage": -1.862645149230957e-09,
  "std_advantage": 0.5973784923553467,
  "num_groups": 32.0
}
