{
  "type": "rollout",
  "grpo_step": 68,
  "num_questions": 32,
  "group_size": 8.0,
  "num_rollouts": 256,
  "reward": 0.640625,
  "format_accuracy": 0.953125,
  "answer_accuracy": 0.640625,
  "avg_response_token_length": 287.80078125,
  "rollout_seconds": 15.471255779266357,
  "mean_reward": 0.640625,
  "std_reward": 0.4807571768760681,
  "min_reward": 0.0,
  "max_reward": 1.0,
  "mean_advantage": 3.725290298461914e-09,
  "std_advantage": 0.6199289560317993,
  "num_groups": 32.0
}
