{
  "type": "rollout",
  "grpo_step": 34,
  "num_questions": 32,
  "group_size": 8.0,
  "num_rollouts": 256,
  "reward": 0.6484375,
  "format_accuracy": 0.84375,
  "answer_accuracy": 0.6484375,
  "avg_response_token_length": 576.8046875,
  "rollout_seconds": 26.467339754104614,
  "mean_reward": 0.6484375,
  "std_reward": 0.47839346528053284,
  "min_reward": 0.0,
  "max_reward": 1.0,
  "mean_advantage": 0.0,
  "std_advantage": 0.28180092573165894,
  "num_groups": 32.0
}
