{
  "type": "rollout",
  "grpo_step": 34,
  "num_questions": 32,
  "group_size": 8.0,
  "num_rollouts": 256,
  "reward": 0.66796875,
  "format_accuracy": 0.87109375,
  "answer_accuracy": 0.66796875,
  "avg_response_token_length": 557.97265625,
  "rollout_seconds": 16.668203115463257,
  "mean_reward": 0.66796875,
  "std_reward": 0.47186464071273804,
  "min_reward": 0.0,
  "max_reward": 1.0,
  "mean_advantage": -1.862645149230957e-09,
  "std_advantage": 0.7029334306716919,
  "num_groups": 32.0
}
