{
  "type": "rollout",
  "grpo_step": 122,
  "num_questions": 32,
  "group_size": 8.0,
  "num_rollouts": 256,
  "reward": 0.16015625,
  "format_accuracy": 0.96484375,
  "answer_accuracy": 0.16015625,
  "avg_response_token_length": 27.42578125,
  "rollout_seconds": 7.743352174758911,
  "mean_reward": 0.16015625,
  "std_reward": 0.36746931076049805,
  "min_reward": 0.0,
  "max_reward": 1.0,
  "mean_advantage": -1.5133991837501526e-09,
  "std_advantage": 0.40583860874176025,
  "num_groups": 32.0
}
