{
  "type": "rollout",
  "grpo_step": 71,
  "num_questions": 32,
  "group_size": 8.0,
  "num_rollouts": 256,
  "reward": 0.47265625,
  "format_accuracy": 0.89453125,
  "answer_accuracy": 0.47265625,
  "avg_response_token_length": 449.12890625,
  "rollout_seconds": 11.893318176269531,
  "mean_reward": 0.47265625,
  "std_reward": 0.5002297163009644,
  "min_reward": 0.0,
  "max_reward": 1.0,
  "mean_advantage": -4.656612873077393e-10,
  "std_advantage": 0.5239354968070984,
  "num_groups": 32.0
}
