{
  "type": "rollout",
  "grpo_step": 110,
  "num_questions": 32,
  "group_size": 8.0,
  "num_rollouts": 256,
  "reward": 0.37890625,
  "format_accuracy": 0.98046875,
  "answer_accuracy": 0.37890625,
  "avg_response_token_length": 20.87890625,
  "rollout_seconds": 2.8710899353027344,
  "mean_reward": 0.37890625,
  "std_reward": 0.48606500029563904,
  "min_reward": 0.0,
  "max_reward": 1.0,
  "mean_advantage": 0.0,
  "std_advantage": 0.6199288368225098,
  "num_groups": 32.0
}
