{
  "type": "rollout",
  "grpo_step": 98,
  "num_questions": 32,
  "group_size": 8.0,
  "num_rollouts": 256,
  "reward": 0.3828125,
  "format_accuracy": 0.51171875,
  "answer_accuracy": 0.3828125,
  "avg_response_token_length": 587.90234375,
  "rollout_seconds": 18.5933039188385,
  "mean_reward": 0.3828125,
  "std_reward": 0.48702529072761536,
  "min_reward": 0.0,
  "max_reward": 1.0,
  "mean_advantage": 9.313225746154785e-10,
  "std_advantage": 0.6199289560317993,
  "num_groups": 32.0
}
