{
  "type": "rollout",
  "grpo_step": 73,
  "num_questions": 32,
  "group_size": 8.0,
  "num_rollouts": 256,
  "reward": 0.6875,
  "format_accuracy": 0.89453125,
  "answer_accuracy": 0.6875,
  "avg_response_token_length": 437.2109375,
  "rollout_seconds": 14.774534463882446,
  "mean_reward": 0.6875,
  "std_reward": 0.4644203782081604,
  "min_reward": 0.0,
  "max_reward": 1.0,
  "mean_advantage": -1.3969838619232178e-09,
  "std_advantage": 0.5239354372024536,
  "num_groups": 32.0
}
