{
  "type": "rollout",
  "grpo_step": 164,
  "num_questions": 32,
  "group_size": 8.0,
  "num_rollouts": 256,
  "reward": 0.53125,
  "format_accuracy": 0.953125,
  "answer_accuracy": 0.53125,
  "avg_response_token_length": 282.5546875,
  "rollout_seconds": 10.988419532775879,
  "mean_reward": 0.53125,
  "std_reward": 0.5,
  "min_reward": 0.0,
  "max_reward": 1.0,
  "mean_advantage": -4.6566128730773926e-09,
  "std_advantage": 0.549508273601532,
  "num_groups": 32.0
}
