{
  "type": "rollout",
  "grpo_step": 115,
  "num_questions": 32,
  "group_size": 8.0,
  "num_rollouts": 256,
  "reward": 0.55078125,
  "format_accuracy": 0.6796875,
  "answer_accuracy": 0.55078125,
  "avg_response_token_length": 462.93359375,
  "rollout_seconds": 15.300951480865479,
  "mean_reward": 0.55078125,
  "std_reward": 0.49838894605636597,
  "min_reward": 0.0,
  "max_reward": 1.0,
  "mean_advantage": 9.313225746154785e-10,
  "std_advantage": 0.6416873931884766,
  "num_groups": 32.0
}
