{
  "type": "rollout",
  "grpo_step": 52,
  "num_questions": 32,
  "group_size": 8.0,
  "num_rollouts": 256,
  "reward": 0.51171875,
  "format_accuracy": 0.953125,
  "answer_accuracy": 0.51171875,
  "avg_response_token_length": 267.5,
  "rollout_seconds": 10.709022521972656,
  "mean_reward": 0.51171875,
  "std_reward": 0.5008417963981628,
  "min_reward": 0.0,
  "max_reward": 1.0,
  "mean_advantage": 5.587935447692871e-09,
  "std_advantage": 0.6416875123977661,
  "num_groups": 32.0
}
