{
  "type": "rollout",
  "grpo_step": 19,
  "num_questions": 32,
  "group_size": 8.0,
  "num_rollouts": 256,
  "reward": 0.2734375,
  "format_accuracy": 0.36328125,
  "answer_accuracy": 0.2734375,
  "avg_response_token_length": 233.8984375,
  "rollout_seconds": 9.953875541687012,
  "mean_reward": 0.2734375,
  "std_reward": 0.44659659266471863,
  "min_reward": 0.0,
  "max_reward": 1.0,
  "mean_advantage": 3.725290298461914e-09,
  "std_advantage": 0.8116776347160339,
  "num_groups": 32.0
}
