{
  "type": "rollout",
  "grpo_step": 72,
  "num_questions": 32,
  "group_size": 8.0,
  "num_rollouts": 256,
  "reward": 0.4453125,
  "format_accuracy": 0.6796875,
  "answer_accuracy": 0.4453125,
  "avg_response_token_length": 345.3203125,
  "rollout_seconds": 12.489895105361938,
  "mean_reward": 0.4453125,
  "std_reward": 0.49797382950782776,
  "min_reward": 0.0,
  "max_reward": 1.0,
  "mean_advantage": 0.0,
  "std_advantage": 0.6627321243286133,
  "num_groups": 32.0
}
