{
  "type": "rollout",
  "grpo_step": 28,
  "num_questions": 32,
  "group_size": 8.0,
  "num_rollouts": 256,
  "reward": 0.71875,
  "format_accuracy": 0.96484375,
  "answer_accuracy": 0.71875,
  "avg_response_token_length": 513.69921875,
  "rollout_seconds": 16.477628469467163,
  "mean_reward": 0.71875,
  "std_reward": 0.45048993825912476,
  "min_reward": 0.0,
  "max_reward": 1.0,
  "mean_advantage": 0.0,
  "std_advantage": 0.3051839768886566,
  "num_groups": 32.0
}
