{
  "type": "rollout",
  "grpo_step": 89,
  "num_questions": 32,
  "group_size": 8.0,
  "num_rollouts": 256,
  "reward": 0.28125,
  "format_accuracy": 0.84765625,
  "answer_accuracy": 0.28125,
  "avg_response_token_length": 30.9375,
  "rollout_seconds": 5.764659643173218,
  "mean_reward": 0.28125,
  "std_reward": 0.45048993825912476,
  "min_reward": 0.0,
  "max_reward": 1.0,
  "mean_advantage": 2.7939677238464355e-09,
  "std_advantage": 0.5973783731460571,
  "num_groups": 32.0
}
