{
  "type": "rollout",
  "grpo_step": 181,
  "num_questions": 32,
  "group_size": 8.0,
  "num_rollouts": 256,
  "reward": 0.609375,
  "format_accuracy": 0.83203125,
  "answer_accuracy": 0.609375,
  "avg_response_token_length": 499.62890625,
  "rollout_seconds": 17.989784955978394,
  "mean_reward": 0.609375,
  "std_reward": 0.48884618282318115,
  "min_reward": 0.0,
  "max_reward": 1.0,
  "mean_advantage": -9.313225746154785e-10,
  "std_advantage": 0.5495081543922424,
  "num_groups": 32.0
}
