{
  "type": "rollout",
  "grpo_step": 108,
  "num_questions": 32,
  "group_size": 8.0,
  "num_rollouts": 256,
  "reward": 0.81640625,
  "format_accuracy": 0.94140625,
  "answer_accuracy": 0.81640625,
  "avg_response_token_length": 355.546875,
  "rollout_seconds": 12.61192536354065,
  "mean_reward": 0.81640625,
  "std_reward": 0.3879109025001526,
  "min_reward": 0.0,
  "max_reward": 1.0,
  "mean_advantage": -3.259629011154175e-09,
  "std_advantage": 0.49704885482788086,
  "num_groups": 32.0
}
