{
  "type": "rollout",
  "grpo_step": 301,
  "num_questions": 32,
  "group_size": 8.0,
  "num_rollouts": 256,
  "reward": 0.81640625,
  "format_accuracy": 0.9765625,
  "answer_accuracy": 0.81640625,
  "avg_response_token_length": 400.06640625,
  "rollout_seconds": 14.16091537475586,
  "mean_reward": 0.81640625,
  "std_reward": 0.3879109025001526,
  "min_reward": 0.0,
  "max_reward": 1.0,
  "mean_advantage": 0.0,
  "std_advantage": 0.5739427208900452,
  "num_groups": 32.0
}
