{
  "type": "rollout",
  "grpo_step": 115,
  "num_questions": 32,
  "group_size": 8.0,
  "num_rollouts": 256,
  "reward": 0.73046875,
  "format_accuracy": 0.94140625,
  "answer_accuracy": 0.73046875,
  "avg_response_token_length": 293.15625,
  "rollout_seconds": 11.444477558135986,
  "mean_reward": 0.73046875,
  "std_reward": 0.4445854723453522,
  "min_reward": 0.0,
  "max_reward": 1.0,
  "mean_advantage": 0.0,
  "std_advantage": 0.20887185633182526,
  "num_groups": 32.0
}
