{
  "type": "rollout",
  "grpo_step": 162,
  "num_questions": 32,
  "group_size": 8.0,
  "num_rollouts": 256,
  "reward": 0.24609375,
  "format_accuracy": 0.9296875,
  "answer_accuracy": 0.24609375,
  "avg_response_token_length": 20.59765625,
  "rollout_seconds": 3.084637403488159,
  "mean_reward": 0.24609375,
  "std_reward": 0.43157756328582764,
  "min_reward": 0.0,
  "max_reward": 1.0,
  "mean_advantage": -9.313225746154785e-10,
  "std_advantage": 0.5239354968070984,
  "num_groups": 32.0
}
