{
  "type": "rollout",
  "grpo_step": 131,
  "num_questions": 32,
  "group_size": 8.0,
  "num_rollouts": 256,
  "reward": 0.7109375,
  "format_accuracy": 0.91015625,
  "answer_accuracy": 0.7109375,
  "avg_response_token_length": 421.02734375,
  "rollout_seconds": 14.094608306884766,
  "mean_reward": 0.7109375,
  "std_reward": 0.45421501994132996,
  "min_reward": 0.0,
  "max_reward": 1.0,
  "mean_advantage": -9.313225746154785e-10,
  "std_advantage": 0.4686221480369568,
  "num_groups": 32.0
}
