{
  "type": "rollout",
  "grpo_step": 142,
  "num_questions": 32,
  "group_size": 8.0,
  "num_rollouts": 256,
  "reward": 0.71875,
  "format_accuracy": 0.96875,
  "answer_accuracy": 0.71875,
  "avg_response_token_length": 324.3671875,
  "rollout_seconds": 12.383265972137451,
  "mean_reward": 0.71875,
  "std_reward": 0.45048993825912476,
  "min_reward": 0.0,
  "max_reward": 1.0,
  "mean_advantage": 0.0,
  "std_advantage": 0.2322101891040802,
  "num_groups": 32.0
}
