{
  "type": "rollout",
  "grpo_step": 91,
  "num_questions": 32,
  "group_size": 8.0,
  "num_rollouts": 256,
  "reward": 0.60546875,
  "format_accuracy": 0.9453125,
  "answer_accuracy": 0.60546875,
  "avg_response_token_length": 284.796875,
  "rollout_seconds": 11.713849306106567,
  "mean_reward": 0.60546875,
  "std_reward": 0.48970717191696167,
  "min_reward": 0.0,
  "max_reward": 1.0,
  "mean_advantage": 9.313225746154785e-10,
  "std_advantage": 0.6199290156364441,
  "num_groups": 32.0
}
