{
  "type": "rollout",
  "grpo_step": 8,
  "num_questions": 32,
  "group_size": 8.0,
  "num_rollouts": 256,
  "reward": 0.19921875,
  "format_accuracy": 0.48046875,
  "answer_accuracy": 0.19921875,
  "avg_response_token_length": 276.796875,
  "rollout_seconds": 10.72987985610962,
  "mean_reward": 0.19921875,
  "std_reward": 0.40019527077674866,
  "min_reward": 0.0,
  "max_reward": 1.0,
  "mean_advantage": 9.313225746154785e-10,
  "std_advantage": 0.6416875123977661,
  "num_groups": 32.0
}
