{
  "type": "rollout",
  "grpo_step": 3,
  "num_questions": 32,
  "group_size": 8.0,
  "num_rollouts": 256,
  "reward": 0.1484375,
  "format_accuracy": 0.95703125,
  "answer_accuracy": 0.1484375,
  "avg_response_token_length": 31.98828125,
  "rollout_seconds": 3.3862602710723877,
  "mean_reward": 0.1484375,
  "std_reward": 0.3562295734882355,
  "min_reward": 0.0,
  "max_reward": 1.0,
  "mean_advantage": 0.0,
  "std_advantage": 0.4686221182346344,
  "num_groups": 32.0
}
