{
  "type": "rollout",
  "grpo_step": 15,
  "num_questions": 32,
  "group_size": 8.0,
  "num_rollouts": 256,
  "reward": 0.0546875,
  "format_accuracy": 0.109375,
  "answer_accuracy": 0.0546875,
  "avg_response_token_length": 326.52734375,
  "rollout_seconds": 11.312530517578125,
  "mean_reward": 0.0546875,
  "std_reward": 0.22781464457511902,
  "min_reward": 0.0,
  "max_reward": 1.0,
  "mean_advantage": 0.0,
  "std_advantage": 0.21004201471805573,
  "num_groups": 32.0
}
