{
  "num_examples": 1024,
  "reward": 0.7783203125,
  "format_accuracy": 0.966796875,
  "answer_accuracy": 0.7783203125,
  "temperature": 1.0,
  "top_p": 1.0,
  "max_tokens": 1024,
  "stop": "</answer>",
  "include_stop_str_in_output": true,
  "eval_seconds": 64.48581910133362
}
