{
  "type": "rollout",
  "grpo_step": 115,
  "num_questions": 32,
  "group_size": 8.0,
  "num_rollouts": 256,
  "reward": 0.29296875,
  "format_accuracy": 1.0,
  "answer_accuracy": 0.29296875,
  "avg_response_token_length": 17.78515625,
  "rollout_seconds": 1.6029248237609863,
  "mean_reward": 0.29296875,
  "std_reward": 0.45601576566696167,
  "min_reward": 0.0,
  "max_reward": 1.0,
  "mean_advantage": 1.862645149230957e-09,
  "std_advantage": 0.3313659131526947,
  "num_groups": 32.0
}
