{
  "type": "rollout",
  "grpo_step": 23,
  "num_questions": 32,
  "group_size": 8.0,
  "num_rollouts": 256,
  "reward": 0.5546875,
  "format_accuracy": 0.91015625,
  "answer_accuracy": 0.5546875,
  "avg_response_token_length": 303.640625,
  "rollout_seconds": 11.538362503051758,
  "mean_reward": 0.5546875,
  "std_reward": 0.49797382950782776,
  "min_reward": 0.0,
  "max_reward": 1.0,
  "mean_advantage": 0.0,
  "std_advantage": 0.35424596071243286,
  "num_groups": 32.0
}
