{
  "type": "rollout",
  "grpo_step": 83,
  "num_questions": 32,
  "group_size": 8.0,
  "num_rollouts": 256,
  "reward": 0.43359375,
  "format_accuracy": 0.90234375,
  "answer_accuracy": 0.43359375,
  "avg_response_token_length": 31.01171875,
  "rollout_seconds": 5.546941041946411,
  "mean_reward": 0.43359375,
  "std_reward": 0.4965413510799408,
  "min_reward": 0.0,
  "max_reward": 1.0,
  "mean_advantage": 9.313225746154785e-10,
  "std_advantage": 0.7029333114624023,
  "num_groups": 32.0
}
