{
  "type": "rollout",
  "grpo_step": 83,
  "num_questions": 32,
  "group_size": 8.0,
  "num_rollouts": 256,
  "reward": 0.37890625,
  "format_accuracy": 0.859375,
  "answer_accuracy": 0.37890625,
  "avg_response_token_length": 26.703125,
  "rollout_seconds": 3.504948139190674,
  "mean_reward": 0.37890625,
  "std_reward": 0.48606500029563904,
  "min_reward": 0.0,
  "max_reward": 1.0,
  "mean_advantage": -5.587935447692871e-09,
  "std_advantage": 0.740956723690033,
  "num_groups": 32.0
}
