{
  "type": "rollout",
  "grpo_step": 75,
  "num_questions": 32,
  "group_size": 8.0,
  "num_rollouts": 256,
  "reward": 0.84375,
  "format_accuracy": 0.96484375,
  "answer_accuracy": 0.84375,
  "avg_response_token_length": 521.2109375,
  "rollout_seconds": 15.99362587928772,
  "mean_reward": 0.84375,
  "std_reward": 0.3638034462928772,
  "min_reward": 0.0,
  "max_reward": 1.0,
  "mean_advantage": -9.313225746154785e-10,
  "std_advantage": 0.5495082139968872,
  "num_groups": 32.0
}
