{
  "type": "rollout",
  "grpo_step": 155,
  "num_questions": 32,
  "group_size": 8.0,
  "num_rollouts": 256,
  "reward": 0.29296875,
  "format_accuracy": 0.8203125,
  "answer_accuracy": 0.29296875,
  "avg_response_token_length": 163.51953125,
  "rollout_seconds": 8.470607280731201,
  "mean_reward": 0.29296875,
  "std_reward": 0.45601576566696167,
  "min_reward": 0.0,
  "max_reward": 1.0,
  "mean_advantage": 3.725290298461914e-09,
  "std_advantage": 0.740956723690033,
  "num_groups": 32.0
}
