{
  "type": "rollout",
  "grpo_step": 62,
  "num_questions": 32,
  "group_size": 8.0,
  "num_rollouts": 256,
  "reward": 0.078125,
  "format_accuracy": 0.109375,
  "answer_accuracy": 0.078125,
  "avg_response_token_length": 929.16015625,
  "rollout_seconds": 34.470916986465454,
  "mean_reward": 0.078125,
  "std_reward": 0.26889389753341675,
  "min_reward": 0.0,
  "max_reward": 1.0,
  "mean_advantage": -2.3283064365386963e-10,
  "std_advantage": 0.40583890676498413,
  "num_groups": 32.0
}
