{
  "type": "rollout",
  "grpo_step": 112,
  "num_questions": 32,
  "group_size": 8.0,
  "num_rollouts": 256,
  "reward": 0.55078125,
  "format_accuracy": 0.8984375,
  "answer_accuracy": 0.55078125,
  "avg_response_token_length": 339.6640625,
  "rollout_seconds": 12.10067367553711,
  "mean_reward": 0.55078125,
  "std_reward": 0.49838894605636597,
  "min_reward": 0.0,
  "max_reward": 1.0,
  "mean_advantage": 5.820766091346741e-10,
  "std_advantage": 0.5973785519599915,
  "num_groups": 32.0
}
