{
  "type": "rollout",
  "grpo_step": 131,
  "num_questions": 32,
  "group_size": 8.0,
  "num_rollouts": 256,
  "reward": 0.703125,
  "format_accuracy": 0.91796875,
  "answer_accuracy": 0.703125,
  "avg_response_token_length": 379.0859375,
  "rollout_seconds": 24.262810945510864,
  "mean_reward": 0.703125,
  "std_reward": 0.45777595043182373,
  "min_reward": 0.0,
  "max_reward": 1.0,
  "mean_advantage": -4.656612873077393e-10,
  "std_advantage": 0.49704882502555847,
  "num_groups": 32.0
}
