{
  "type": "rollout",
  "grpo_step": 60,
  "num_questions": 32,
  "group_size": 8.0,
  "num_rollouts": 256,
  "reward": 0.4609375,
  "format_accuracy": 0.92578125,
  "answer_accuracy": 0.4609375,
  "avg_response_token_length": 343.328125,
  "rollout_seconds": 12.924769401550293,
  "mean_reward": 0.4609375,
  "std_reward": 0.4994482398033142,
  "min_reward": 0.0,
  "max_reward": 1.0,
  "mean_advantage": 2.7939677238464355e-09,
  "std_advantage": 0.7029333710670471,
  "num_groups": 32.0
}
