{
  "type": "rollout",
  "grpo_step": 367,
  "num_questions": 32,
  "group_size": 8.0,
  "num_rollouts": 256,
  "reward": 0.6875,
  "format_accuracy": 0.83203125,
  "answer_accuracy": 0.6875,
  "avg_response_token_length": 524.625,
  "rollout_seconds": 12.850377559661865,
  "mean_reward": 0.6875,
  "std_reward": 0.4644203782081604,
  "min_reward": 0.0,
  "max_reward": 1.0,
  "mean_advantage": -4.6566128730773926e-09,
  "std_advantage": 0.5739426016807556,
  "num_groups": 32.0
}
