{
  "type": "rollout",
  "grpo_step": 15,
  "num_questions": 32,
  "group_size": 8.0,
  "num_rollouts": 256,
  "reward": 0.328125,
  "format_accuracy": 0.71484375,
  "answer_accuracy": 0.328125,
  "avg_response_token_length": 293.93359375,
  "rollout_seconds": 11.137166023254395,
  "mean_reward": 0.328125,
  "std_reward": 0.47045034170150757,
  "min_reward": 0.0,
  "max_reward": 1.0,
  "mean_advantage": 0.0,
  "std_advantage": 0.3146738111972809,
  "num_groups": 32.0
}
