{
  "type": "rollout",
  "grpo_step": 130,
  "num_questions": 32,
  "group_size": 8.0,
  "num_rollouts": 256,
  "reward": 0.671875,
  "format_accuracy": 0.94140625,
  "answer_accuracy": 0.671875,
  "avg_response_token_length": 422.45703125,
  "rollout_seconds": 21.738228797912598,
  "mean_reward": 0.671875,
  "std_reward": 0.47045034170150757,
  "min_reward": 0.0,
  "max_reward": 1.0,
  "mean_advantage": -4.656612873077393e-10,
  "std_advantage": 0.6416875123977661,
  "num_groups": 32.0
}
