{
  "type": "rollout",
  "grpo_step": 28,
  "num_questions": 32,
  "group_size": 8.0,
  "num_rollouts": 256,
  "reward": 0.20703125,
  "format_accuracy": 0.86328125,
  "answer_accuracy": 0.20703125,
  "avg_response_token_length": 85.3125,
  "rollout_seconds": 7.012948274612427,
  "mean_reward": 0.20703125,
  "std_reward": 0.40597182512283325,
  "min_reward": 0.0,
  "max_reward": 1.0,
  "mean_advantage": 0.0,
  "std_advantage": 0.2268712967634201,
  "num_groups": 32.0
}
