{
  "type": "rollout",
  "grpo_step": 77,
  "num_questions": 32,
  "group_size": 8.0,
  "num_rollouts": 256,
  "reward": 0.625,
  "format_accuracy": 0.94140625,
  "answer_accuracy": 0.625,
  "avg_response_token_length": 380.56640625,
  "rollout_seconds": 13.478189945220947,
  "mean_reward": 0.625,
  "std_reward": 0.48507124185562134,
  "min_reward": 0.0,
  "max_reward": 1.0,
  "mean_advantage": 0.0,
  "std_advantage": 0.2619684040546417,
  "num_groups": 32.0
}
