{
  "type": "rollout",
  "grpo_step": 189,
  "num_questions": 32,
  "group_size": 8.0,
  "num_rollouts": 256,
  "reward": 0.359375,
  "format_accuracy": 0.9140625,
  "answer_accuracy": 0.359375,
  "avg_response_token_length": 62.35546875,
  "rollout_seconds": 6.470780849456787,
  "mean_reward": 0.359375,
  "std_reward": 0.4807571768760681,
  "min_reward": 0.0,
  "max_reward": 1.0,
  "mean_advantage": 1.862645149230957e-09,
  "std_advantage": 0.5739426016807556,
  "num_groups": 32.0
}
