{
  "type": "rollout",
  "grpo_step": 169,
  "num_questions": 32,
  "group_size": 8.0,
  "num_rollouts": 256,
  "reward": 0.45703125,
  "format_accuracy": 0.60546875,
  "answer_accuracy": 0.45703125,
  "avg_response_token_length": 565.65234375,
  "rollout_seconds": 17.600783348083496,
  "mean_reward": 0.45703125,
  "std_reward": 0.4991260766983032,
  "min_reward": 0.0,
  "max_reward": 1.0,
  "mean_advantage": -2.7939677238464355e-09,
  "std_advantage": 0.6627318859100342,
  "num_groups": 32.0
}
