{
  "type": "rollout",
  "grpo_step": 153,
  "num_questions": 32,
  "group_size": 8.0,
  "num_rollouts": 256,
  "reward": 0.78515625,
  "format_accuracy": 0.97265625,
  "answer_accuracy": 0.78515625,
  "avg_response_token_length": 285.80859375,
  "rollout_seconds": 21.162626266479492,
  "mean_reward": 0.78515625,
  "std_reward": 0.4115184545516968,
  "min_reward": 0.0,
  "max_reward": 1.0,
  "mean_advantage": 0.0,
  "std_advantage": 0.20651164650917053,
  "num_groups": 32.0
}
