{
  "type": "rollout",
  "grpo_step": 117,
  "num_questions": 32,
  "group_size": 8.0,
  "num_rollouts": 256,
  "reward": 0.34375,
  "format_accuracy": 0.875,
  "answer_accuracy": 0.34375,
  "avg_response_token_length": 17.5703125,
  "rollout_seconds": 1.3764286041259766,
  "mean_reward": 0.34375,
  "std_reward": 0.47588926553726196,
  "min_reward": 0.0,
  "max_reward": 1.0,
  "mean_advantage": -7.450580596923828e-09,
  "std_advantage": 0.6627317667007446,
  "num_groups": 32.0
}
