{
  "type": "rollout",
  "grpo_step": 117,
  "num_questions": 32,
  "group_size": 8.0,
  "num_rollouts": 256,
  "reward": 0.3203125,
  "format_accuracy": 0.9140625,
  "answer_accuracy": 0.3203125,
  "avg_response_token_length": 40.74609375,
  "rollout_seconds": 5.385850191116333,
  "mean_reward": 0.3203125,
  "std_reward": 0.4675106108188629,
  "min_reward": 0.0,
  "max_reward": 1.0,
  "mean_advantage": -3.14321368932724e-09,
  "std_advantage": 0.46862220764160156,
  "num_groups": 32.0
}
