{
  "type": "rollout",
  "grpo_step": 231,
  "num_questions": 32,
  "group_size": 8.0,
  "num_rollouts": 256,
  "reward": 0.71875,
  "format_accuracy": 0.91796875,
  "answer_accuracy": 0.71875,
  "avg_response_token_length": 413.63671875,
  "rollout_seconds": 14.32242751121521,
  "mean_reward": 0.71875,
  "std_reward": 0.45048993825912476,
  "min_reward": 0.0,
  "max_reward": 1.0,
  "mean_advantage": -3.725290298461914e-09,
  "std_advantage": 0.5495082139968872,
  "num_groups": 32.0
}
