{
  "type": "rollout",
  "grpo_step": 18,
  "num_questions": 32,
  "group_size": 8.0,
  "num_rollouts": 256,
  "reward": 0.65234375,
  "format_accuracy": 0.8046875,
  "answer_accuracy": 0.65234375,
  "avg_response_token_length": 573.74609375,
  "rollout_seconds": 17.23473882675171,
  "mean_reward": 0.65234375,
  "std_reward": 0.4771590530872345,
  "min_reward": 0.0,
  "max_reward": 1.0,
  "mean_advantage": 0.0,
  "std_advantage": 0.5739426016807556,
  "num_groups": 32.0
}
