{
  "type": "rollout",
  "grpo_step": 73,
  "num_questions": 32,
  "group_size": 8.0,
  "num_rollouts": 256,
  "reward": 0.6875,
  "format_accuracy": 0.9140625,
  "answer_accuracy": 0.6875,
  "avg_response_token_length": 387.484375,
  "rollout_seconds": 13.176467657089233,
  "mean_reward": 0.6875,
  "std_reward": 0.4644203782081604,
  "min_reward": 0.0,
  "max_reward": 1.0,
  "mean_advantage": -3.725290298461914e-09,
  "std_advantage": 0.6416873335838318,
  "num_groups": 32.0
}
