{
  "type": "rollout",
  "grpo_step": 84,
  "num_questions": 32,
  "group_size": 8.0,
  "num_rollouts": 256,
  "reward": 0.19921875,
  "format_accuracy": 0.94140625,
  "answer_accuracy": 0.19921875,
  "avg_response_token_length": 20.8984375,
  "rollout_seconds": 4.182689666748047,
  "mean_reward": 0.19921875,
  "std_reward": 0.40019527077674866,
  "min_reward": 0.0,
  "max_reward": 1.0,
  "mean_advantage": -3.725290298461914e-09,
  "std_advantage": 0.549508273601532,
  "num_groups": 32.0
}
