{
  "type": "rollout",
  "grpo_step": 31,
  "num_questions": 32,
  "group_size": 8.0,
  "num_rollouts": 256,
  "reward": 0.51171875,
  "format_accuracy": 0.88671875,
  "answer_accuracy": 0.51171875,
  "avg_response_token_length": 355.27734375,
  "rollout_seconds": 12.69844937324524,
  "mean_reward": 0.51171875,
  "std_reward": 0.5008417963981628,
  "min_reward": 0.0,
  "max_reward": 1.0,
  "mean_advantage": 1.862645149230957e-09,
  "std_advantage": 0.6831284761428833,
  "num_groups": 32.0
}
