{
  "type": "rollout",
  "grpo_step": 5,
  "num_questions": 32,
  "group_size": 8.0,
  "num_rollouts": 256,
  "reward": 0.171875,
  "format_accuracy": 0.84375,
  "answer_accuracy": 0.171875,
  "avg_response_token_length": 174.65234375,
  "rollout_seconds": 8.832252979278564,
  "mean_reward": 0.171875,
  "std_reward": 0.3780107796192169,
  "min_reward": 0.0,
  "max_reward": 1.0,
  "mean_advantage": 7.450580596923828e-09,
  "std_advantage": 0.7409567832946777,
  "num_groups": 32.0
}
