{
  "type": "rollout",
  "grpo_step": 185,
  "num_questions": 32,
  "group_size": 8.0,
  "num_rollouts": 256,
  "reward": 0.39453125,
  "format_accuracy": 1.0,
  "answer_accuracy": 0.39453125,
  "avg_response_token_length": 22.9921875,
  "rollout_seconds": 1.4508097171783447,
  "mean_reward": 0.39453125,
  "std_reward": 0.48970717191696167,
  "min_reward": 0.0,
  "max_reward": 1.0,
  "mean_advantage": -9.313225746154785e-10,
  "std_advantage": 0.16568304598331451,
  "num_groups": 32.0
}
