{
  "type": "rollout",
  "grpo_step": 42,
  "num_questions": 32,
  "group_size": 8.0,
  "num_rollouts": 256,
  "reward": 0.77734375,
  "format_accuracy": 0.95703125,
  "answer_accuracy": 0.77734375,
  "avg_response_token_length": 316.92578125,
  "rollout_seconds": 12.236153364181519,
  "mean_reward": 0.77734375,
  "std_reward": 0.41684433817863464,
  "min_reward": 0.0,
  "max_reward": 1.0,
  "mean_advantage": -1.862645149230957e-09,
  "std_advantage": 0.6831283569335938,
  "num_groups": 32.0
}
