{
  "type": "rollout",
  "grpo_step": 43,
  "num_questions": 32,
  "group_size": 8.0,
  "num_rollouts": 256,
  "reward": 0.44140625,
  "format_accuracy": 0.99609375,
  "answer_accuracy": 0.44140625,
  "avg_response_token_length": 140.828125,
  "rollout_seconds": 8.053515911102295,
  "mean_reward": 0.44140625,
  "std_reward": 0.4975275993347168,
  "min_reward": 0.0,
  "max_reward": 1.0,
  "mean_advantage": -9.313225746154785e-10,
  "std_advantage": 0.7592549324035645,
  "num_groups": 32.0
}
