{
  "type": "rollout",
  "grpo_step": 71,
  "num_questions": 32,
  "group_size": 8.0,
  "num_rollouts": 256,
  "reward": 0.28515625,
  "format_accuracy": 0.71484375,
  "answer_accuracy": 0.28515625,
  "avg_response_token_length": 340.65625,
  "rollout_seconds": 12.416794538497925,
  "mean_reward": 0.28515625,
  "std_reward": 0.4523732364177704,
  "min_reward": 0.0,
  "max_reward": 1.0,
  "mean_advantage": 6.51925802230835e-09,
  "std_advantage": 0.7029332518577576,
  "num_groups": 32.0
}
