{
  "type": "rollout",
  "grpo_step": 148,
  "num_questions": 32,
  "group_size": 8.0,
  "num_rollouts": 256,
  "reward": 0.34375,
  "format_accuracy": 0.80859375,
  "answer_accuracy": 0.34375,
  "avg_response_token_length": 179.828125,
  "rollout_seconds": 8.924014329910278,
  "mean_reward": 0.34375,
  "std_reward": 0.47588926553726196,
  "min_reward": 0.0,
  "max_reward": 1.0,
  "mean_advantage": -1.862645149230957e-09,
  "std_advantage": 0.7029333710670471,
  "num_groups": 32.0
}
