{
  "type": "rollout",
  "grpo_step": 107,
  "num_questions": 32,
  "group_size": 8.0,
  "num_rollouts": 256,
  "reward": 0.8515625,
  "format_accuracy": 0.95703125,
  "answer_accuracy": 0.8515625,
  "avg_response_token_length": 373.109375,
  "rollout_seconds": 13.196265459060669,
  "mean_reward": 0.8515625,
  "std_reward": 0.3562295734882355,
  "min_reward": 0.0,
  "max_reward": 1.0,
  "mean_advantage": 9.313225746154785e-10,
  "std_advantage": 0.5495080947875977,
  "num_groups": 32.0
}
