{
  "type": "rollout",
  "grpo_step": 8,
  "num_questions": 32,
  "group_size": 8.0,
  "num_rollouts": 256,
  "reward": 0.484375,
  "format_accuracy": 0.78515625,
  "answer_accuracy": 0.484375,
  "avg_response_token_length": 317.6640625,
  "rollout_seconds": 11.750598430633545,
  "mean_reward": 0.484375,
  "std_reward": 0.5007347464561462,
  "min_reward": 0.0,
  "max_reward": 1.0,
  "mean_advantage": -2.3283064365386963e-10,
  "std_advantage": 0.7221953272819519,
  "num_groups": 32.0
}
