{
  "type": "rollout",
  "grpo_step": 141,
  "num_questions": 32,
  "group_size": 8.0,
  "num_rollouts": 256,
  "reward": 0.73046875,
  "format_accuracy": 0.86328125,
  "answer_accuracy": 0.73046875,
  "avg_response_token_length": 408.4453125,
  "rollout_seconds": 13.979183912277222,
  "mean_reward": 0.73046875,
  "std_reward": 0.4445854723453522,
  "min_reward": 0.0,
  "max_reward": 1.0,
  "mean_advantage": 0.0,
  "std_advantage": 0.22029392421245575,
  "num_groups": 32.0
}
