{
  "type": "rollout",
  "grpo_step": 144,
  "num_questions": 32,
  "group_size": 8.0,
  "num_rollouts": 256,
  "reward": 0.59765625,
  "format_accuracy": 0.84765625,
  "answer_accuracy": 0.59765625,
  "avg_response_token_length": 353.3515625,
  "rollout_seconds": 13.491556167602539,
  "mean_reward": 0.59765625,
  "std_reward": 0.4913311004638672,
  "min_reward": 0.0,
  "max_reward": 1.0,
  "mean_advantage": -3.725290298461914e-09,
  "std_advantage": 0.6199290156364441,
  "num_groups": 32.0
}
