{
  "type": "rollout",
  "grpo_step": 16,
  "num_questions": 32,
  "group_size": 8.0,
  "num_rollouts": 256,
  "reward": 0.35546875,
  "format_accuracy": 0.87109375,
  "answer_accuracy": 0.35546875,
  "avg_response_token_length": 241.47265625,
  "rollout_seconds": 12.12460470199585,
  "mean_reward": 0.35546875,
  "std_reward": 0.4795927405357361,
  "min_reward": 0.0,
  "max_reward": 1.0,
  "mean_advantage": -5.122274160385132e-09,
  "std_advantage": 0.7029334306716919,
  "num_groups": 32.0
}
