{
  "type": "rollout",
  "grpo_step": 154,
  "num_questions": 32,
  "group_size": 8.0,
  "num_rollouts": 256,
  "reward": 0.3359375,
  "format_accuracy": 0.9765625,
  "answer_accuracy": 0.3359375,
  "avg_response_token_length": 28.02734375,
  "rollout_seconds": 5.539816617965698,
  "mean_reward": 0.3359375,
  "std_reward": 0.4732423722743988,
  "min_reward": 0.0,
  "max_reward": 1.0,
  "mean_advantage": 9.313225746154785e-10,
  "std_advantage": 0.5739427208900452,
  "num_groups": 32.0
}
