{
  "type": "rollout",
  "grpo_step": 159,
  "num_questions": 32,
  "group_size": 8.0,
  "num_rollouts": 256,
  "reward": 0.5546875,
  "format_accuracy": 0.93359375,
  "answer_accuracy": 0.5546875,
  "avg_response_token_length": 325.98046875,
  "rollout_seconds": 11.982415676116943,
  "mean_reward": 0.5546875,
  "std_reward": 0.49797382950782776,
  "min_reward": 0.0,
  "max_reward": 1.0,
  "mean_advantage": 1.862645149230957e-09,
  "std_advantage": 0.6199289560317993,
  "num_groups": 32.0
}
