{
  "type": "rollout",
  "grpo_step": 189,
  "num_questions": 32,
  "group_size": 8.0,
  "num_rollouts": 256,
  "reward": 0.72265625,
  "format_accuracy": 0.95703125,
  "answer_accuracy": 0.72265625,
  "avg_response_token_length": 446.26953125,
  "rollout_seconds": 14.724303483963013,
  "mean_reward": 0.72265625,
  "std_reward": 0.4485645592212677,
  "min_reward": 0.0,
  "max_reward": 1.0,
  "mean_advantage": -2.3283064365386963e-10,
  "std_advantage": 0.49704885482788086,
  "num_groups": 32.0
}
