{
  "num_examples": 1024,
  "reward": 0.2939453125,
  "format_accuracy": 0.7802734375,
  "answer_accuracy": 0.2939453125,
  "temperature": 1.0,
  "top_p": 1.0,
  "max_tokens": 1024,
  "stop": "</answer>",
  "include_stop_str_in_output": true,
  "eval_seconds": 30.723257541656494
}
