{
  "type": "rollout",
  "grpo_step": 87,
  "num_questions": 32,
  "group_size": 8.0,
  "num_rollouts": 256,
  "reward": 0.31640625,
  "format_accuracy": 0.96875,
  "answer_accuracy": 0.31640625,
  "avg_response_token_length": 22.76953125,
  "rollout_seconds": 5.3226189613342285,
  "mean_reward": 0.31640625,
  "std_reward": 0.4659844934940338,
  "min_reward": 0.0,
  "max_reward": 1.0,
  "mean_advantage": 3.725290298461914e-09,
  "std_advantage": 0.7221952080726624,
  "num_groups": 32.0
}
