{
  "type": "rollout",
  "grpo_step": 133,
  "num_questions": 32,
  "group_size": 8.0,
  "num_rollouts": 256,
  "reward": 0.69140625,
  "format_accuracy": 0.94140625,
  "answer_accuracy": 0.69140625,
  "avg_response_token_length": 390.37109375,
  "rollout_seconds": 13.508495569229126,
  "mean_reward": 0.69140625,
  "std_reward": 0.46281784772872925,
  "min_reward": 0.0,
  "max_reward": 1.0,
  "mean_advantage": -3.259629011154175e-09,
  "std_advantage": 0.662731945514679,
  "num_groups": 32.0
}
