{
  "type": "rollout",
  "grpo_step": 42,
  "num_questions": 32,
  "group_size": 8.0,
  "num_rollouts": 256,
  "reward": 0.38671875,
  "format_accuracy": 0.91796875,
  "answer_accuracy": 0.38671875,
  "avg_response_token_length": 146.0703125,
  "rollout_seconds": 8.35585904121399,
  "mean_reward": 0.38671875,
  "std_reward": 0.4879522919654846,
  "min_reward": 0.0,
  "max_reward": 1.0,
  "mean_advantage": 0.0,
  "std_advantage": 0.33795812726020813,
  "num_groups": 32.0
}
