{
  "num_examples": 1024,
  "reward": 0.7314453125,
  "format_accuracy": 0.958984375,
  "answer_accuracy": 0.7314453125,
  "temperature": 1.0,
  "top_p": 1.0,
  "max_tokens": 1024,
  "stop": "</answer>",
  "include_stop_str_in_output": true,
  "eval_seconds": 40.36553144454956
}
