{
  "type": "rollout",
  "grpo_step": 138,
  "num_questions": 32,
  "group_size": 8.0,
  "num_rollouts": 256,
  "reward": 0.53515625,
  "format_accuracy": 0.99609375,
  "answer_accuracy": 0.53515625,
  "avg_response_token_length": 14.97265625,
  "rollout_seconds": 1.2934296131134033,
  "mean_reward": 0.53515625,
  "std_reward": 0.49973952770233154,
  "min_reward": 0.0,
  "max_reward": 1.0,
  "mean_advantage": -1.862645149230957e-09,
  "std_advantage": 0.40583866834640503,
  "num_groups": 32.0
}
