{
  "type": "rollout",
  "grpo_step": 27,
  "num_questions": 32,
  "group_size": 8.0,
  "num_rollouts": 256,
  "reward": 0.69140625,
  "format_accuracy": 0.94921875,
  "answer_accuracy": 0.69140625,
  "avg_response_token_length": 298.859375,
  "rollout_seconds": 11.619241952896118,
  "mean_reward": 0.69140625,
  "std_reward": 0.46281784772872925,
  "min_reward": 0.0,
  "max_reward": 1.0,
  "mean_advantage": -4.190951585769653e-09,
  "std_advantage": 0.7592548131942749,
  "num_groups": 32.0
}
