{
  "type": "rollout",
  "grpo_step": 89,
  "num_questions": 32,
  "group_size": 8.0,
  "num_rollouts": 256,
  "reward": 0.3125,
  "format_accuracy": 0.9921875,
  "answer_accuracy": 0.3125,
  "avg_response_token_length": 21.015625,
  "rollout_seconds": 5.329642057418823,
  "mean_reward": 0.3125,
  "std_reward": 0.4644203782081604,
  "min_reward": 0.0,
  "max_reward": 1.0,
  "mean_advantage": -9.313225746154785e-10,
  "std_advantage": 0.49704888463020325,
  "num_groups": 32.0
}
