{
  "type": "rollout",
  "grpo_step": 98,
  "num_questions": 32,
  "group_size": 8.0,
  "num_rollouts": 256,
  "reward": 0.63671875,
  "format_accuracy": 0.89453125,
  "answer_accuracy": 0.63671875,
  "avg_response_token_length": 312.33984375,
  "rollout_seconds": 11.721756219863892,
  "mean_reward": 0.63671875,
  "std_reward": 0.48188698291778564,
  "min_reward": 0.0,
  "max_reward": 1.0,
  "mean_advantage": -9.313225746154785e-10,
  "std_advantage": 0.6831284165382385,
  "num_groups": 32.0
}
