{
  "type": "rollout",
  "grpo_step": 71,
  "num_questions": 32,
  "group_size": 8.0,
  "num_rollouts": 256,
  "reward": 0.1796875,
  "format_accuracy": 0.71875,
  "answer_accuracy": 0.1796875,
  "avg_response_token_length": 222.6015625,
  "rollout_seconds": 10.005258083343506,
  "mean_reward": 0.1796875,
  "std_reward": 0.38467901945114136,
  "min_reward": 0.0,
  "max_reward": 1.0,
  "mean_advantage": 3.725290298461914e-09,
  "std_advantage": 0.662731945514679,
  "num_groups": 32.0
}
