{
  "type": "rollout",
  "grpo_step": 178,
  "num_questions": 32,
  "group_size": 8.0,
  "num_rollouts": 256,
  "reward": 0.24609375,
  "format_accuracy": 0.9921875,
  "answer_accuracy": 0.24609375,
  "avg_response_token_length": 19.55859375,
  "rollout_seconds": 5.265025854110718,
  "mean_reward": 0.24609375,
  "std_reward": 0.43157756328582764,
  "min_reward": 0.0,
  "max_reward": 1.0,
  "mean_advantage": -1.3969838619232178e-09,
  "std_advantage": 0.40583884716033936,
  "num_groups": 32.0
}
