{
  "type": "rollout",
  "grpo_step": 16,
  "num_questions": 32,
  "group_size": 8.0,
  "num_rollouts": 256,
  "reward": 0.484375,
  "format_accuracy": 0.94921875,
  "answer_accuracy": 0.484375,
  "avg_response_token_length": 218.8125,
  "rollout_seconds": 9.741818904876709,
  "mean_reward": 0.484375,
  "std_reward": 0.5007347464561462,
  "min_reward": 0.0,
  "max_reward": 1.0,
  "mean_advantage": -5.587935447692871e-09,
  "std_advantage": 0.6416875720024109,
  "num_groups": 32.0
}
