{
  "type": "rollout",
  "grpo_step": 392,
  "num_questions": 32,
  "group_size": 8.0,
  "num_rollouts": 256,
  "reward": 0.64453125,
  "format_accuracy": 0.9140625,
  "answer_accuracy": 0.64453125,
  "avg_response_token_length": 473.18359375,
  "rollout_seconds": 15.178673028945923,
  "mean_reward": 0.64453125,
  "std_reward": 0.4795927405357361,
  "min_reward": 0.0,
  "max_reward": 1.0,
  "mean_advantage": -1.862645149230957e-09,
  "std_advantage": 0.5739427208900452,
  "num_groups": 32.0
}
