{
  "type": "rollout",
  "grpo_step": 118,
  "num_questions": 32,
  "group_size": 8.0,
  "num_rollouts": 256,
  "reward": 0.35546875,
  "format_accuracy": 0.86328125,
  "answer_accuracy": 0.35546875,
  "avg_response_token_length": 18.34765625,
  "rollout_seconds": 1.3193800449371338,
  "mean_reward": 0.35546875,
  "std_reward": 0.4795927405357361,
  "min_reward": 0.0,
  "max_reward": 1.0,
  "mean_advantage": -9.313225746154785e-09,
  "std_advantage": 0.7029333114624023,
  "num_groups": 32.0
}
