{
  "type": "rollout",
  "grpo_step": 173,
  "num_questions": 32,
  "group_size": 8.0,
  "num_rollouts": 256,
  "reward": 0.45703125,
  "format_accuracy": 0.75390625,
  "answer_accuracy": 0.45703125,
  "avg_response_token_length": 261.6015625,
  "rollout_seconds": 10.872603178024292,
  "mean_reward": 0.45703125,
  "std_reward": 0.4991260766983032,
  "min_reward": 0.0,
  "max_reward": 1.0,
  "mean_advantage": 0.0,
  "std_advantage": 0.3493691682815552,
  "num_groups": 32.0
}
