{
  "type": "rollout",
  "grpo_step": 188,
  "num_questions": 32,
  "group_size": 8.0,
  "num_rollouts": 256,
  "reward": 0.76953125,
  "format_accuracy": 0.94140625,
  "answer_accuracy": 0.76953125,
  "avg_response_token_length": 356.8515625,
  "rollout_seconds": 13.35778546333313,
  "mean_reward": 0.76953125,
  "std_reward": 0.4219578206539154,
  "min_reward": 0.0,
  "max_reward": 1.0,
  "mean_advantage": 1.3969838619232178e-09,
  "std_advantage": 0.5495082139968872,
  "num_groups": 32.0
}
