{
  "type": "rollout",
  "grpo_step": 19,
  "num_questions": 32,
  "group_size": 8.0,
  "num_rollouts": 256,
  "reward": 0.484375,
  "format_accuracy": 0.88671875,
  "answer_accuracy": 0.484375,
  "avg_response_token_length": 335.4296875,
  "rollout_seconds": 13.81966519355774,
  "mean_reward": 0.484375,
  "std_reward": 0.5007347464561462,
  "min_reward": 0.0,
  "max_reward": 1.0,
  "mean_advantage": -2.7939677238464355e-09,
  "std_advantage": 0.6831284165382385,
  "num_groups": 32.0
}
