{
  "type": "rollout",
  "grpo_step": 75,
  "num_questions": 32,
  "group_size": 8.0,
  "num_rollouts": 256,
  "reward": 0.8125,
  "format_accuracy": 0.94921875,
  "answer_accuracy": 0.8125,
  "avg_response_token_length": 410.859375,
  "rollout_seconds": 13.670559167861938,
  "mean_reward": 0.8125,
  "std_reward": 0.3910769522190094,
  "min_reward": 0.0,
  "max_reward": 1.0,
  "mean_advantage": 0.0,
  "std_advantage": 0.24454841017723083,
  "num_groups": 32.0
}
