{
  "type": "rollout",
  "grpo_step": 174,
  "num_questions": 32,
  "group_size": 8.0,
  "num_rollouts": 256,
  "reward": 0.26953125,
  "format_accuracy": 0.9921875,
  "answer_accuracy": 0.26953125,
  "avg_response_token_length": 15.703125,
  "rollout_seconds": 1.3354105949401855,
  "mean_reward": 0.26953125,
  "std_reward": 0.4445854723453522,
  "min_reward": 0.0,
  "max_reward": 1.0,
  "mean_advantage": -2.7939677238464355e-09,
  "std_advantage": 0.4970490634441376,
  "num_groups": 32.0
}
