{
  "type": "rollout",
  "grpo_step": 27,
  "num_questions": 32,
  "group_size": 8.0,
  "num_rollouts": 256,
  "reward": 0.2578125,
  "format_accuracy": 0.9296875,
  "answer_accuracy": 0.2578125,
  "avg_response_token_length": 84.33984375,
  "rollout_seconds": 7.284987688064575,
  "mean_reward": 0.2578125,
  "std_reward": 0.4382871091365814,
  "min_reward": 0.0,
  "max_reward": 1.0,
  "mean_advantage": 0.0,
  "std_advantage": 0.27296483516693115,
  "num_groups": 32.0
}
