{
  "type": "rollout",
  "grpo_step": 4,
  "num_questions": 32,
  "group_size": 8.0,
  "num_rollouts": 256,
  "reward": 0.35546875,
  "format_accuracy": 0.69921875,
  "answer_accuracy": 0.35546875,
  "avg_response_token_length": 251.44140625,
  "rollout_seconds": 10.141718626022339,
  "mean_reward": 0.35546875,
  "std_reward": 0.4795927405357361,
  "min_reward": 0.0,
  "max_reward": 1.0,
  "mean_advantage": 5.587935447692871e-09,
  "std_advantage": 0.828415036201477,
  "num_groups": 32.0
}
