{
  "type": "rollout",
  "grpo_step": 57,
  "num_questions": 32,
  "group_size": 8.0,
  "num_rollouts": 256,
  "reward": 0.34375,
  "format_accuracy": 0.98828125,
  "answer_accuracy": 0.34375,
  "avg_response_token_length": 25.12109375,
  "rollout_seconds": 1.884589672088623,
  "mean_reward": 0.34375,
  "std_reward": 0.47588926553726196,
  "min_reward": 0.0,
  "max_reward": 1.0,
  "mean_advantage": 1.979060471057892e-09,
  "std_advantage": 0.6199288368225098,
  "num_groups": 32.0
}
