{
  "type": "rollout",
  "grpo_step": 57,
  "num_questions": 32,
  "group_size": 8.0,
  "num_rollouts": 256,
  "reward": 0.3046875,
  "format_accuracy": 0.90234375,
  "answer_accuracy": 0.3046875,
  "avg_response_token_length": 23.62890625,
  "rollout_seconds": 3.2161622047424316,
  "mean_reward": 0.3046875,
  "std_reward": 0.4611765742301941,
  "min_reward": 0.0,
  "max_reward": 1.0,
  "mean_advantage": -7.450580596923828e-09,
  "std_advantage": 0.6199288368225098,
  "num_groups": 32.0
}
