{
  "type": "rollout",
  "grpo_step": 6,
  "num_questions": 32,
  "group_size": 8.0,
  "num_rollouts": 256,
  "reward": 0.45703125,
  "format_accuracy": 0.71484375,
  "answer_accuracy": 0.45703125,
  "avg_response_token_length": 291.16015625,
  "rollout_seconds": 11.238220453262329,
  "mean_reward": 0.45703125,
  "std_reward": 0.4991260766983032,
  "min_reward": 0.0,
  "max_reward": 1.0,
  "mean_advantage": -3.725290298461914e-09,
  "std_advantage": 0.7945877313613892,
  "num_groups": 32.0
}
