{
  "type": "rollout",
  "grpo_step": 153,
  "num_questions": 32,
  "group_size": 8.0,
  "num_rollouts": 256,
  "reward": 0.421875,
  "format_accuracy": 0.98828125,
  "answer_accuracy": 0.421875,
  "avg_response_token_length": 20.01953125,
  "rollout_seconds": 5.329864025115967,
  "mean_reward": 0.421875,
  "std_reward": 0.49482616782188416,
  "min_reward": 0.0,
  "max_reward": 1.0,
  "mean_advantage": 4.656612873077393e-10,
  "std_advantage": 0.43835583329200745,
  "num_groups": 32.0
}
