{
  "type": "rollout",
  "grpo_step": 159,
  "num_questions": 32,
  "group_size": 8.0,
  "num_rollouts": 256,
  "reward": 0.65625,
  "format_accuracy": 0.92578125,
  "answer_accuracy": 0.65625,
  "avg_response_token_length": 502.58984375,
  "rollout_seconds": 15.775035858154297,
  "mean_reward": 0.65625,
  "std_reward": 0.47588926553726196,
  "min_reward": 0.0,
  "max_reward": 1.0,
  "mean_advantage": -5.820766091346741e-10,
  "std_advantage": 0.4383560121059418,
  "num_groups": 32.0
}
