{
  "type": "rollout",
  "grpo_step": 86,
  "num_questions": 32,
  "group_size": 8.0,
  "num_rollouts": 256,
  "reward": 0.3828125,
  "format_accuracy": 0.890625,
  "answer_accuracy": 0.3828125,
  "avg_response_token_length": 28.51953125,
  "rollout_seconds": 5.446204423904419,
  "mean_reward": 0.3828125,
  "std_reward": 0.48702529072761536,
  "min_reward": 0.0,
  "max_reward": 1.0,
  "mean_advantage": -7.450580596923828e-09,
  "std_advantage": 0.5239354372024536,
  "num_groups": 32.0
}
