{
  "type": "rollout",
  "grpo_step": 54,
  "num_questions": 32,
  "group_size": 8.0,
  "num_rollouts": 256,
  "reward": 0.453125,
  "format_accuracy": 0.953125,
  "answer_accuracy": 0.453125,
  "avg_response_token_length": 258.01953125,
  "rollout_seconds": 10.549148321151733,
  "mean_reward": 0.453125,
  "std_reward": 0.4987730085849762,
  "min_reward": 0.0,
  "max_reward": 1.0,
  "mean_advantage": 6.05359673500061e-09,
  "std_advantage": 0.6831284761428833,
  "num_groups": 32.0
}
