{
  "type": "rollout",
  "grpo_step": 30,
  "num_questions": 32,
  "group_size": 8.0,
  "num_rollouts": 256,
  "reward": 0.29296875,
  "format_accuracy": 0.99609375,
  "answer_accuracy": 0.29296875,
  "avg_response_token_length": 70.55078125,
  "rollout_seconds": 10.674230098724365,
  "mean_reward": 0.29296875,
  "std_reward": 0.45601576566696167,
  "min_reward": 0.0,
  "max_reward": 1.0,
  "mean_advantage": 4.656612873077393e-10,
  "std_advantage": 0.6831283569335938,
  "num_groups": 32.0
}
