{
  "type": "rollout",
  "grpo_step": 176,
  "num_questions": 32,
  "group_size": 8.0,
  "num_rollouts": 256,
  "reward": 0.703125,
  "format_accuracy": 0.9765625,
  "answer_accuracy": 0.703125,
  "avg_response_token_length": 355.8359375,
  "rollout_seconds": 12.807002067565918,
  "mean_reward": 0.703125,
  "std_reward": 0.45777595043182373,
  "min_reward": 0.0,
  "max_reward": 1.0,
  "mean_advantage": -1.6298145055770874e-09,
  "std_advantage": 0.5973784923553467,
  "num_groups": 32.0
}
