{
  "type": "rollout",
  "grpo_step": 185,
  "num_questions": 32,
  "group_size": 8.0,
  "num_rollouts": 256,
  "reward": 0.90625,
  "format_accuracy": 0.984375,
  "answer_accuracy": 0.90625,
  "avg_response_token_length": 419.953125,
  "rollout_seconds": 13.987494707107544,
  "mean_reward": 0.90625,
  "std_reward": 0.2920515537261963,
  "min_reward": 0.0,
  "max_reward": 1.0,
  "mean_advantage": -3.259629011154175e-09,
  "std_advantage": 0.49704885482788086,
  "num_groups": 32.0
}
