{
  "type": "rollout",
  "grpo_step": 187,
  "num_questions": 32,
  "group_size": 8.0,
  "num_rollouts": 256,
  "reward": 0.828125,
  "format_accuracy": 0.95703125,
  "answer_accuracy": 0.828125,
  "avg_response_token_length": 293.94921875,
  "rollout_seconds": 11.559969663619995,
  "mean_reward": 0.828125,
  "std_reward": 0.3780107796192169,
  "min_reward": 0.0,
  "max_reward": 1.0,
  "mean_advantage": 0.0,
  "std_advantage": 0.21465887129306793,
  "num_groups": 32.0
}
