{
  "type": "rollout",
  "grpo_step": 191,
  "num_questions": 32,
  "group_size": 8.0,
  "num_rollouts": 256,
  "reward": 0.33984375,
  "format_accuracy": 0.796875,
  "answer_accuracy": 0.33984375,
  "avg_response_token_length": 189.07421875,
  "rollout_seconds": 9.196964740753174,
  "mean_reward": 0.33984375,
  "std_reward": 0.47458380460739136,
  "min_reward": 0.0,
  "max_reward": 1.0,
  "mean_advantage": 2.7939677238464355e-09,
  "std_advantage": 0.7945876717567444,
  "num_groups": 32.0
}
