{
  "type": "rollout",
  "grpo_step": 114,
  "num_questions": 32,
  "group_size": 8.0,
  "num_rollouts": 256,
  "reward": 0.71484375,
  "format_accuracy": 0.91796875,
  "answer_accuracy": 0.71484375,
  "avg_response_token_length": 426.08203125,
  "rollout_seconds": 14.205854654312134,
  "mean_reward": 0.71484375,
  "std_reward": 0.4523732364177704,
  "min_reward": 0.0,
  "max_reward": 1.0,
  "mean_advantage": -1.862645149230957e-09,
  "std_advantage": 0.49704888463020325,
  "num_groups": 32.0
}
