{
  "type": "rollout",
  "grpo_step": 194,
  "num_questions": 32,
  "group_size": 8.0,
  "num_rollouts": 256,
  "reward": 0.33203125,
  "format_accuracy": 0.92578125,
  "answer_accuracy": 0.33203125,
  "avg_response_token_length": 56.4921875,
  "rollout_seconds": 5.598817825317383,
  "mean_reward": 0.33203125,
  "std_reward": 0.47186464071273804,
  "min_reward": 0.0,
  "max_reward": 1.0,
  "mean_advantage": -3.725290298461914e-09,
  "std_advantage": 0.6416874527931213,
  "num_groups": 32.0
}
