{
  "type": "rollout",
  "grpo_step": 72,
  "num_questions": 32,
  "group_size": 8.0,
  "num_rollouts": 256,
  "reward": 0.7421875,
  "format_accuracy": 0.8203125,
  "answer_accuracy": 0.7421875,
  "avg_response_token_length": 429.73046875,
  "rollout_seconds": 14.588565826416016,
  "mean_reward": 0.7421875,
  "std_reward": 0.4382871091365814,
  "min_reward": 0.0,
  "max_reward": 1.0,
  "mean_advantage": 2.3283064365386963e-09,
  "std_advantage": 0.4686221778392792,
  "num_groups": 32.0
}
