{
  "type": "rollout",
  "grpo_step": 88,
  "num_questions": 32,
  "group_size": 8.0,
  "num_rollouts": 256,
  "reward": 0.25390625,
  "format_accuracy": 0.70703125,
  "answer_accuracy": 0.25390625,
  "avg_response_token_length": 332.26171875,
  "rollout_seconds": 12.49155044555664,
  "mean_reward": 0.25390625,
  "std_reward": 0.4360972046852112,
  "min_reward": 0.0,
  "max_reward": 1.0,
  "mean_advantage": 0.0,
  "std_advantage": 0.35631558299064636,
  "num_groups": 32.0
}
