{
  "type": "rollout",
  "grpo_step": 7,
  "num_questions": 32,
  "group_size": 8.0,
  "num_rollouts": 256,
  "reward": 0.23828125,
  "format_accuracy": 0.546875,
  "answer_accuracy": 0.23828125,
  "avg_response_token_length": 372.85546875,
  "rollout_seconds": 12.563905715942383,
  "mean_reward": 0.23828125,
  "std_reward": 0.4268665611743927,
  "min_reward": 0.0,
  "max_reward": 1.0,
  "mean_advantage": 9.313225746154785e-09,
  "std_advantage": 0.8284149169921875,
  "num_groups": 32.0
}
