{
  "type": "rollout",
  "grpo_step": 156,
  "num_questions": 32,
  "group_size": 8.0,
  "num_rollouts": 256,
  "reward": 0.734375,
  "format_accuracy": 0.90234375,
  "answer_accuracy": 0.734375,
  "avg_response_token_length": 456.578125,
  "rollout_seconds": 15.01367473602295,
  "mean_reward": 0.734375,
  "std_reward": 0.4425306022167206,
  "min_reward": 0.0,
  "max_reward": 1.0,
  "mean_advantage": -1.862645149230957e-09,
  "std_advantage": 0.4383559823036194,
  "num_groups": 32.0
}
