{
  "type": "rollout",
  "grpo_step": 152,
  "num_questions": 32,
  "group_size": 8.0,
  "num_rollouts": 256,
  "reward": 0.73828125,
  "format_accuracy": 0.984375,
  "answer_accuracy": 0.73828125,
  "avg_response_token_length": 428.24609375,
  "rollout_seconds": 14.910218000411987,
  "mean_reward": 0.73828125,
  "std_reward": 0.4404313564300537,
  "min_reward": 0.0,
  "max_reward": 1.0,
  "mean_advantage": -9.313225746154785e-10,
  "std_advantage": 0.6199290156364441,
  "num_groups": 32.0
}
