{
  "type": "rollout",
  "grpo_step": 10,
  "num_questions": 32,
  "group_size": 8.0,
  "num_rollouts": 256,
  "reward": 0.73828125,
  "format_accuracy": 0.91015625,
  "answer_accuracy": 0.73828125,
  "avg_response_token_length": 560.35546875,
  "rollout_seconds": 19.07160472869873,
  "mean_reward": 0.73828125,
  "std_reward": 0.4404313564300537,
  "min_reward": 0.0,
  "max_reward": 1.0,
  "mean_advantage": 4.6566128730773926e-09,
  "std_advantage": 0.6416873931884766,
  "num_groups": 32.0
}
