{
  "type": "rollout",
  "grpo_step": 120,
  "num_questions": 32,
  "group_size": 8.0,
  "num_rollouts": 256,
  "reward": 0.76171875,
  "format_accuracy": 0.92578125,
  "answer_accuracy": 0.76171875,
  "avg_response_token_length": 348.90625,
  "rollout_seconds": 19.522345304489136,
  "mean_reward": 0.76171875,
  "std_reward": 0.4268665611743927,
  "min_reward": 0.0,
  "max_reward": 1.0,
  "mean_advantage": -1.862645149230957e-09,
  "std_advantage": 0.4058387279510498,
  "num_groups": 32.0
}
