{
  "type": "rollout",
  "grpo_step": 73,
  "num_questions": 32,
  "group_size": 8.0,
  "num_rollouts": 256,
  "reward": 0.671875,
  "format_accuracy": 0.90625,
  "answer_accuracy": 0.671875,
  "avg_response_token_length": 324.6015625,
  "rollout_seconds": 11.799986362457275,
  "mean_reward": 0.671875,
  "std_reward": 0.47045034170150757,
  "min_reward": 0.0,
  "max_reward": 1.0,
  "mean_advantage": -4.190951585769653e-09,
  "std_advantage": 0.662731945514679,
  "num_groups": 32.0
}
