{
  "type": "rollout",
  "grpo_step": 88,
  "num_questions": 32,
  "group_size": 8.0,
  "num_rollouts": 256,
  "reward": 0.23828125,
  "format_accuracy": 0.9765625,
  "answer_accuracy": 0.23828125,
  "avg_response_token_length": 22.19921875,
  "rollout_seconds": 3.8970491886138916,
  "mean_reward": 0.23828125,
  "std_reward": 0.4268665611743927,
  "min_reward": 0.0,
  "max_reward": 1.0,
  "mean_advantage": -6.05359673500061e-09,
  "std_advantage": 0.5739427208900452,
  "num_groups": 32.0
}
