{
  "type": "rollout",
  "grpo_step": 182,
  "num_questions": 32,
  "group_size": 8.0,
  "num_rollouts": 256,
  "reward": 0.37109375,
  "format_accuracy": 0.9921875,
  "answer_accuracy": 0.37109375,
  "avg_response_token_length": 28.15625,
  "rollout_seconds": 5.678157806396484,
  "mean_reward": 0.37109375,
  "std_reward": 0.48404380679130554,
  "min_reward": 0.0,
  "max_reward": 1.0,
  "mean_advantage": -6.984919309616089e-10,
  "std_advantage": 0.16568289697170258,
  "num_groups": 32.0
}
