{
  "type": "rollout",
  "grpo_step": 49,
  "num_questions": 32,
  "group_size": 8.0,
  "num_rollouts": 256,
  "reward": 0.4453125,
  "format_accuracy": 0.98828125,
  "answer_accuracy": 0.4453125,
  "avg_response_token_length": 31.203125,
  "rollout_seconds": 5.730764150619507,
  "mean_reward": 0.4453125,
  "std_reward": 0.49797382950782776,
  "min_reward": 0.0,
  "max_reward": 1.0,
  "mean_advantage": 2.3283064365386963e-10,
  "std_advantage": 0.549508273601532,
  "num_groups": 32.0
}
