{
  "type": "rollout",
  "grpo_step": 93,
  "num_questions": 32,
  "group_size": 8.0,
  "num_rollouts": 256,
  "reward": 0.5234375,
  "format_accuracy": 0.91796875,
  "answer_accuracy": 0.5234375,
  "avg_response_token_length": 211.7421875,
  "rollout_seconds": 9.74855661392212,
  "mean_reward": 0.5234375,
  "std_reward": 0.5004287362098694,
  "min_reward": 0.0,
  "max_reward": 1.0,
  "mean_advantage": 9.313225746154785e-10,
  "std_advantage": 0.7029334306716919,
  "num_groups": 32.0
}
