{
  "type": "rollout",
  "ei_step": 5,
  "num_questions": 2048,
  "rollouts_per_question": 4,
  "num_rollouts": 8192,
  "num_accepted": 1483,
  "accepted_fraction": 0.1810302734375,
  "question_coverage_with_accept": 0.4560546875,
  "reward": 0.1810302734375,
  "format_accuracy": 0.626220703125,
  "answer_accuracy": 0.1810302734375,
  "avg_token_entropy": 1.381347417831421,
  "avg_accepted_token_entropy": 1.2214021277604519,
  "avg_response_token_length": 459.3173828125,
  "avg_accepted_response_token_length": 188.12339851652055,
  "rollout_seconds": 568.0391399860382
}
