{
  "type": "rollout",
  "grpo_step": 50,
  "num_questions": 32,
  "group_size": 8.0,
  "num_rollouts": 256,
  "reward": 0.703125,
  "format_accuracy": 0.90625,
  "answer_accuracy": 0.703125,
  "avg_response_token_length": 340.75390625,
  "rollout_seconds": 9.689961671829224,
  "mean_reward": 0.703125,
  "std_reward": 0.45777595043182373,
  "min_reward": 0.0,
  "max_reward": 1.0,
  "mean_advantage": -1.862645149230957e-09,
  "std_advantage": 0.5239355564117432,
  "num_groups": 32.0
}
