{
  "type": "rollout",
  "grpo_step": 195,
  "num_questions": 32,
  "group_size": 8.0,
  "num_rollouts": 256,
  "reward": 0.69140625,
  "format_accuracy": 0.9140625,
  "answer_accuracy": 0.69140625,
  "avg_response_token_length": 530.81640625,
  "rollout_seconds": 16.301157236099243,
  "mean_reward": 0.69140625,
  "std_reward": 0.46281784772872925,
  "min_reward": 0.0,
  "max_reward": 1.0,
  "mean_advantage": 9.313225746154785e-10,
  "std_advantage": 0.46862226724624634,
  "num_groups": 32.0
}
