{
  "type": "rollout",
  "grpo_step": 17,
  "num_questions": 32,
  "group_size": 8.0,
  "num_rollouts": 256,
  "reward": 0.09375,
  "format_accuracy": 0.38671875,
  "answer_accuracy": 0.09375,
  "avg_response_token_length": 325.18359375,
  "rollout_seconds": 13.66732907295227,
  "mean_reward": 0.09375,
  "std_reward": 0.2920515537261963,
  "min_reward": 0.0,
  "max_reward": 1.0,
  "mean_advantage": 1.862645149230957e-09,
  "std_advantage": 0.5739426612854004,
  "num_groups": 32.0
}
