{
  "type": "rollout",
  "grpo_step": 76,
  "num_questions": 32,
  "group_size": 8.0,
  "num_rollouts": 256,
  "reward": 0.71484375,
  "format_accuracy": 0.94140625,
  "answer_accuracy": 0.71484375,
  "avg_response_token_length": 318.296875,
  "rollout_seconds": 11.99405550956726,
  "mean_reward": 0.71484375,
  "std_reward": 0.4523732364177704,
  "min_reward": 0.0,
  "max_reward": 1.0,
  "mean_advantage": 0.0,
  "std_advantage": 0.28611665964126587,
  "num_groups": 32.0
}
