{
  "type": "rollout",
  "grpo_step": 14,
  "num_questions": 32,
  "group_size": 8.0,
  "num_rollouts": 256,
  "reward": 0.6171875,
  "format_accuracy": 0.87890625,
  "answer_accuracy": 0.6171875,
  "avg_response_token_length": 291.01953125,
  "rollout_seconds": 8.906996250152588,
  "mean_reward": 0.6171875,
  "std_reward": 0.48702529072761536,
  "min_reward": 0.0,
  "max_reward": 1.0,
  "mean_advantage": 5.587935447692871e-09,
  "std_advantage": 0.7221954464912415,
  "num_groups": 32.0
}
