{
  "type": "rollout",
  "grpo_step": 155,
  "num_questions": 32,
  "group_size": 8.0,
  "num_rollouts": 256,
  "reward": 0.75390625,
  "format_accuracy": 0.9921875,
  "answer_accuracy": 0.75390625,
  "avg_response_token_length": 365.30078125,
  "rollout_seconds": 12.67197871208191,
  "mean_reward": 0.75390625,
  "std_reward": 0.43157756328582764,
  "min_reward": 0.0,
  "max_reward": 1.0,
  "mean_advantage": -9.313225746154785e-10,
  "std_advantage": 0.46862223744392395,
  "num_groups": 32.0
}
