{
  "type": "rollout",
  "grpo_step": 79,
  "num_questions": 32,
  "group_size": 8.0,
  "num_rollouts": 256,
  "reward": 0.859375,
  "format_accuracy": 0.96484375,
  "answer_accuracy": 0.859375,
  "avg_response_token_length": 288.0859375,
  "rollout_seconds": 15.491187810897827,
  "mean_reward": 0.859375,
  "std_reward": 0.3483152687549591,
  "min_reward": 0.0,
  "max_reward": 1.0,
  "mean_advantage": 2.3283064365386963e-10,
  "std_advantage": 0.5973784327507019,
  "num_groups": 32.0
}
