{
  "type": "rollout",
  "grpo_step": 18,
  "num_questions": 32,
  "group_size": 8.0,
  "num_rollouts": 256,
  "reward": 0.6328125,
  "format_accuracy": 0.8828125,
  "answer_accuracy": 0.6328125,
  "avg_response_token_length": 339.5859375,
  "rollout_seconds": 12.063164472579956,
  "mean_reward": 0.6328125,
  "std_reward": 0.48298245668411255,
  "min_reward": 0.0,
  "max_reward": 1.0,
  "mean_advantage": 0.0,
  "std_advantage": 0.6416873335838318,
  "num_groups": 32.0
}
