{
  "type": "rollout",
  "grpo_step": 160,
  "num_questions": 32,
  "group_size": 8.0,
  "num_rollouts": 256,
  "reward": 0.671875,
  "format_accuracy": 0.953125,
  "answer_accuracy": 0.671875,
  "avg_response_token_length": 381.578125,
  "rollout_seconds": 12.999179124832153,
  "mean_reward": 0.671875,
  "std_reward": 0.47045034170150757,
  "min_reward": 0.0,
  "max_reward": 1.0,
  "mean_advantage": -2.3283064365386963e-09,
  "std_advantage": 0.4686221778392792,
  "num_groups": 32.0
}
