{
  "type": "rollout",
  "grpo_step": 3,
  "num_questions": 32,
  "group_size": 8.0,
  "num_rollouts": 256,
  "reward": 0.35546875,
  "format_accuracy": 0.7578125,
  "answer_accuracy": 0.35546875,
  "avg_response_token_length": 179.44140625,
  "rollout_seconds": 8.717865467071533,
  "mean_reward": 0.35546875,
  "std_reward": 0.4795927405357361,
  "min_reward": 0.0,
  "max_reward": 1.0,
  "mean_advantage": 0.0,
  "std_advantage": 0.7945877909660339,
  "num_groups": 32.0
}
