{
  "type": "rollout",
  "grpo_step": 199,
  "num_questions": 32,
  "group_size": 8.0,
  "num_rollouts": 256,
  "reward": 0.56640625,
  "format_accuracy": 0.8671875,
  "answer_accuracy": 0.56640625,
  "avg_response_token_length": 413.015625,
  "rollout_seconds": 13.907612323760986,
  "mean_reward": 0.56640625,
  "std_reward": 0.4965413510799408,
  "min_reward": 0.0,
  "max_reward": 1.0,
  "mean_advantage": 2.3283064365386963e-09,
  "std_advantage": 0.5739426612854004,
  "num_groups": 32.0
}
