{
  "type": "rollout",
  "grpo_step": 151,
  "num_questions": 32,
  "group_size": 8.0,
  "num_rollouts": 256,
  "reward": 0.234375,
  "format_accuracy": 0.99609375,
  "answer_accuracy": 0.234375,
  "avg_response_token_length": 19.7890625,
  "rollout_seconds": 4.8835718631744385,
  "mean_reward": 0.234375,
  "std_reward": 0.42443734407424927,
  "min_reward": 0.0,
  "max_reward": 1.0,
  "mean_advantage": 1.862645149230957e-09,
  "std_advantage": 0.33136603236198425,
  "num_groups": 32.0
}
