{
  "type": "rollout",
  "grpo_step": 93,
  "num_questions": 32,
  "group_size": 8.0,
  "num_rollouts": 256,
  "reward": 0.80078125,
  "format_accuracy": 0.8984375,
  "answer_accuracy": 0.80078125,
  "avg_response_token_length": 471.0234375,
  "rollout_seconds": 15.236265897750854,
  "mean_reward": 0.80078125,
  "std_reward": 0.40019527077674866,
  "min_reward": 0.0,
  "max_reward": 1.0,
  "mean_advantage": 1.862645149230957e-09,
  "std_advantage": 0.37047842144966125,
  "num_groups": 32.0
}
