{
  "type": "rollout",
  "grpo_step": 144,
  "num_questions": 32,
  "group_size": 8.0,
  "num_rollouts": 256,
  "reward": 0.61328125,
  "format_accuracy": 0.78125,
  "answer_accuracy": 0.61328125,
  "avg_response_token_length": 489.13671875,
  "rollout_seconds": 16.329632997512817,
  "mean_reward": 0.61328125,
  "std_reward": 0.4879522919654846,
  "min_reward": 0.0,
  "max_reward": 1.0,
  "mean_advantage": -3.725290298461914e-09,
  "std_advantage": 0.4686221778392792,
  "num_groups": 32.0
}
