{
  "type": "rollout",
  "grpo_step": 244,
  "num_questions": 32,
  "group_size": 8.0,
  "num_rollouts": 256,
  "reward": 0.79296875,
  "format_accuracy": 0.984375,
  "answer_accuracy": 0.79296875,
  "avg_response_token_length": 409.37109375,
  "rollout_seconds": 11.083616256713867,
  "mean_reward": 0.79296875,
  "std_reward": 0.40597182512283325,
  "min_reward": 0.0,
  "max_reward": 1.0,
  "mean_advantage": -3.725290298461914e-09,
  "std_advantage": 0.5239357352256775,
  "num_groups": 32.0
}
