{
  "type": "rollout",
  "grpo_step": 98,
  "num_questions": 32,
  "group_size": 8.0,
  "num_rollouts": 256,
  "reward": 0.7109375,
  "format_accuracy": 0.95703125,
  "answer_accuracy": 0.7109375,
  "avg_response_token_length": 424.359375,
  "rollout_seconds": 14.05971908569336,
  "mean_reward": 0.7109375,
  "std_reward": 0.45421501994132996,
  "min_reward": 0.0,
  "max_reward": 1.0,
  "mean_advantage": -1.0477378964424133e-09,
  "std_advantage": 0.5239356756210327,
  "num_groups": 32.0
}
