{
  "type": "rollout",
  "grpo_step": 12,
  "num_questions": 32,
  "group_size": 8.0,
  "num_rollouts": 256,
  "reward": 0.21484375,
  "format_accuracy": 0.99609375,
  "answer_accuracy": 0.21484375,
  "avg_response_token_length": 14.17578125,
  "rollout_seconds": 1.2843983173370361,
  "mean_reward": 0.21484375,
  "std_reward": 0.4115184545516968,
  "min_reward": 0.0,
  "max_reward": 1.0,
  "mean_advantage": 4.190951585769653e-09,
  "std_advantage": 0.549508273601532,
  "num_groups": 32.0
}
