{
  "type": "rollout",
  "grpo_step": 14,
  "num_questions": 32,
  "group_size": 8.0,
  "num_rollouts": 256,
  "reward": 0.453125,
  "format_accuracy": 0.90625,
  "answer_accuracy": 0.453125,
  "avg_response_token_length": 204.70703125,
  "rollout_seconds": 9.454579830169678,
  "mean_reward": 0.453125,
  "std_reward": 0.4987730085849762,
  "min_reward": 0.0,
  "max_reward": 1.0,
  "mean_advantage": 2.3283064365386963e-09,
  "std_advantage": 0.7771221399307251,
  "num_groups": 32.0
}
