{
  "type": "rollout",
  "grpo_step": 105,
  "num_questions": 32,
  "group_size": 8.0,
  "num_rollouts": 256,
  "reward": 0.77734375,
  "format_accuracy": 0.9375,
  "answer_accuracy": 0.77734375,
  "avg_response_token_length": 393.3359375,
  "rollout_seconds": 10.75413990020752,
  "mean_reward": 0.77734375,
  "std_reward": 0.41684433817863464,
  "min_reward": 0.0,
  "max_reward": 1.0,
  "mean_advantage": -2.7939677238464355e-09,
  "std_advantage": 0.5739427208900452,
  "num_groups": 32.0
}
