{
  "type": "rollout",
  "grpo_step": 193,
  "num_questions": 32,
  "group_size": 8.0,
  "num_rollouts": 256,
  "reward": 0.84375,
  "format_accuracy": 0.9921875,
  "answer_accuracy": 0.84375,
  "avg_response_token_length": 480.0,
  "rollout_seconds": 35.608391761779785,
  "mean_reward": 0.84375,
  "std_reward": 0.3638034462928772,
  "min_reward": 0.0,
  "max_reward": 1.0,
  "mean_advantage": 0.0,
  "std_advantage": 0.2543735206127167,
  "num_groups": 32.0
}
