{
  "type": "rollout",
  "grpo_step": 138,
  "num_questions": 32,
  "group_size": 8.0,
  "num_rollouts": 256,
  "reward": 0.83984375,
  "format_accuracy": 0.93359375,
  "answer_accuracy": 0.83984375,
  "avg_response_token_length": 491.16796875,
  "rollout_seconds": 16.097843885421753,
  "mean_reward": 0.83984375,
  "std_reward": 0.36746931076049805,
  "min_reward": 0.0,
  "max_reward": 1.0,
  "mean_advantage": 0.0,
  "std_advantage": 0.2268712967634201,
  "num_groups": 32.0
}
