{
  "type": "rollout",
  "grpo_step": 109,
  "num_questions": 32,
  "group_size": 8.0,
  "num_rollouts": 256,
  "reward": 0.45703125,
  "format_accuracy": 0.8828125,
  "answer_accuracy": 0.45703125,
  "avg_response_token_length": 252.05859375,
  "rollout_seconds": 10.450658559799194,
  "mean_reward": 0.45703125,
  "std_reward": 0.4991260766983032,
  "min_reward": 0.0,
  "max_reward": 1.0,
  "mean_advantage": -3.259629011154175e-09,
  "std_advantage": 0.662731945514679,
  "num_groups": 32.0
}
