{
  "type": "rollout",
  "grpo_step": 32,
  "num_questions": 32,
  "group_size": 8.0,
  "num_rollouts": 256,
  "reward": 0.65234375,
  "format_accuracy": 0.9765625,
  "answer_accuracy": 0.65234375,
  "avg_response_token_length": 214.0078125,
  "rollout_seconds": 9.443861722946167,
  "mean_reward": 0.65234375,
  "std_reward": 0.4771590530872345,
  "min_reward": 0.0,
  "max_reward": 1.0,
  "mean_advantage": 7.450580596923828e-09,
  "std_advantage": 0.5973784923553467,
  "num_groups": 32.0
}
