{
  "type": "rollout",
  "grpo_step": 324,
  "num_questions": 32,
  "group_size": 8.0,
  "num_rollouts": 256,
  "reward": 0.828125,
  "format_accuracy": 0.92578125,
  "answer_accuracy": 0.828125,
  "avg_response_token_length": 377.30859375,
  "rollout_seconds": 12.876043796539307,
  "mean_reward": 0.828125,
  "std_reward": 0.3780107796192169,
  "min_reward": 0.0,
  "max_reward": 1.0,
  "mean_advantage": -3.725290298461914e-09,
  "std_advantage": 0.4686221480369568,
  "num_groups": 32.0
}
