{
  "type": "rollout",
  "grpo_step": 324,
  "num_questions": 32,
  "group_size": 8.0,
  "num_rollouts": 256,
  "reward": 0.796875,
  "format_accuracy": 0.95703125,
  "answer_accuracy": 0.796875,
  "avg_response_token_length": 361.56640625,
  "rollout_seconds": 10.402687311172485,
  "mean_reward": 0.796875,
  "std_reward": 0.40311288833618164,
  "min_reward": 0.0,
  "max_reward": 1.0,
  "mean_advantage": -1.862645149230957e-09,
  "std_advantage": 0.549508273601532,
  "num_groups": 32.0
}
