{
  "type": "rollout",
  "grpo_step": 118,
  "num_questions": 32,
  "group_size": 8.0,
  "num_rollouts": 256,
  "reward": 0.84765625,
  "format_accuracy": 0.9375,
  "answer_accuracy": 0.84765625,
  "avg_response_token_length": 393.3515625,
  "rollout_seconds": 13.451232194900513,
  "mean_reward": 0.84765625,
  "std_reward": 0.36005768179893494,
  "min_reward": 0.0,
  "max_reward": 1.0,
  "mean_advantage": -2.7939677238464355e-09,
  "std_advantage": 0.4058387279510498,
  "num_groups": 32.0
}
