{
  "type": "rollout",
  "grpo_step": 312,
  "num_questions": 32,
  "group_size": 8.0,
  "num_rollouts": 256,
  "reward": 0.7734375,
  "format_accuracy": 0.96875,
  "answer_accuracy": 0.7734375,
  "avg_response_token_length": 407.4296875,
  "rollout_seconds": 14.367594957351685,
  "mean_reward": 0.7734375,
  "std_reward": 0.41942712664604187,
  "min_reward": 0.0,
  "max_reward": 1.0,
  "mean_advantage": 0.0,
  "std_advantage": 0.549508273601532,
  "num_groups": 32.0
}
