{
  "type": "rollout",
  "grpo_step": 136,
  "num_questions": 32,
  "group_size": 8.0,
  "num_rollouts": 256,
  "reward": 0.82421875,
  "format_accuracy": 0.95703125,
  "answer_accuracy": 0.82421875,
  "avg_response_token_length": 399.0859375,
  "rollout_seconds": 13.922020196914673,
  "mean_reward": 0.82421875,
  "std_reward": 0.38137954473495483,
  "min_reward": 0.0,
  "max_reward": 1.0,
  "mean_advantage": 1.3969838619232178e-09,
  "std_advantage": 0.4686223268508911,
  "num_groups": 32.0
}
