{
  "type": "rollout",
  "grpo_step": 161,
  "num_questions": 32,
  "group_size": 8.0,
  "num_rollouts": 256,
  "reward": 0.6484375,
  "format_accuracy": 0.9296875,
  "answer_accuracy": 0.6484375,
  "avg_response_token_length": 301.171875,
  "rollout_seconds": 11.276263236999512,
  "mean_reward": 0.6484375,
  "std_reward": 0.47839346528053284,
  "min_reward": 0.0,
  "max_reward": 1.0,
  "mean_advantage": 4.656612873077393e-10,
  "std_advantage": 0.6831284165382385,
  "num_groups": 32.0
}
