{
  "type": "rollout",
  "grpo_step": 56,
  "num_questions": 32,
  "group_size": 8.0,
  "num_rollouts": 256,
  "reward": 0.24609375,
  "format_accuracy": 0.7109375,
  "answer_accuracy": 0.24609375,
  "avg_response_token_length": 208.32421875,
  "rollout_seconds": 9.412453174591064,
  "mean_reward": 0.24609375,
  "std_reward": 0.43157756328582764,
  "min_reward": 0.0,
  "max_reward": 1.0,
  "mean_advantage": 4.656612873077393e-10,
  "std_advantage": 0.6627320051193237,
  "num_groups": 32.0
}
