{
  "type": "rollout",
  "grpo_step": 298,
  "num_questions": 32,
  "group_size": 8.0,
  "num_rollouts": 256,
  "reward": 0.7421875,
  "format_accuracy": 0.97265625,
  "answer_accuracy": 0.7421875,
  "avg_response_token_length": 299.9375,
  "rollout_seconds": 8.948423147201538,
  "mean_reward": 0.7421875,
  "std_reward": 0.4382871091365814,
  "min_reward": 0.0,
  "max_reward": 1.0,
  "mean_advantage": -9.313225746154785e-10,
  "std_advantage": 0.46862226724624634,
  "num_groups": 32.0
}
