{
  "type": "rollout",
  "grpo_step": 88,
  "num_questions": 32,
  "group_size": 8.0,
  "num_rollouts": 256,
  "reward": 0.73046875,
  "format_accuracy": 0.93359375,
  "answer_accuracy": 0.73046875,
  "avg_response_token_length": 386.66796875,
  "rollout_seconds": 13.574635982513428,
  "mean_reward": 0.73046875,
  "std_reward": 0.4445854723453522,
  "min_reward": 0.0,
  "max_reward": 1.0,
  "mean_advantage": -9.313225746154785e-10,
  "std_advantage": 0.549508273601532,
  "num_groups": 32.0
}
