{
  "type": "rollout",
  "grpo_step": 132,
  "num_questions": 32,
  "group_size": 8.0,
  "num_rollouts": 256,
  "reward": 0.375,
  "format_accuracy": 1.0,
  "answer_accuracy": 0.375,
  "avg_response_token_length": 16.40234375,
  "rollout_seconds": 1.4703664779663086,
  "mean_reward": 0.375,
  "std_reward": 0.48507124185562134,
  "min_reward": 0.0,
  "max_reward": 1.0,
  "mean_advantage": -1.5133991837501526e-09,
  "std_advantage": 0.2869713604450226,
  "num_groups": 32.0
}
