{
  "type": "rollout",
  "grpo_step": 80,
  "num_questions": 32,
  "group_size": 8.0,
  "num_rollouts": 256,
  "reward": 0.7109375,
  "format_accuracy": 0.97265625,
  "answer_accuracy": 0.7109375,
  "avg_response_token_length": 252.30859375,
  "rollout_seconds": 10.441465854644775,
  "mean_reward": 0.7109375,
  "std_reward": 0.45421501994132996,
  "min_reward": 0.0,
  "max_reward": 1.0,
  "mean_advantage": -2.7939677238464355e-09,
  "std_advantage": 0.5239354372024536,
  "num_groups": 32.0
}
