{
  "type": "rollout",
  "grpo_step": 22,
  "num_questions": 32,
  "group_size": 8.0,
  "num_rollouts": 256,
  "reward": 0.26171875,
  "format_accuracy": 0.97265625,
  "answer_accuracy": 0.26171875,
  "avg_response_token_length": 93.5234375,
  "rollout_seconds": 7.31159234046936,
  "mean_reward": 0.26171875,
  "std_reward": 0.4404313564300537,
  "min_reward": 0.0,
  "max_reward": 1.0,
  "mean_advantage": 3.259629011154175e-09,
  "std_advantage": 0.7221954464912415,
  "num_groups": 32.0
}
