{
  "type": "rollout",
  "grpo_step": 16,
  "num_questions": 32,
  "group_size": 8.0,
  "num_rollouts": 256,
  "reward": 0.1328125,
  "format_accuracy": 1.0,
  "answer_accuracy": 0.1328125,
  "avg_response_token_length": 14.5859375,
  "rollout_seconds": 1.3274166584014893,
  "mean_reward": 0.1328125,
  "std_reward": 0.3400367498397827,
  "min_reward": 0.0,
  "max_reward": 1.0,
  "mean_advantage": 0.0,
  "std_advantage": 0.4383559823036194,
  "num_groups": 32.0
}
