{
  "type": "rollout",
  "grpo_step": 79,
  "num_questions": 32,
  "group_size": 8.0,
  "num_rollouts": 256,
  "reward": 0.71875,
  "format_accuracy": 0.97265625,
  "answer_accuracy": 0.71875,
  "avg_response_token_length": 326.58984375,
  "rollout_seconds": 12.892791509628296,
  "mean_reward": 0.71875,
  "std_reward": 0.45048993825912476,
  "min_reward": 0.0,
  "max_reward": 1.0,
  "mean_advantage": -1.3969838619232178e-09,
  "std_advantage": 0.6416873931884766,
  "num_groups": 32.0
}
