{
  "type": "rollout",
  "grpo_step": 230,
  "num_questions": 32,
  "group_size": 8.0,
  "num_rollouts": 256,
  "reward": 0.85546875,
  "format_accuracy": 0.98046875,
  "answer_accuracy": 0.85546875,
  "avg_response_token_length": 358.12890625,
  "rollout_seconds": 13.103015899658203,
  "mean_reward": 0.85546875,
  "std_reward": 0.35231637954711914,
  "min_reward": 0.0,
  "max_reward": 1.0,
  "mean_advantage": -2.0954757928848267e-09,
  "std_advantage": 0.43835583329200745,
  "num_groups": 32.0
}
