{
  "type": "rollout",
  "grpo_step": 3,
  "num_questions": 32,
  "group_size": 8.0,
  "num_rollouts": 256,
  "reward": 0.18359375,
  "format_accuracy": 0.71484375,
  "answer_accuracy": 0.18359375,
  "avg_response_token_length": 142.94921875,
  "rollout_seconds": 8.516789197921753,
  "mean_reward": 0.18359375,
  "std_reward": 0.3879109025001526,
  "min_reward": 0.0,
  "max_reward": 1.0,
  "mean_advantage": 3.725290298461914e-09,
  "std_advantage": 0.6831284761428833,
  "num_groups": 32.0
}
