{
  "type": "rollout",
  "grpo_step": 69,
  "num_questions": 32,
  "group_size": 8.0,
  "num_rollouts": 256,
  "reward": 0.24609375,
  "format_accuracy": 0.58984375,
  "answer_accuracy": 0.24609375,
  "avg_response_token_length": 341.07421875,
  "rollout_seconds": 12.295969486236572,
  "mean_reward": 0.24609375,
  "std_reward": 0.43157756328582764,
  "min_reward": 0.0,
  "max_reward": 1.0,
  "mean_advantage": 0.0,
  "std_advantage": 0.3437110185623169,
  "num_groups": 32.0
}
