{
  "type": "rollout",
  "grpo_step": 115,
  "num_questions": 32,
  "group_size": 8.0,
  "num_rollouts": 256,
  "reward": 0.70703125,
  "format_accuracy": 0.97265625,
  "answer_accuracy": 0.70703125,
  "avg_response_token_length": 345.59765625,
  "rollout_seconds": 12.46232795715332,
  "mean_reward": 0.70703125,
  "std_reward": 0.45601576566696167,
  "min_reward": 0.0,
  "max_reward": 1.0,
  "mean_advantage": -1.862645149230957e-09,
  "std_advantage": 0.6199288368225098,
  "num_groups": 32.0
}
