{
  "type": "rollout",
  "ei_step": 5,
  "num_questions": 512,
  "rollouts_per_question": 2,
  "num_rollouts": 1024,
  "num_accepted": 258,
  "accepted_fraction": 0.251953125,
  "question_coverage_with_accept": 0.384765625,
  "reward": 0.251953125,
  "format_accuracy": 0.8642578125,
  "answer_accuracy": 0.251953125,
  "avg_token_entropy": 0.6744012832641602,
  "avg_accepted_token_entropy": 0.5363599200581395,
  "avg_response_token_length": 197.8642578125,
  "avg_accepted_response_token_length": 150.7751937984496,
  "rollout_seconds": 48.00896072387695
}
