{
  "type": "rollout",
  "grpo_step": 130,
  "num_questions": 32,
  "group_size": 8.0,
  "num_rollouts": 256,
  "reward": 0.5390625,
  "format_accuracy": 0.83984375,
  "answer_accuracy": 0.5390625,
  "avg_response_token_length": 243.2890625,
  "rollout_seconds": 10.024515867233276,
  "mean_reward": 0.5390625,
  "std_reward": 0.4994482398033142,
  "min_reward": 0.0,
  "max_reward": 1.0,
  "mean_advantage": -7.450580596923828e-09,
  "std_advantage": 0.7592549324035645,
  "num_groups": 32.0
}
