{
  "type": "rollout",
  "grpo_step": 180,
  "num_questions": 32,
  "group_size": 8.0,
  "num_rollouts": 256,
  "reward": 0.84765625,
  "format_accuracy": 0.953125,
  "answer_accuracy": 0.84765625,
  "avg_response_token_length": 434.5859375,
  "rollout_seconds": 30.355061531066895,
  "mean_reward": 0.84765625,
  "std_reward": 0.36005768179893494,
  "min_reward": 0.0,
  "max_reward": 1.0,
  "mean_advantage": -1.1641532182693481e-09,
  "std_advantage": 0.40583884716033936,
  "num_groups": 32.0
}
