{
  "type": "rollout",
  "grpo_step": 180,
  "num_questions": 32,
  "group_size": 8.0,
  "num_rollouts": 256,
  "reward": 0.58203125,
  "format_accuracy": 0.71875,
  "answer_accuracy": 0.58203125,
  "avg_response_token_length": 423.8046875,
  "rollout_seconds": 15.17008924484253,
  "mean_reward": 0.58203125,
  "std_reward": 0.49419113993644714,
  "min_reward": 0.0,
  "max_reward": 1.0,
  "mean_advantage": 0.0,
  "std_advantage": 0.6627320647239685,
  "num_groups": 32.0
}
