{
  "type": "rollout",
  "grpo_step": 118,
  "num_questions": 32,
  "group_size": 8.0,
  "num_rollouts": 256,
  "reward": 0.71875,
  "format_accuracy": 0.91015625,
  "answer_accuracy": 0.71875,
  "avg_response_token_length": 401.90234375,
  "rollout_seconds": 13.518427848815918,
  "mean_reward": 0.71875,
  "std_reward": 0.45048993825912476,
  "min_reward": 0.0,
  "max_reward": 1.0,
  "mean_advantage": 0.0,
  "std_advantage": 0.5239355564117432,
  "num_groups": 32.0
}
