{
  "type": "rollout",
  "grpo_step": 122,
  "num_questions": 32,
  "group_size": 8.0,
  "num_rollouts": 256,
  "reward": 0.4921875,
  "format_accuracy": 0.90234375,
  "answer_accuracy": 0.4921875,
  "avg_response_token_length": 448.34765625,
  "rollout_seconds": 15.419365644454956,
  "mean_reward": 0.4921875,
  "std_reward": 0.5009182691574097,
  "min_reward": 0.0,
  "max_reward": 1.0,
  "mean_advantage": 0.0,
  "std_advantage": 0.2970442771911621,
  "num_groups": 32.0
}
