{
  "type": "rollout",
  "grpo_step": 15,
  "num_questions": 32,
  "group_size": 8.0,
  "num_rollouts": 256,
  "reward": 0.58984375,
  "format_accuracy": 0.91015625,
  "answer_accuracy": 0.58984375,
  "avg_response_token_length": 271.3203125,
  "rollout_seconds": 12.325575351715088,
  "mean_reward": 0.58984375,
  "std_reward": 0.49282535910606384,
  "min_reward": 0.0,
  "max_reward": 1.0,
  "mean_advantage": 1.862645149230957e-09,
  "std_advantage": 0.6627320051193237,
  "num_groups": 32.0
}
