{
  "type": "rollout",
  "grpo_step": 49,
  "num_questions": 32,
  "group_size": 8.0,
  "num_rollouts": 256,
  "reward": 0.29296875,
  "format_accuracy": 0.78515625,
  "answer_accuracy": 0.29296875,
  "avg_response_token_length": 278.453125,
  "rollout_seconds": 10.793931722640991,
  "mean_reward": 0.29296875,
  "std_reward": 0.45601576566696167,
  "min_reward": 0.0,
  "max_reward": 1.0,
  "mean_advantage": 1.862645149230957e-09,
  "std_advantage": 0.7221953868865967,
  "num_groups": 32.0
}
