{
  "type": "rollout",
  "grpo_step": 49,
  "num_questions": 32,
  "group_size": 8.0,
  "num_rollouts": 256,
  "reward": 0.15625,
  "format_accuracy": 0.70703125,
  "answer_accuracy": 0.15625,
  "avg_response_token_length": 190.90625,
  "rollout_seconds": 9.405094385147095,
  "mean_reward": 0.15625,
  "std_reward": 0.3638034462928772,
  "min_reward": 0.0,
  "max_reward": 1.0,
  "mean_advantage": 0.0,
  "std_advantage": 0.662731945514679,
  "num_groups": 32.0
}
