{
  "type": "rollout",
  "grpo_step": 180,
  "num_questions": 32,
  "group_size": 8.0,
  "num_rollouts": 256,
  "reward": 0.83203125,
  "format_accuracy": 0.9609375,
  "answer_accuracy": 0.83203125,
  "avg_response_token_length": 491.98046875,
  "rollout_seconds": 15.815410852432251,
  "mean_reward": 0.83203125,
  "std_reward": 0.3745708465576172,
  "min_reward": 0.0,
  "max_reward": 1.0,
  "mean_advantage": 1.5133991837501526e-09,
  "std_advantage": 0.549508273601532,
  "num_groups": 32.0
}
