{
  "type": "rollout",
  "grpo_step": 180,
  "num_questions": 32,
  "group_size": 8.0,
  "num_rollouts": 256,
  "reward": 0.875,
  "format_accuracy": 0.98828125,
  "answer_accuracy": 0.875,
  "avg_response_token_length": 495.8984375,
  "rollout_seconds": 16.12833023071289,
  "mean_reward": 0.875,
  "std_reward": 0.33136674761772156,
  "min_reward": 0.0,
  "max_reward": 1.0,
  "mean_advantage": 0.0,
  "std_advantage": 0.15655606985092163,
  "num_groups": 32.0
}
