{
  "type": "rollout",
  "grpo_step": 26,
  "num_questions": 32,
  "group_size": 8.0,
  "num_rollouts": 256,
  "reward": 0.53125,
  "format_accuracy": 0.92578125,
  "answer_accuracy": 0.53125,
  "avg_response_token_length": 221.40234375,
  "rollout_seconds": 9.933800458908081,
  "mean_reward": 0.53125,
  "std_reward": 0.5,
  "min_reward": 0.0,
  "max_reward": 1.0,
  "mean_advantage": 7.450580596923828e-09,
  "std_advantage": 0.7029333710670471,
  "num_groups": 32.0
}
