{
  "type": "rollout",
  "grpo_step": 8,
  "num_questions": 32,
  "group_size": 8.0,
  "num_rollouts": 256,
  "reward": 0.21484375,
  "format_accuracy": 0.4765625,
  "answer_accuracy": 0.21484375,
  "avg_response_token_length": 405.546875,
  "rollout_seconds": 13.531716585159302,
  "mean_reward": 0.21484375,
  "std_reward": 0.4115184545516968,
  "min_reward": 0.0,
  "max_reward": 1.0,
  "mean_advantage": 6.05359673500061e-09,
  "std_advantage": 0.7592548131942749,
  "num_groups": 32.0
}
