{
  "type": "rollout",
  "grpo_step": 84,
  "num_questions": 32,
  "group_size": 8.0,
  "num_rollouts": 256,
  "reward": 0.23046875,
  "format_accuracy": 0.86328125,
  "answer_accuracy": 0.23046875,
  "avg_response_token_length": 31.23046875,
  "rollout_seconds": 5.630241394042969,
  "mean_reward": 0.23046875,
  "std_reward": 0.4219578206539154,
  "min_reward": 0.0,
  "max_reward": 1.0,
  "mean_advantage": -1.862645149230957e-09,
  "std_advantage": 0.5739426016807556,
  "num_groups": 32.0
}
