{
  "type": "rollout",
  "grpo_step": 71,
  "num_questions": 32,
  "group_size": 8.0,
  "num_rollouts": 256,
  "reward": 0.2421875,
  "format_accuracy": 0.91015625,
  "answer_accuracy": 0.2421875,
  "avg_response_token_length": 62.09375,
  "rollout_seconds": 6.620657682418823,
  "mean_reward": 0.2421875,
  "std_reward": 0.42924636602401733,
  "min_reward": 0.0,
  "max_reward": 1.0,
  "mean_advantage": 2.3283064365386963e-10,
  "std_advantage": 0.4686222970485687,
  "num_groups": 32.0
}
