{
  "type": "rollout",
  "grpo_step": 71,
  "num_questions": 32,
  "group_size": 8.0,
  "num_rollouts": 256,
  "reward": 0.75390625,
  "format_accuracy": 0.92578125,
  "answer_accuracy": 0.75390625,
  "avg_response_token_length": 259.62109375,
  "rollout_seconds": 10.690246820449829,
  "mean_reward": 0.75390625,
  "std_reward": 0.43157756328582764,
  "min_reward": 0.0,
  "max_reward": 1.0,
  "mean_advantage": 0.0,
  "std_advantage": 0.18916742503643036,
  "num_groups": 32.0
}
