{
  "type": "rollout",
  "grpo_step": 33,
  "num_questions": 32,
  "group_size": 8.0,
  "num_rollouts": 256,
  "reward": 0.62109375,
  "format_accuracy": 0.92578125,
  "answer_accuracy": 0.62109375,
  "avg_response_token_length": 252.984375,
  "rollout_seconds": 12.598459959030151,
  "mean_reward": 0.62109375,
  "std_reward": 0.48606500029563904,
  "min_reward": 0.0,
  "max_reward": 1.0,
  "mean_advantage": -1.862645149230957e-09,
  "std_advantage": 0.641687273979187,
  "num_groups": 32.0
}
