{
  "type": "rollout",
  "grpo_step": 17,
  "num_questions": 32,
  "group_size": 8.0,
  "num_rollouts": 256,
  "reward": 0.40625,
  "format_accuracy": 0.84375,
  "answer_accuracy": 0.40625,
  "avg_response_token_length": 231.73828125,
  "rollout_seconds": 10.390309810638428,
  "mean_reward": 0.40625,
  "std_reward": 0.49209436774253845,
  "min_reward": 0.0,
  "max_reward": 1.0,
  "mean_advantage": -2.7939677238464355e-09,
  "std_advantage": 0.7409569025039673,
  "num_groups": 32.0
}
