{
  "type": "rollout",
  "grpo_step": 50,
  "num_questions": 32,
  "group_size": 8.0,
  "num_rollouts": 256,
  "reward": 0.3515625,
  "format_accuracy": 0.9296875,
  "answer_accuracy": 0.3515625,
  "avg_response_token_length": 29.88671875,
  "rollout_seconds": 5.466914176940918,
  "mean_reward": 0.3515625,
  "std_reward": 0.47839346528053284,
  "min_reward": 0.0,
  "max_reward": 1.0,
  "mean_advantage": 0.0,
  "std_advantage": 0.5973783731460571,
  "num_groups": 32.0
}
