{
  "type": "rollout",
  "grpo_step": 50,
  "num_questions": 32,
  "group_size": 8.0,
  "num_rollouts": 256,
  "reward": 0.34375,
  "format_accuracy": 0.93359375,
  "answer_accuracy": 0.34375,
  "avg_response_token_length": 51.640625,
  "rollout_seconds": 6.056636095046997,
  "mean_reward": 0.34375,
  "std_reward": 0.47588926553726196,
  "min_reward": 0.0,
  "max_reward": 1.0,
  "mean_advantage": 1.862645149230957e-09,
  "std_advantage": 0.6831284165382385,
  "num_groups": 32.0
}
