{
  "type": "rollout",
  "grpo_step": 152,
  "num_questions": 32,
  "group_size": 8.0,
  "num_rollouts": 256,
  "reward": 0.8046875,
  "format_accuracy": 0.94140625,
  "answer_accuracy": 0.8046875,
  "avg_response_token_length": 383.08203125,
  "rollout_seconds": 13.442571640014648,
  "mean_reward": 0.8046875,
  "std_reward": 0.39721766114234924,
  "min_reward": 0.0,
  "max_reward": 1.0,
  "mean_advantage": 0.0,
  "std_advantage": 0.4686223268508911,
  "num_groups": 32.0
}
