{
  "type": "rollout",
  "grpo_step": 149,
  "num_questions": 32,
  "group_size": 8.0,
  "num_rollouts": 256,
  "reward": 0.6328125,
  "format_accuracy": 0.8828125,
  "answer_accuracy": 0.6328125,
  "avg_response_token_length": 461.63671875,
  "rollout_seconds": 15.884491920471191,
  "mean_reward": 0.6328125,
  "std_reward": 0.48298245668411255,
  "min_reward": 0.0,
  "max_reward": 1.0,
  "mean_advantage": -5.587935447692871e-09,
  "std_advantage": 0.5495083928108215,
  "num_groups": 32.0
}
