{
  "type": "rollout",
  "grpo_step": 48,
  "num_questions": 32,
  "group_size": 8.0,
  "num_rollouts": 256,
  "reward": 0.44140625,
  "format_accuracy": 0.86328125,
  "answer_accuracy": 0.44140625,
  "avg_response_token_length": 219.1875,
  "rollout_seconds": 9.786439418792725,
  "mean_reward": 0.44140625,
  "std_reward": 0.4975275993347168,
  "min_reward": 0.0,
  "max_reward": 1.0,
  "mean_advantage": 0.0,
  "std_advantage": 0.33504462242126465,
  "num_groups": 32.0
}
