{
  "type": "rollout",
  "grpo_step": 91,
  "num_questions": 32,
  "group_size": 8.0,
  "num_rollouts": 256,
  "reward": 0.58203125,
  "format_accuracy": 0.9453125,
  "answer_accuracy": 0.58203125,
  "avg_response_token_length": 272.27734375,
  "rollout_seconds": 11.114575147628784,
  "mean_reward": 0.58203125,
  "std_reward": 0.49419113993644714,
  "min_reward": 0.0,
  "max_reward": 1.0,
  "mean_advantage": 0.0,
  "std_advantage": 0.6199290156364441,
  "num_groups": 32.0
}
