{
  "type": "rollout",
  "grpo_step": 297,
  "num_questions": 32,
  "group_size": 8.0,
  "num_rollouts": 256,
  "reward": 0.8125,
  "format_accuracy": 0.98828125,
  "answer_accuracy": 0.8125,
  "avg_response_token_length": 300.2265625,
  "rollout_seconds": 8.934490203857422,
  "mean_reward": 0.8125,
  "std_reward": 0.3910769522190094,
  "min_reward": 0.0,
  "max_reward": 1.0,
  "mean_advantage": -1.6298145055770874e-09,
  "std_advantage": 0.438355952501297,
  "num_groups": 32.0
}
