{
  "type": "rollout",
  "grpo_step": 78,
  "num_questions": 32,
  "group_size": 8.0,
  "num_rollouts": 256,
  "reward": 0.27734375,
  "format_accuracy": 0.8203125,
  "answer_accuracy": 0.27734375,
  "avg_response_token_length": 53.4765625,
  "rollout_seconds": 6.522827625274658,
  "mean_reward": 0.27734375,
  "std_reward": 0.4485645592212677,
  "min_reward": 0.0,
  "max_reward": 1.0,
  "mean_advantage": -7.450580596923828e-09,
  "std_advantage": 0.6831285357475281,
  "num_groups": 32.0
}
