{
  "type": "rollout",
  "grpo_step": 34,
  "num_questions": 32,
  "group_size": 8.0,
  "num_rollouts": 256,
  "reward": 0.60546875,
  "format_accuracy": 0.8828125,
  "answer_accuracy": 0.60546875,
  "avg_response_token_length": 308.84375,
  "rollout_seconds": 11.384636640548706,
  "mean_reward": 0.60546875,
  "std_reward": 0.48970717191696167,
  "min_reward": 0.0,
  "max_reward": 1.0,
  "mean_advantage": -1.3969838619232178e-09,
  "std_advantage": 0.6627318859100342,
  "num_groups": 32.0
}
