{
  "type": "rollout",
  "grpo_step": 167,
  "num_questions": 32,
  "group_size": 8.0,
  "num_rollouts": 256,
  "reward": 0.3359375,
  "format_accuracy": 0.68359375,
  "answer_accuracy": 0.3359375,
  "avg_response_token_length": 352.296875,
  "rollout_seconds": 12.873337268829346,
  "mean_reward": 0.3359375,
  "std_reward": 0.4732423722743988,
  "min_reward": 0.0,
  "max_reward": 1.0,
  "mean_advantage": 0.0,
  "std_advantage": 0.39357587695121765,
  "num_groups": 32.0
}
