{
  "type": "rollout",
  "grpo_step": 27,
  "num_questions": 32,
  "group_size": 8.0,
  "num_rollouts": 256,
  "reward": 0.6015625,
  "format_accuracy": 0.921875,
  "answer_accuracy": 0.6015625,
  "avg_response_token_length": 246.125,
  "rollout_seconds": 10.206203937530518,
  "mean_reward": 0.6015625,
  "std_reward": 0.4905354082584381,
  "min_reward": 0.0,
  "max_reward": 1.0,
  "mean_advantage": 1.3969838619232178e-09,
  "std_advantage": 0.7945877313613892,
  "num_groups": 32.0
}
