{
  "type": "rollout",
  "ei_step": 5,
  "num_questions": 512,
  "rollouts_per_question": 4,
  "num_rollouts": 2048,
  "num_accepted": 488,
  "accepted_fraction": 0.23828125,
  "question_coverage_with_accept": 0.52734375,
  "reward": 0.23828125,
  "format_accuracy": 0.80322265625,
  "answer_accuracy": 0.23828125,
  "avg_token_entropy": 0.7963693141937256,
  "avg_accepted_token_entropy": 0.6378293897284836,
  "avg_response_token_length": 224.14599609375,
  "avg_accepted_response_token_length": 141.65983606557376,
  "rollout_seconds": 96.9201147556305
}
