{
  "type": "rollout",
  "grpo_step": 31,
  "num_questions": 32,
  "group_size": 8.0,
  "num_rollouts": 256,
  "reward": 0.46484375,
  "format_accuracy": 0.9453125,
  "answer_accuracy": 0.46484375,
  "avg_response_token_length": 273.5859375,
  "rollout_seconds": 10.913405656814575,
  "mean_reward": 0.46484375,
  "std_reward": 0.49973952770233154,
  "min_reward": 0.0,
  "max_reward": 1.0,
  "mean_advantage": 0.0,
  "std_advantage": 0.7221954464912415,
  "num_groups": 32.0
}
