{
  "type": "rollout",
  "grpo_step": 184,
  "num_questions": 32,
  "group_size": 8.0,
  "num_rollouts": 256,
  "reward": 0.3203125,
  "format_accuracy": 0.74609375,
  "answer_accuracy": 0.3203125,
  "avg_response_token_length": 298.984375,
  "rollout_seconds": 11.42674207687378,
  "mean_reward": 0.3203125,
  "std_reward": 0.4675106108188629,
  "min_reward": 0.0,
  "max_reward": 1.0,
  "mean_advantage": 0.0,
  "std_advantage": 0.3651483654975891,
  "num_groups": 32.0
}
