{
  "type": "rollout",
  "grpo_step": 31,
  "num_questions": 32,
  "group_size": 8.0,
  "num_rollouts": 256,
  "reward": 0.421875,
  "format_accuracy": 0.93359375,
  "answer_accuracy": 0.421875,
  "avg_response_token_length": 331.83203125,
  "rollout_seconds": 12.57182502746582,
  "mean_reward": 0.421875,
  "std_reward": 0.49482616782188416,
  "min_reward": 0.0,
  "max_reward": 1.0,
  "mean_advantage": 3.725290298461914e-09,
  "std_advantage": 0.6831285357475281,
  "num_groups": 32.0
}
