{
  "type": "rollout",
  "grpo_step": 187,
  "num_questions": 32,
  "group_size": 8.0,
  "num_rollouts": 256,
  "reward": 0.4921875,
  "format_accuracy": 0.87890625,
  "answer_accuracy": 0.4921875,
  "avg_response_token_length": 169.12890625,
  "rollout_seconds": 8.702138900756836,
  "mean_reward": 0.4921875,
  "std_reward": 0.5009182691574097,
  "min_reward": 0.0,
  "max_reward": 1.0,
  "mean_advantage": -9.313225746154785e-10,
  "std_advantage": 0.8767120242118835,
  "num_groups": 32.0
}
