{
  "type": "rollout",
  "grpo_step": 45,
  "num_questions": 32,
  "group_size": 8.0,
  "num_rollouts": 256,
  "reward": 0.56640625,
  "format_accuracy": 0.9296875,
  "answer_accuracy": 0.56640625,
  "avg_response_token_length": 341.56640625,
  "rollout_seconds": 15.776083946228027,
  "mean_reward": 0.56640625,
  "std_reward": 0.4965413510799408,
  "min_reward": 0.0,
  "max_reward": 1.0,
  "mean_advantage": 9.313225746154785e-10,
  "std_advantage": 0.7409568428993225,
  "num_groups": 32.0
}
