{
  "type": "rollout",
  "grpo_step": 87,
  "num_questions": 32,
  "group_size": 8.0,
  "num_rollouts": 256,
  "reward": 0.17578125,
  "format_accuracy": 0.87890625,
  "answer_accuracy": 0.17578125,
  "avg_response_token_length": 29.40625,
  "rollout_seconds": 4.632871627807617,
  "mean_reward": 0.17578125,
  "std_reward": 0.38137954473495483,
  "min_reward": 0.0,
  "max_reward": 1.0,
  "mean_advantage": -2.7939677238464355e-09,
  "std_advantage": 0.46862223744392395,
  "num_groups": 32.0
}
