{
  "type": "rollout",
  "grpo_step": 128,
  "num_questions": 32,
  "group_size": 8.0,
  "num_rollouts": 256,
  "reward": 0.65625,
  "format_accuracy": 0.95703125,
  "answer_accuracy": 0.65625,
  "avg_response_token_length": 309.3984375,
  "rollout_seconds": 11.598587036132812,
  "mean_reward": 0.65625,
  "std_reward": 0.47588926553726196,
  "min_reward": 0.0,
  "max_reward": 1.0,
  "mean_advantage": -6.51925802230835e-09,
  "std_advantage": 0.6199290156364441,
  "num_groups": 32.0
}
