{
  "type": "rollout",
  "grpo_step": 53,
  "num_questions": 32,
  "group_size": 8.0,
  "num_rollouts": 256,
  "reward": 0.07421875,
  "format_accuracy": 0.07421875,
  "answer_accuracy": 0.07421875,
  "avg_response_token_length": 953.80078125,
  "rollout_seconds": 26.89525580406189,
  "mean_reward": 0.07421875,
  "std_reward": 0.2626400291919708,
  "min_reward": 0.0,
  "max_reward": 1.0,
  "mean_advantage": -9.313225746154785e-10,
  "std_advantage": 0.40583884716033936,
  "num_groups": 32.0
}
