{
  "type": "rollout",
  "grpo_step": 89,
  "num_questions": 32,
  "group_size": 8.0,
  "num_rollouts": 256,
  "reward": 0.734375,
  "format_accuracy": 0.9375,
  "answer_accuracy": 0.734375,
  "avg_response_token_length": 396.21875,
  "rollout_seconds": 13.353101015090942,
  "mean_reward": 0.734375,
  "std_reward": 0.4425306022167206,
  "min_reward": 0.0,
  "max_reward": 1.0,
  "mean_advantage": -3.725290298461914e-09,
  "std_advantage": 0.6199288368225098,
  "num_groups": 32.0
}
