{
  "type": "rollout",
  "grpo_step": 23,
  "num_questions": 32,
  "group_size": 8.0,
  "num_rollouts": 256,
  "reward": 0.27734375,
  "format_accuracy": 0.6640625,
  "answer_accuracy": 0.27734375,
  "avg_response_token_length": 298.515625,
  "rollout_seconds": 11.416332244873047,
  "mean_reward": 0.27734375,
  "std_reward": 0.4485645592212677,
  "min_reward": 0.0,
  "max_reward": 1.0,
  "mean_advantage": 3.725290298461914e-09,
  "std_advantage": 0.7592548131942749,
  "num_groups": 32.0
}
