{
  "type": "rollout",
  "grpo_step": 23,
  "num_questions": 32,
  "group_size": 8.0,
  "num_rollouts": 256,
  "reward": 0.0625,
  "format_accuracy": 0.4375,
  "answer_accuracy": 0.0625,
  "avg_response_token_length": 286.34375,
  "rollout_seconds": 11.185989379882812,
  "mean_reward": 0.0625,
  "std_reward": 0.24253562092781067,
  "min_reward": 0.0,
  "max_reward": 1.0,
  "mean_advantage": 4.6566128730773926e-09,
  "std_advantage": 0.5239354372024536,
  "num_groups": 32.0
}
