{
  "type": "rollout",
  "grpo_step": 93,
  "num_questions": 32,
  "group_size": 8.0,
  "num_rollouts": 256,
  "reward": 0.71875,
  "format_accuracy": 0.9609375,
  "answer_accuracy": 0.71875,
  "avg_response_token_length": 233.03515625,
  "rollout_seconds": 10.213337421417236,
  "mean_reward": 0.71875,
  "std_reward": 0.45048993825912476,
  "min_reward": 0.0,
  "max_reward": 1.0,
  "mean_advantage": -9.313225746154785e-10,
  "std_advantage": 0.5739425420761108,
  "num_groups": 32.0
}
