{
  "type": "rollout",
  "grpo_step": 342,
  "num_questions": 32,
  "group_size": 8.0,
  "num_rollouts": 256,
  "reward": 0.77734375,
  "format_accuracy": 0.94140625,
  "answer_accuracy": 0.77734375,
  "avg_response_token_length": 413.11328125,
  "rollout_seconds": 13.888835430145264,
  "mean_reward": 0.77734375,
  "std_reward": 0.41684433817863464,
  "min_reward": 0.0,
  "max_reward": 1.0,
  "mean_advantage": 0.0,
  "std_advantage": 0.4686221778392792,
  "num_groups": 32.0
}
