{
  "type": "rollout",
  "grpo_step": 16,
  "num_questions": 32,
  "group_size": 8.0,
  "num_rollouts": 256,
  "reward": 0.3671875,
  "format_accuracy": 0.91015625,
  "answer_accuracy": 0.3671875,
  "avg_response_token_length": 232.47265625,
  "rollout_seconds": 11.155805587768555,
  "mean_reward": 0.3671875,
  "std_reward": 0.48298245668411255,
  "min_reward": 0.0,
  "max_reward": 1.0,
  "mean_advantage": 3.725290298461914e-09,
  "std_advantage": 0.7945877313613892,
  "num_groups": 32.0
}
