{
  "type": "rollout",
  "grpo_step": 85,
  "num_questions": 32,
  "group_size": 8.0,
  "num_rollouts": 256,
  "reward": 0.66015625,
  "format_accuracy": 0.93359375,
  "answer_accuracy": 0.66015625,
  "avg_response_token_length": 296.82421875,
  "rollout_seconds": 11.28191328048706,
  "mean_reward": 0.66015625,
  "std_reward": 0.47458380460739136,
  "min_reward": 0.0,
  "max_reward": 1.0,
  "mean_advantage": 2.7939677238464355e-09,
  "std_advantage": 0.5239355564117432,
  "num_groups": 32.0
}
