{
  "type": "rollout",
  "grpo_step": 133,
  "num_questions": 32,
  "group_size": 8.0,
  "num_rollouts": 256,
  "reward": 0.80078125,
  "format_accuracy": 0.9609375,
  "answer_accuracy": 0.80078125,
  "avg_response_token_length": 413.17578125,
  "rollout_seconds": 13.825881958007812,
  "mean_reward": 0.80078125,
  "std_reward": 0.40019527077674866,
  "min_reward": 0.0,
  "max_reward": 1.0,
  "mean_advantage": -3.4924596548080444e-10,
  "std_advantage": 0.49704885482788086,
  "num_groups": 32.0
}
