{
  "num_examples": 1024,
  "reward": 0.8369140625,
  "format_accuracy": 0.927734375,
  "answer_accuracy": 0.8369140625,
  "temperature": 1.0,
  "top_p": 1.0,
  "max_tokens": 1024,
  "stop": "</answer>",
  "include_stop_str_in_output": true,
  "eval_seconds": 58.467042207717896
}
