{
  "type": "rollout",
  "grpo_step": 16,
  "num_questions": 32,
  "group_size": 8.0,
  "num_rollouts": 256,
  "reward": 0.3984375,
  "format_accuracy": 0.78125,
  "answer_accuracy": 0.3984375,
  "avg_response_token_length": 339.83203125,
  "rollout_seconds": 12.102285385131836,
  "mean_reward": 0.3984375,
  "std_reward": 0.4905354082584381,
  "min_reward": 0.0,
  "max_reward": 1.0,
  "mean_advantage": 0.0,
  "std_advantage": 0.3796283006668091,
  "num_groups": 32.0
}
