{
  "type": "rollout",
  "grpo_step": 21,
  "num_questions": 32,
  "group_size": 8.0,
  "num_rollouts": 256,
  "reward": 0.3515625,
  "format_accuracy": 0.87890625,
  "answer_accuracy": 0.3515625,
  "avg_response_token_length": 238.73046875,
  "rollout_seconds": 9.996370315551758,
  "mean_reward": 0.3515625,
  "std_reward": 0.47839346528053284,
  "min_reward": 0.0,
  "max_reward": 1.0,
  "mean_advantage": 9.313225746154785e-10,
  "std_advantage": 0.7592548727989197,
  "num_groups": 32.0
}
