{
  "type": "rollout",
  "grpo_step": 193,
  "num_questions": 32,
  "group_size": 8.0,
  "num_rollouts": 256,
  "reward": 0.8203125,
  "format_accuracy": 0.98046875,
  "answer_accuracy": 0.8203125,
  "avg_response_token_length": 324.55859375,
  "rollout_seconds": 11.958313465118408,
  "mean_reward": 0.8203125,
  "std_reward": 0.38467901945114136,
  "min_reward": 0.0,
  "max_reward": 1.0,
  "mean_advantage": -1.862645149230957e-09,
  "std_advantage": 0.5739426016807556,
  "num_groups": 32.0
}
