{
  "type": "rollout",
  "grpo_step": 193,
  "num_questions": 32,
  "group_size": 8.0,
  "num_rollouts": 256,
  "reward": 0.828125,
  "format_accuracy": 0.9765625,
  "answer_accuracy": 0.828125,
  "avg_response_token_length": 397.16796875,
  "rollout_seconds": 10.618125915527344,
  "mean_reward": 0.828125,
  "std_reward": 0.3780107796192169,
  "min_reward": 0.0,
  "max_reward": 1.0,
  "mean_advantage": -1.862645149230957e-09,
  "std_advantage": 0.4686222970485687,
  "num_groups": 32.0
}
