{
  "type": "rollout",
  "grpo_step": 63,
  "num_questions": 32,
  "group_size": 8.0,
  "num_rollouts": 256,
  "reward": 0.74609375,
  "format_accuracy": 0.953125,
  "answer_accuracy": 0.74609375,
  "avg_response_token_length": 299.42578125,
  "rollout_seconds": 21.76870894432068,
  "mean_reward": 0.74609375,
  "std_reward": 0.4360972046852112,
  "min_reward": 0.0,
  "max_reward": 1.0,
  "mean_advantage": -4.190951585769653e-09,
  "std_advantage": 0.5739427208900452,
  "num_groups": 32.0
}
