{
  "type": "rollout",
  "grpo_step": 82,
  "num_questions": 32,
  "group_size": 8.0,
  "num_rollouts": 256,
  "reward": 0.50390625,
  "format_accuracy": 0.70703125,
  "answer_accuracy": 0.50390625,
  "avg_response_token_length": 361.4375,
  "rollout_seconds": 12.839341402053833,
  "mean_reward": 0.50390625,
  "std_reward": 0.5009641647338867,
  "min_reward": 0.0,
  "max_reward": 1.0,
  "mean_advantage": 3.725290298461914e-09,
  "std_advantage": 0.6627318859100342,
  "num_groups": 32.0
}
