{
  "type": "rollout",
  "grpo_step": 82,
  "num_questions": 32,
  "group_size": 8.0,
  "num_rollouts": 256,
  "reward": 0.734375,
  "format_accuracy": 0.98828125,
  "answer_accuracy": 0.734375,
  "avg_response_token_length": 266.6875,
  "rollout_seconds": 14.19661569595337,
  "mean_reward": 0.734375,
  "std_reward": 0.4425306022167206,
  "min_reward": 0.0,
  "max_reward": 1.0,
  "mean_advantage": -2.0954757928848267e-09,
  "std_advantage": 0.5739426612854004,
  "num_groups": 32.0
}
