{
  "type": "rollout",
  "grpo_step": 117,
  "num_questions": 32,
  "group_size": 8.0,
  "num_rollouts": 256,
  "reward": 0.62890625,
  "format_accuracy": 0.765625,
  "answer_accuracy": 0.62890625,
  "avg_response_token_length": 387.1015625,
  "rollout_seconds": 13.984676599502563,
  "mean_reward": 0.62890625,
  "std_reward": 0.48404380679130554,
  "min_reward": 0.0,
  "max_reward": 1.0,
  "mean_advantage": -1.3969838619232178e-09,
  "std_advantage": 0.5495081543922424,
  "num_groups": 32.0
}
