{
  "type": "rollout",
  "grpo_step": 136,
  "num_questions": 32,
  "group_size": 8.0,
  "num_rollouts": 256,
  "reward": 0.6796875,
  "format_accuracy": 0.9609375,
  "answer_accuracy": 0.6796875,
  "avg_response_token_length": 263.66015625,
  "rollout_seconds": 10.499814510345459,
  "mean_reward": 0.6796875,
  "std_reward": 0.4675106108188629,
  "min_reward": 0.0,
  "max_reward": 1.0,
  "mean_advantage": 2.7939677238464355e-09,
  "std_advantage": 0.6199290752410889,
  "num_groups": 32.0
}
