{
  "type": "rollout",
  "grpo_step": 130,
  "num_questions": 32,
  "group_size": 8.0,
  "num_rollouts": 256,
  "reward": 0.76953125,
  "format_accuracy": 0.92578125,
  "answer_accuracy": 0.76953125,
  "avg_response_token_length": 429.48828125,
  "rollout_seconds": 14.292118549346924,
  "mean_reward": 0.76953125,
  "std_reward": 0.4219578206539154,
  "min_reward": 0.0,
  "max_reward": 1.0,
  "mean_advantage": -1.6298145055770874e-09,
  "std_advantage": 0.5239355564117432,
  "num_groups": 32.0
}
