{
  "type": "rollout",
  "grpo_step": 40,
  "num_questions": 32,
  "group_size": 8.0,
  "num_rollouts": 256,
  "reward": 0.6953125,
  "format_accuracy": 0.94140625,
  "answer_accuracy": 0.6953125,
  "avg_response_token_length": 333.00390625,
  "rollout_seconds": 12.08471131324768,
  "mean_reward": 0.6953125,
  "std_reward": 0.4611765742301941,
  "min_reward": 0.0,
  "max_reward": 1.0,
  "mean_advantage": 9.313225746154785e-10,
  "std_advantage": 0.6199290752410889,
  "num_groups": 32.0
}
