{
  "type": "rollout",
  "grpo_step": 199,
  "num_questions": 32,
  "group_size": 8.0,
  "num_rollouts": 256,
  "reward": 0.7109375,
  "format_accuracy": 0.96484375,
  "answer_accuracy": 0.7109375,
  "avg_response_token_length": 396.19140625,
  "rollout_seconds": 13.445247411727905,
  "mean_reward": 0.7109375,
  "std_reward": 0.45421501994132996,
  "min_reward": 0.0,
  "max_reward": 1.0,
  "mean_advantage": -4.423782229423523e-09,
  "std_advantage": 0.549508273601532,
  "num_groups": 32.0
}
