{
  "type": "rollout",
  "grpo_step": 123,
  "num_questions": 32,
  "group_size": 8.0,
  "num_rollouts": 256,
  "reward": 0.3515625,
  "format_accuracy": 1.0,
  "answer_accuracy": 0.3515625,
  "avg_response_token_length": 16.09765625,
  "rollout_seconds": 1.3343112468719482,
  "mean_reward": 0.3515625,
  "std_reward": 0.47839346528053284,
  "min_reward": 0.0,
  "max_reward": 1.0,
  "mean_advantage": 0.0,
  "std_advantage": 0.2869712710380554,
  "num_groups": 32.0
}
