{
  "type": "rollout",
  "grpo_step": 108,
  "num_questions": 32,
  "group_size": 8.0,
  "num_rollouts": 256,
  "reward": 0.66015625,
  "format_accuracy": 0.89453125,
  "answer_accuracy": 0.66015625,
  "avg_response_token_length": 478.7734375,
  "rollout_seconds": 15.301385641098022,
  "mean_reward": 0.66015625,
  "std_reward": 0.47458380460739136,
  "min_reward": 0.0,
  "max_reward": 1.0,
  "mean_advantage": -1.862645149230957e-09,
  "std_advantage": 0.43835607171058655,
  "num_groups": 32.0
}
