{
  "type": "rollout",
  "grpo_step": 72,
  "num_questions": 32,
  "group_size": 8.0,
  "num_rollouts": 256,
  "reward": 0.37890625,
  "format_accuracy": 0.953125,
  "answer_accuracy": 0.37890625,
  "avg_response_token_length": 52.48828125,
  "rollout_seconds": 8.024896383285522,
  "mean_reward": 0.37890625,
  "std_reward": 0.48606500029563904,
  "min_reward": 0.0,
  "max_reward": 1.0,
  "mean_advantage": -9.313225746154785e-10,
  "std_advantage": 0.4058387279510498,
  "num_groups": 32.0
}
