{
  "type": "rollout",
  "grpo_step": 144,
  "num_questions": 32,
  "group_size": 8.0,
  "num_rollouts": 256,
  "reward": 0.28515625,
  "format_accuracy": 0.99609375,
  "answer_accuracy": 0.28515625,
  "avg_response_token_length": 18.71484375,
  "rollout_seconds": 5.302277088165283,
  "mean_reward": 0.28515625,
  "std_reward": 0.4523732364177704,
  "min_reward": 0.0,
  "max_reward": 1.0,
  "mean_advantage": 0.0,
  "std_advantage": 0.4686222970485687,
  "num_groups": 32.0
}
