{
  "type": "rollout",
  "ei_step": 1,
  "num_questions": 512,
  "rollouts_per_question": 2,
  "num_rollouts": 1024,
  "num_accepted": 26,
  "accepted_fraction": 0.025390625,
  "question_coverage_with_accept": 0.048828125,
  "reward": 0.025390625,
  "format_accuracy": 0.1484375,
  "answer_accuracy": 0.025390625,
  "avg_token_entropy": 0.9127016067504883,
  "avg_accepted_token_entropy": 0.7402719350961539,
  "avg_response_token_length": 362.484375,
  "avg_accepted_response_token_length": 120.96153846153847,
  "rollout_seconds": 55.2789831161499
}
