{
  "type": "rollout",
  "grpo_step": 10,
  "num_questions": 32,
  "group_size": 8.0,
  "num_rollouts": 256,
  "reward": 0.5078125,
  "format_accuracy": 0.890625,
  "answer_accuracy": 0.5078125,
  "avg_response_token_length": 161.4296875,
  "rollout_seconds": 8.253475189208984,
  "mean_reward": 0.5078125,
  "std_reward": 0.5009182691574097,
  "min_reward": 0.0,
  "max_reward": 1.0,
  "mean_advantage": -1.862645149230957e-09,
  "std_advantage": 0.7221953868865967,
  "num_groups": 32.0
}
