{
  "type": "rollout",
  "grpo_step": 106,
  "num_questions": 32,
  "group_size": 8.0,
  "num_rollouts": 256,
  "reward": 0.65234375,
  "format_accuracy": 0.9140625,
  "answer_accuracy": 0.65234375,
  "avg_response_token_length": 296.24609375,
  "rollout_seconds": 11.435680866241455,
  "mean_reward": 0.65234375,
  "std_reward": 0.4771590530872345,
  "min_reward": 0.0,
  "max_reward": 1.0,
  "mean_advantage": -2.3283064365386963e-09,
  "std_advantage": 0.7221953868865967,
  "num_groups": 32.0
}
