{
  "type": "rollout",
  "grpo_step": 16,
  "num_questions": 32,
  "group_size": 8.0,
  "num_rollouts": 256,
  "reward": 0.00390625,
  "format_accuracy": 0.00390625,
  "answer_accuracy": 0.00390625,
  "avg_response_token_length": 884.578125,
  "rollout_seconds": 27.946919441223145,
  "mean_reward": 0.00390625,
  "std_reward": 0.0625,
  "min_reward": 0.0,
  "max_reward": 1.0,
  "mean_advantage": 2.3283064365386963e-10,
  "std_advantage": 0.16568289697170258,
  "num_groups": 32.0
}
