{
  "type": "rollout",
  "grpo_step": 20,
  "num_questions": 32,
  "group_size": 8.0,
  "num_rollouts": 256,
  "reward": 0.48828125,
  "format_accuracy": 0.87109375,
  "answer_accuracy": 0.48828125,
  "avg_response_token_length": 326.140625,
  "rollout_seconds": 11.80102801322937,
  "mean_reward": 0.48828125,
  "std_reward": 0.5008417963981628,
  "min_reward": 0.0,
  "max_reward": 1.0,
  "mean_advantage": 0.0,
  "std_advantage": 0.29621797800064087,
  "num_groups": 32.0
}
