{
  "type": "rollout",
  "grpo_step": 162,
  "num_questions": 32,
  "group_size": 8.0,
  "num_rollouts": 256,
  "reward": 0.83203125,
  "format_accuracy": 0.96484375,
  "answer_accuracy": 0.83203125,
  "avg_response_token_length": 429.640625,
  "rollout_seconds": 14.399864435195923,
  "mean_reward": 0.83203125,
  "std_reward": 0.3745708465576172,
  "min_reward": 0.0,
  "max_reward": 1.0,
  "mean_advantage": -1.862645149230957e-09,
  "std_advantage": 0.5973784923553467,
  "num_groups": 32.0
}
