{
  "type": "rollout",
  "grpo_step": 109,
  "num_questions": 32,
  "group_size": 8.0,
  "num_rollouts": 256,
  "reward": 0.203125,
  "format_accuracy": 1.0,
  "answer_accuracy": 0.203125,
  "avg_response_token_length": 14.2265625,
  "rollout_seconds": 1.3745110034942627,
  "mean_reward": 0.203125,
  "std_reward": 0.40311288833618164,
  "min_reward": 0.0,
  "max_reward": 1.0,
  "mean_advantage": 0.0,
  "std_advantage": 0.23431114852428436,
  "num_groups": 32.0
}
