{
  "type": "rollout",
  "grpo_step": 268,
  "num_questions": 32,
  "group_size": 8.0,
  "num_rollouts": 256,
  "reward": 0.84765625,
  "format_accuracy": 0.9765625,
  "answer_accuracy": 0.84765625,
  "avg_response_token_length": 377.875,
  "rollout_seconds": 10.242722511291504,
  "mean_reward": 0.84765625,
  "std_reward": 0.36005768179893494,
  "min_reward": 0.0,
  "max_reward": 1.0,
  "mean_advantage": 2.7939677238464355e-09,
  "std_advantage": 0.4058386981487274,
  "num_groups": 32.0
}
