{
  "type": "rollout",
  "grpo_step": 7,
  "num_questions": 32,
  "group_size": 8.0,
  "num_rollouts": 256,
  "reward": 0.25390625,
  "format_accuracy": 0.78515625,
  "answer_accuracy": 0.25390625,
  "avg_response_token_length": 211.046875,
  "rollout_seconds": 9.417918682098389,
  "mean_reward": 0.25390625,
  "std_reward": 0.4360972046852112,
  "min_reward": 0.0,
  "max_reward": 1.0,
  "mean_advantage": 0.0,
  "std_advantage": 0.3437110185623169,
  "num_groups": 32.0
}
