{
  "type": "rollout",
  "grpo_step": 7,
  "num_questions": 32,
  "group_size": 8.0,
  "num_rollouts": 256,
  "reward": 0.25,
  "format_accuracy": 0.7734375,
  "answer_accuracy": 0.25,
  "avg_response_token_length": 242.87890625,
  "rollout_seconds": 10.08785343170166,
  "mean_reward": 0.25,
  "std_reward": 0.4338609278202057,
  "min_reward": 0.0,
  "max_reward": 1.0,
  "mean_advantage": 6.51925802230835e-09,
  "std_advantage": 0.7409568428993225,
  "num_groups": 32.0
}
