{
  "type": "rollout",
  "grpo_step": 305,
  "num_questions": 32,
  "group_size": 8.0,
  "num_rollouts": 256,
  "reward": 0.74609375,
  "format_accuracy": 0.93359375,
  "answer_accuracy": 0.74609375,
  "avg_response_token_length": 399.59375,
  "rollout_seconds": 14.064468383789062,
  "mean_reward": 0.74609375,
  "std_reward": 0.4360972046852112,
  "min_reward": 0.0,
  "max_reward": 1.0,
  "mean_advantage": -3.259629011154175e-09,
  "std_advantage": 0.5973784923553467,
  "num_groups": 32.0
}
