{
  "type": "rollout",
  "grpo_step": 43,
  "num_questions": 32,
  "group_size": 8.0,
  "num_rollouts": 256,
  "reward": 0.34375,
  "format_accuracy": 0.76171875,
  "answer_accuracy": 0.34375,
  "avg_response_token_length": 292.859375,
  "rollout_seconds": 11.060207605361938,
  "mean_reward": 0.34375,
  "std_reward": 0.47588926553726196,
  "min_reward": 0.0,
  "max_reward": 1.0,
  "mean_advantage": 7.450580596923828e-09,
  "std_advantage": 0.9074829816818237,
  "num_groups": 32.0
}
