{
  "type": "rollout",
  "grpo_step": 394,
  "num_questions": 32,
  "group_size": 8.0,
  "num_rollouts": 256,
  "reward": 0.796875,
  "format_accuracy": 0.91796875,
  "answer_accuracy": 0.796875,
  "avg_response_token_length": 403.33984375,
  "rollout_seconds": 13.681390047073364,
  "mean_reward": 0.796875,
  "std_reward": 0.40311288833618164,
  "min_reward": 0.0,
  "max_reward": 1.0,
  "mean_advantage": -9.313225746154785e-10,
  "std_advantage": 0.4686222970485687,
  "num_groups": 32.0
}
