{
  "type": "rollout",
  "grpo_step": 32,
  "num_questions": 32,
  "group_size": 8.0,
  "num_rollouts": 256,
  "reward": 0.11328125,
  "format_accuracy": 0.28515625,
  "answer_accuracy": 0.11328125,
  "avg_response_token_length": 777.40234375,
  "rollout_seconds": 27.57399296760559,
  "mean_reward": 0.11328125,
  "std_reward": 0.31755712628364563,
  "min_reward": 0.0,
  "max_reward": 1.0,
  "mean_advantage": 0.0,
  "std_advantage": 0.273861289024353,
  "num_groups": 32.0
}
