{
  "type": "rollout",
  "grpo_step": 17,
  "num_questions": 32,
  "group_size": 8.0,
  "num_rollouts": 256,
  "reward": 0.28125,
  "format_accuracy": 0.87109375,
  "answer_accuracy": 0.28125,
  "avg_response_token_length": 84.5234375,
  "rollout_seconds": 6.942229747772217,
  "mean_reward": 0.28125,
  "std_reward": 0.45048993825912476,
  "min_reward": 0.0,
  "max_reward": 1.0,
  "mean_advantage": -1.862645149230957e-09,
  "std_advantage": 0.40583884716033936,
  "num_groups": 32.0
}
