{
  "type": "rollout",
  "grpo_step": 17,
  "num_questions": 32,
  "group_size": 8.0,
  "num_rollouts": 256,
  "reward": 0.27734375,
  "format_accuracy": 0.84375,
  "answer_accuracy": 0.27734375,
  "avg_response_token_length": 55.12109375,
  "rollout_seconds": 6.491557836532593,
  "mean_reward": 0.27734375,
  "std_reward": 0.4485645592212677,
  "min_reward": 0.0,
  "max_reward": 1.0,
  "mean_advantage": 0.0,
  "std_advantage": 0.2995094060897827,
  "num_groups": 32.0
}
