{
  "type": "rollout",
  "grpo_step": 14,
  "num_questions": 32,
  "group_size": 8.0,
  "num_rollouts": 256,
  "reward": 0.4609375,
  "format_accuracy": 0.890625,
  "answer_accuracy": 0.4609375,
  "avg_response_token_length": 276.6015625,
  "rollout_seconds": 10.897310733795166,
  "mean_reward": 0.4609375,
  "std_reward": 0.4994482398033142,
  "min_reward": 0.0,
  "max_reward": 1.0,
  "mean_advantage": 0.0,
  "std_advantage": 0.7409566640853882,
  "num_groups": 32.0
}
