{
  "type": "rollout",
  "grpo_step": 198,
  "num_questions": 32,
  "group_size": 8.0,
  "num_rollouts": 256,
  "reward": 0.54296875,
  "format_accuracy": 0.64453125,
  "answer_accuracy": 0.54296875,
  "avg_response_token_length": 479.31640625,
  "rollout_seconds": 15.81940221786499,
  "mean_reward": 0.54296875,
  "std_reward": 0.4991260766983032,
  "min_reward": 0.0,
  "max_reward": 1.0,
  "mean_advantage": 2.7939677238464355e-09,
  "std_advantage": 0.49704891443252563,
  "num_groups": 32.0
}
