{
  "type": "rollout",
  "grpo_step": 66,
  "num_questions": 32,
  "group_size": 8.0,
  "num_rollouts": 256,
  "reward": 0.33984375,
  "format_accuracy": 0.9609375,
  "answer_accuracy": 0.33984375,
  "avg_response_token_length": 25.0234375,
  "rollout_seconds": 1.6388072967529297,
  "mean_reward": 0.33984375,
  "std_reward": 0.47458380460739136,
  "min_reward": 0.0,
  "max_reward": 1.0,
  "mean_advantage": 4.656612873077393e-10,
  "std_advantage": 0.5973784327507019,
  "num_groups": 32.0
}
