{
  "type": "rollout",
  "grpo_step": 4,
  "num_questions": 32,
  "group_size": 8.0,
  "num_rollouts": 256,
  "reward": 0.28125,
  "format_accuracy": 0.671875,
  "answer_accuracy": 0.28125,
  "avg_response_token_length": 192.91796875,
  "rollout_seconds": 9.18125319480896,
  "mean_reward": 0.28125,
  "std_reward": 0.45048993825912476,
  "min_reward": 0.0,
  "max_reward": 1.0,
  "mean_advantage": 0.0,
  "std_advantage": 0.3860305845737457,
  "num_groups": 32.0
}
