{
  "type": "rollout",
  "grpo_step": 32,
  "num_questions": 32,
  "group_size": 8.0,
  "num_rollouts": 256,
  "reward": 0.0703125,
  "format_accuracy": 0.53515625,
  "answer_accuracy": 0.0703125,
  "avg_response_token_length": 84.08203125,
  "rollout_seconds": 7.204544305801392,
  "mean_reward": 0.0703125,
  "std_reward": 0.2561737596988678,
  "min_reward": 0.0,
  "max_reward": 1.0,
  "mean_advantage": 0.0,
  "std_advantage": 0.16269783675670624,
  "num_groups": 32.0
}
