{
  "num_examples": 1024,
  "reward": 0.3017578125,
  "format_accuracy": 0.7353515625,
  "answer_accuracy": 0.3017578125,
  "temperature": 1.0,
  "top_p": 1.0,
  "max_tokens": 1024,
  "stop": "</answer>",
  "include_stop_str_in_output": true,
  "eval_seconds": 33.69971942901611
}
