{
  "num_examples": 1024,
  "reward": 0.3291015625,
  "format_accuracy": 0.8154296875,
  "answer_accuracy": 0.3291015625,
  "temperature": 1.0,
  "top_p": 1.0,
  "max_tokens": 1024,
  "stop": "</answer>",
  "include_stop_str_in_output": true,
  "eval_seconds": 31.51751446723938
}
