{
  "type": "rollout",
  "grpo_step": 135,
  "num_questions": 32,
  "group_size": 8.0,
  "num_rollouts": 256,
  "reward": 0.70703125,
  "format_accuracy": 0.9453125,
  "answer_accuracy": 0.70703125,
  "avg_response_token_length": 377.20703125,
  "rollout_seconds": 12.996460199356079,
  "mean_reward": 0.70703125,
  "std_reward": 0.45601576566696167,
  "min_reward": 0.0,
  "max_reward": 1.0,
  "mean_advantage": 0.0,
  "std_advantage": 0.4383559226989746,
  "num_groups": 32.0
}
