{
  "type": "rollout",
  "grpo_step": 61,
  "num_questions": 32,
  "group_size": 8.0,
  "num_rollouts": 256,
  "reward": 0.7734375,
  "format_accuracy": 0.984375,
  "answer_accuracy": 0.7734375,
  "avg_response_token_length": 300.70703125,
  "rollout_seconds": 11.213713884353638,
  "mean_reward": 0.7734375,
  "std_reward": 0.41942712664604187,
  "min_reward": 0.0,
  "max_reward": 1.0,
  "mean_advantage": 1.862645149230957e-09,
  "std_advantage": 0.5739424824714661,
  "num_groups": 32.0
}
