{
  "type": "rollout",
  "ei_step": 4,
  "num_questions": 1024,
  "rollouts_per_question": 4,
  "num_rollouts": 4096,
  "num_accepted": 926,
  "accepted_fraction": 0.22607421875,
  "question_coverage_with_accept": 0.513671875,
  "reward": 0.22607421875,
  "format_accuracy": 0.753173828125,
  "answer_accuracy": 0.22607421875,
  "avg_token_entropy": 1.0017793774604797,
  "avg_accepted_token_entropy": 0.7605365398893088,
  "avg_response_token_length": 271.191162109375,
  "avg_accepted_response_token_length": 123.829373650108,
  "rollout_seconds": 178.64808058738708
}
