{
  "type": "rollout",
  "grpo_step": 145,
  "num_questions": 32,
  "group_size": 8.0,
  "num_rollouts": 256,
  "reward": 0.140625,
  "format_accuracy": 0.53125,
  "answer_accuracy": 0.140625,
  "avg_response_token_length": 470.17578125,
  "rollout_seconds": 15.801910400390625,
  "mean_reward": 0.140625,
  "std_reward": 0.3483152687549591,
  "min_reward": 0.0,
  "max_reward": 1.0,
  "mean_advantage": 0.0,
  "std_advantage": 0.28005602955818176,
  "num_groups": 32.0
}
