{
  "type": "rollout",
  "ei_step": 1,
  "num_questions": 1024,
  "rollouts_per_question": 4,
  "num_rollouts": 4096,
  "num_accepted": 110,
  "accepted_fraction": 0.02685546875,
  "question_coverage_with_accept": 0.099609375,
  "reward": 0.02685546875,
  "format_accuracy": 0.1689453125,
  "answer_accuracy": 0.02685546875,
  "avg_token_entropy": 0.9891923666000366,
  "avg_accepted_token_entropy": 0.7227006392045454,
  "avg_response_token_length": 337.782958984375,
  "avg_accepted_response_token_length": 130.8909090909091,
  "rollout_seconds": 203.66612648963928
}
