{
  "type": "rollout",
  "grpo_step": 76,
  "num_questions": 32,
  "group_size": 8.0,
  "num_rollouts": 256,
  "reward": 0.671875,
  "format_accuracy": 0.9296875,
  "answer_accuracy": 0.671875,
  "avg_response_token_length": 288.73828125,
  "rollout_seconds": 16.63771891593933,
  "mean_reward": 0.671875,
  "std_reward": 0.47045034170150757,
  "min_reward": 0.0,
  "max_reward": 1.0,
  "mean_advantage": 0.0,
  "std_advantage": 0.7029333114624023,
  "num_groups": 32.0
}
