{
  "type": "rollout",
  "grpo_step": 76,
  "num_questions": 32,
  "group_size": 8.0,
  "num_rollouts": 256,
  "reward": 0.7265625,
  "format_accuracy": 0.9453125,
  "answer_accuracy": 0.7265625,
  "avg_response_token_length": 368.53515625,
  "rollout_seconds": 10.092575788497925,
  "mean_reward": 0.7265625,
  "std_reward": 0.44659659266471863,
  "min_reward": 0.0,
  "max_reward": 1.0,
  "mean_advantage": 4.6566128730773926e-09,
  "std_advantage": 0.5973784327507019,
  "num_groups": 32.0
}
