{
  "type": "rollout",
  "grpo_step": 164,
  "num_questions": 32,
  "group_size": 8.0,
  "num_rollouts": 256,
  "reward": 0.25390625,
  "format_accuracy": 0.515625,
  "answer_accuracy": 0.25390625,
  "avg_response_token_length": 470.45703125,
  "rollout_seconds": 15.90145754814148,
  "mean_reward": 0.25390625,
  "std_reward": 0.4360972046852112,
  "min_reward": 0.0,
  "max_reward": 1.0,
  "mean_advantage": 0.0,
  "std_advantage": 0.29621797800064087,
  "num_groups": 32.0
}
