{
  "type": "rollout",
  "grpo_step": 141,
  "num_questions": 32,
  "group_size": 8.0,
  "num_rollouts": 256,
  "reward": 0.8203125,
  "format_accuracy": 0.94921875,
  "answer_accuracy": 0.8203125,
  "avg_response_token_length": 507.05859375,
  "rollout_seconds": 16.641899347305298,
  "mean_reward": 0.8203125,
  "std_reward": 0.38467901945114136,
  "min_reward": 0.0,
  "max_reward": 1.0,
  "mean_advantage": 0.0,
  "std_advantage": 0.21236298978328705,
  "num_groups": 32.0
}
