{
  "type": "rollout",
  "grpo_step": 6,
  "num_questions": 32,
  "group_size": 8.0,
  "num_rollouts": 256,
  "reward": 0.1640625,
  "format_accuracy": 0.8359375,
  "answer_accuracy": 0.1640625,
  "avg_response_token_length": 48.640625,
  "rollout_seconds": 6.1725640296936035,
  "mean_reward": 0.1640625,
  "std_reward": 0.3710577189922333,
  "min_reward": 0.0,
  "max_reward": 1.0,
  "mean_advantage": 1.862645149230957e-09,
  "std_advantage": 0.5973784327507019,
  "num_groups": 32.0
}
