{
  "type": "rollout",
  "grpo_step": 183,
  "num_questions": 32,
  "group_size": 8.0,
  "num_rollouts": 256,
  "reward": 0.7265625,
  "format_accuracy": 0.9140625,
  "answer_accuracy": 0.7265625,
  "avg_response_token_length": 496.31640625,
  "rollout_seconds": 16.10278582572937,
  "mean_reward": 0.7265625,
  "std_reward": 0.44659659266471863,
  "min_reward": 0.0,
  "max_reward": 1.0,
  "mean_advantage": 1.3969838619232178e-09,
  "std_advantage": 0.4058387279510498,
  "num_groups": 32.0
}
