{
  "type": "rollout",
  "grpo_step": 177,
  "num_questions": 32,
  "group_size": 8.0,
  "num_rollouts": 256,
  "reward": 0.5078125,
  "format_accuracy": 0.6640625,
  "answer_accuracy": 0.5078125,
  "avg_response_token_length": 459.1953125,
  "rollout_seconds": 15.964503526687622,
  "mean_reward": 0.5078125,
  "std_reward": 0.5009182691574097,
  "min_reward": 0.0,
  "max_reward": 1.0,
  "mean_advantage": 1.862645149230957e-09,
  "std_advantage": 0.5495083928108215,
  "num_groups": 32.0
}
