{
  "type": "rollout",
  "grpo_step": 6,
  "num_questions": 32,
  "group_size": 8.0,
  "num_rollouts": 256,
  "reward": 0.27734375,
  "format_accuracy": 0.85546875,
  "answer_accuracy": 0.27734375,
  "avg_response_token_length": 265.37109375,
  "rollout_seconds": 11.100337982177734,
  "mean_reward": 0.27734375,
  "std_reward": 0.4485645592212677,
  "min_reward": 0.0,
  "max_reward": 1.0,
  "mean_advantage": 0.0,
  "std_advantage": 0.7029332518577576,
  "num_groups": 32.0
}
