{
  "type": "rollout",
  "grpo_step": 163,
  "num_questions": 32,
  "group_size": 8.0,
  "num_rollouts": 256,
  "reward": 0.828125,
  "format_accuracy": 0.96484375,
  "answer_accuracy": 0.828125,
  "avg_response_token_length": 414.61328125,
  "rollout_seconds": 13.891313076019287,
  "mean_reward": 0.828125,
  "std_reward": 0.3780107796192169,
  "min_reward": 0.0,
  "max_reward": 1.0,
  "mean_advantage": -4.6566128730773926e-09,
  "std_advantage": 0.549508273601532,
  "num_groups": 32.0
}
