{
  "type": "rollout",
  "grpo_step": 17,
  "num_questions": 32,
  "group_size": 8.0,
  "num_rollouts": 256,
  "reward": 0.59375,
  "format_accuracy": 0.8203125,
  "answer_accuracy": 0.59375,
  "avg_response_token_length": 351.40234375,
  "rollout_seconds": 12.542814493179321,
  "mean_reward": 0.59375,
  "std_reward": 0.49209436774253845,
  "min_reward": 0.0,
  "max_reward": 1.0,
  "mean_advantage": -4.190951585769653e-09,
  "std_advantage": 0.7592548727989197,
  "num_groups": 32.0
}
