{
  "type": "rollout",
  "grpo_step": 297,
  "num_questions": 32,
  "group_size": 8.0,
  "num_rollouts": 256,
  "reward": 0.828125,
  "format_accuracy": 0.984375,
  "answer_accuracy": 0.828125,
  "avg_response_token_length": 333.125,
  "rollout_seconds": 12.067886352539062,
  "mean_reward": 0.828125,
  "std_reward": 0.3780107796192169,
  "min_reward": 0.0,
  "max_reward": 1.0,
  "mean_advantage": -9.313225746154785e-10,
  "std_advantage": 0.549508273601532,
  "num_groups": 32.0
}
