{
  "type": "rollout",
  "grpo_step": 178,
  "num_questions": 32,
  "group_size": 8.0,
  "num_rollouts": 256,
  "reward": 0.59375,
  "format_accuracy": 0.7578125,
  "answer_accuracy": 0.59375,
  "avg_response_token_length": 381.58984375,
  "rollout_seconds": 13.710271120071411,
  "mean_reward": 0.59375,
  "std_reward": 0.49209436774253845,
  "min_reward": 0.0,
  "max_reward": 1.0,
  "mean_advantage": 0.0,
  "std_advantage": 0.5495083928108215,
  "num_groups": 32.0
}
