{
  "type": "rollout",
  "grpo_step": 382,
  "num_questions": 32,
  "group_size": 8.0,
  "num_rollouts": 256,
  "reward": 0.8515625,
  "format_accuracy": 0.9921875,
  "answer_accuracy": 0.8515625,
  "avg_response_token_length": 377.1328125,
  "rollout_seconds": 13.289523601531982,
  "mean_reward": 0.8515625,
  "std_reward": 0.3562295734882355,
  "min_reward": 0.0,
  "max_reward": 1.0,
  "mean_advantage": -9.313225746154785e-10,
  "std_advantage": 0.4970490038394928,
  "num_groups": 32.0
}
