{
  "type": "rollout",
  "grpo_step": 39,
  "num_questions": 32,
  "group_size": 8.0,
  "num_rollouts": 256,
  "reward": 0.64453125,
  "format_accuracy": 0.9453125,
  "answer_accuracy": 0.64453125,
  "avg_response_token_length": 233.71875,
  "rollout_seconds": 19.10384511947632,
  "mean_reward": 0.64453125,
  "std_reward": 0.4795927405357361,
  "min_reward": 0.0,
  "max_reward": 1.0,
  "mean_advantage": -7.450580596923828e-09,
  "std_advantage": 0.6416873335838318,
  "num_groups": 32.0
}
