{
  "type": "rollout",
  "grpo_step": 121,
  "num_questions": 32,
  "group_size": 8.0,
  "num_rollouts": 256,
  "reward": 0.26953125,
  "format_accuracy": 0.91015625,
  "answer_accuracy": 0.26953125,
  "avg_response_token_length": 42.984375,
  "rollout_seconds": 6.012908220291138,
  "mean_reward": 0.26953125,
  "std_reward": 0.4445854723453522,
  "min_reward": 0.0,
  "max_reward": 1.0,
  "mean_advantage": -1.3969838619232178e-09,
  "std_advantage": 0.6199288368225098,
  "num_groups": 32.0
}
