{
  "type": "rollout",
  "grpo_step": 15,
  "num_questions": 32,
  "group_size": 8.0,
  "num_rollouts": 256,
  "reward": 0.359375,
  "format_accuracy": 0.953125,
  "answer_accuracy": 0.359375,
  "avg_response_token_length": 249.48046875,
  "rollout_seconds": 11.67029356956482,
  "mean_reward": 0.359375,
  "std_reward": 0.4807571768760681,
  "min_reward": 0.0,
  "max_reward": 1.0,
  "mean_advantage": 3.841705620288849e-09,
  "std_advantage": 0.6199289560317993,
  "num_groups": 32.0
}
