{
  "type": "rollout",
  "grpo_step": 151,
  "num_questions": 32,
  "group_size": 8.0,
  "num_rollouts": 256,
  "reward": 0.5390625,
  "format_accuracy": 0.74609375,
  "answer_accuracy": 0.5390625,
  "avg_response_token_length": 531.265625,
  "rollout_seconds": 17.468311548233032,
  "mean_reward": 0.5390625,
  "std_reward": 0.4994482398033142,
  "min_reward": 0.0,
  "max_reward": 1.0,
  "mean_advantage": 0.0,
  "std_advantage": 0.2970442771911621,
  "num_groups": 32.0
}
