{
  "type": "rollout",
  "grpo_step": 139,
  "num_questions": 32,
  "group_size": 8.0,
  "num_rollouts": 256,
  "reward": 0.578125,
  "format_accuracy": 0.6796875,
  "answer_accuracy": 0.578125,
  "avg_response_token_length": 451.3359375,
  "rollout_seconds": 15.11669397354126,
  "mean_reward": 0.578125,
  "std_reward": 0.49482616782188416,
  "min_reward": 0.0,
  "max_reward": 1.0,
  "mean_advantage": -2.3283064365386963e-09,
  "std_advantage": 0.5495082139968872,
  "num_groups": 32.0
}
