{
  "type": "rollout",
  "grpo_step": 93,
  "num_questions": 32,
  "group_size": 8.0,
  "num_rollouts": 256,
  "reward": 0.69921875,
  "format_accuracy": 0.96484375,
  "answer_accuracy": 0.69921875,
  "avg_response_token_length": 289.15234375,
  "rollout_seconds": 11.308080196380615,
  "mean_reward": 0.69921875,
  "std_reward": 0.45949608087539673,
  "min_reward": 0.0,
  "max_reward": 1.0,
  "mean_advantage": 0.0,
  "std_advantage": 0.20170839130878448,
  "num_groups": 32.0
}
