{
  "type": "rollout",
  "grpo_step": 179,
  "num_questions": 32,
  "group_size": 8.0,
  "num_rollouts": 256,
  "reward": 0.30078125,
  "format_accuracy": 1.0,
  "answer_accuracy": 0.30078125,
  "avg_response_token_length": 18.4296875,
  "rollout_seconds": 1.4833006858825684,
  "mean_reward": 0.30078125,
  "std_reward": 0.45949608087539673,
  "min_reward": 0.0,
  "max_reward": 1.0,
  "mean_advantage": -4.656612873077393e-10,
  "std_advantage": 0.4058387577533722,
  "num_groups": 32.0
}
