{
  "type": "rollout",
  "grpo_step": 96,
  "num_questions": 32,
  "group_size": 8.0,
  "num_rollouts": 256,
  "reward": 0.296875,
  "format_accuracy": 1.0,
  "answer_accuracy": 0.296875,
  "avg_response_token_length": 15.98828125,
  "rollout_seconds": 1.3111135959625244,
  "mean_reward": 0.296875,
  "std_reward": 0.45777595043182373,
  "min_reward": 0.0,
  "max_reward": 1.0,
  "mean_advantage": -1.862645149230957e-09,
  "std_advantage": 0.23431110382080078,
  "num_groups": 32.0
}
