{
  "type": "rollout",
  "grpo_step": 17,
  "num_questions": 32,
  "group_size": 8.0,
  "num_rollouts": 256,
  "reward": 0.0703125,
  "format_accuracy": 0.1015625,
  "answer_accuracy": 0.0703125,
  "avg_response_token_length": 746.46875,
  "rollout_seconds": 21.8934588432312,
  "mean_reward": 0.0703125,
  "std_reward": 0.2561737596988678,
  "min_reward": 0.0,
  "max_reward": 1.0,
  "mean_advantage": 2.7939677238464355e-09,
  "std_advantage": 0.5239354968070984,
  "num_groups": 32.0
}
