{
  "type": "rollout",
  "grpo_step": 61,
  "num_questions": 32,
  "group_size": 8.0,
  "num_rollouts": 256,
  "reward": 0.82421875,
  "format_accuracy": 0.98828125,
  "answer_accuracy": 0.82421875,
  "avg_response_token_length": 496.84765625,
  "rollout_seconds": 15.652407884597778,
  "mean_reward": 0.82421875,
  "std_reward": 0.38137954473495483,
  "min_reward": 0.0,
  "max_reward": 1.0,
  "mean_advantage": -2.3283064365386963e-09,
  "std_advantage": 0.49704882502555847,
  "num_groups": 32.0
}
