{
  "type": "rollout",
  "grpo_step": 61,
  "num_questions": 32,
  "group_size": 8.0,
  "num_rollouts": 256,
  "reward": 0.8203125,
  "format_accuracy": 0.97265625,
  "answer_accuracy": 0.8203125,
  "avg_response_token_length": 499.09765625,
  "rollout_seconds": 30.857105016708374,
  "mean_reward": 0.8203125,
  "std_reward": 0.38467901945114136,
  "min_reward": 0.0,
  "max_reward": 1.0,
  "mean_advantage": 0.0,
  "std_advantage": 0.24852506816387177,
  "num_groups": 32.0
}
