{
  "type": "rollout",
  "grpo_step": 142,
  "num_questions": 32,
  "group_size": 8.0,
  "num_rollouts": 256,
  "reward": 0.26953125,
  "format_accuracy": 0.58203125,
  "answer_accuracy": 0.26953125,
  "avg_response_token_length": 389.375,
  "rollout_seconds": 14.07699465751648,
  "mean_reward": 0.26953125,
  "std_reward": 0.4445854723453522,
  "min_reward": 0.0,
  "max_reward": 1.0,
  "mean_advantage": 0.0,
  "std_advantage": 0.3507694602012634,
  "num_groups": 32.0
}
