{
  "type": "rollout",
  "grpo_step": 12,
  "num_questions": 32,
  "group_size": 8.0,
  "num_rollouts": 256,
  "reward": 0.453125,
  "format_accuracy": 0.86328125,
  "answer_accuracy": 0.453125,
  "avg_response_token_length": 168.15625,
  "rollout_seconds": 8.9048330783844,
  "mean_reward": 0.453125,
  "std_reward": 0.4987730085849762,
  "min_reward": 0.0,
  "max_reward": 1.0,
  "mean_advantage": 3.725290298461914e-09,
  "std_advantage": 0.8448207974433899,
  "num_groups": 32.0
}
