{
  "type": "rollout",
  "grpo_step": 279,
  "num_questions": 32,
  "group_size": 8.0,
  "num_rollouts": 256,
  "reward": 0.6875,
  "format_accuracy": 0.921875,
  "answer_accuracy": 0.6875,
  "avg_response_token_length": 461.984375,
  "rollout_seconds": 11.55488657951355,
  "mean_reward": 0.6875,
  "std_reward": 0.4644203782081604,
  "min_reward": 0.0,
  "max_reward": 1.0,
  "mean_advantage": -1.862645149230957e-09,
  "std_advantage": 0.5495082139968872,
  "num_groups": 32.0
}
