{
  "type": "rollout",
  "grpo_step": 149,
  "num_questions": 32,
  "group_size": 8.0,
  "num_rollouts": 256,
  "reward": 0.515625,
  "format_accuracy": 0.74609375,
  "answer_accuracy": 0.515625,
  "avg_response_token_length": 382.5859375,
  "rollout_seconds": 13.655721187591553,
  "mean_reward": 0.515625,
  "std_reward": 0.5007347464561462,
  "min_reward": 0.0,
  "max_reward": 1.0,
  "mean_advantage": 2.7939677238464355e-09,
  "std_advantage": 0.6416875123977661,
  "num_groups": 32.0
}
