{
  "type": "rollout",
  "grpo_step": 166,
  "num_questions": 32,
  "group_size": 8.0,
  "num_rollouts": 256,
  "reward": 0.5546875,
  "format_accuracy": 0.69140625,
  "answer_accuracy": 0.5546875,
  "avg_response_token_length": 498.140625,
  "rollout_seconds": 15.948587656021118,
  "mean_reward": 0.5546875,
  "std_reward": 0.49797382950782776,
  "min_reward": 0.0,
  "max_reward": 1.0,
  "mean_advantage": -2.7939677238464355e-09,
  "std_advantage": 0.6416875123977661,
  "num_groups": 32.0
}
