{
  "type": "rollout",
  "grpo_step": 178,
  "num_questions": 32,
  "group_size": 8.0,
  "num_rollouts": 256,
  "reward": 0.5234375,
  "format_accuracy": 0.9296875,
  "answer_accuracy": 0.5234375,
  "avg_response_token_length": 235.0625,
  "rollout_seconds": 10.78766679763794,
  "mean_reward": 0.5234375,
  "std_reward": 0.5004287362098694,
  "min_reward": 0.0,
  "max_reward": 1.0,
  "mean_advantage": 9.313225746154785e-10,
  "std_advantage": 0.5973786115646362,
  "num_groups": 32.0
}
