{
  "type": "rollout",
  "grpo_step": 41,
  "num_questions": 32,
  "group_size": 8.0,
  "num_rollouts": 256,
  "reward": 0.6484375,
  "format_accuracy": 0.92578125,
  "answer_accuracy": 0.6484375,
  "avg_response_token_length": 269.1171875,
  "rollout_seconds": 10.920626878738403,
  "mean_reward": 0.6484375,
  "std_reward": 0.47839346528053284,
  "min_reward": 0.0,
  "max_reward": 1.0,
  "mean_advantage": 0.0,
  "std_advantage": 0.7771220803260803,
  "num_groups": 32.0
}
