{
  "type": "rollout",
  "grpo_step": 17,
  "num_questions": 32,
  "group_size": 8.0,
  "num_rollouts": 256,
  "reward": 0.640625,
  "format_accuracy": 0.90234375,
  "answer_accuracy": 0.640625,
  "avg_response_token_length": 364.84375,
  "rollout_seconds": 14.61178994178772,
  "mean_reward": 0.640625,
  "std_reward": 0.4807571768760681,
  "min_reward": 0.0,
  "max_reward": 1.0,
  "mean_advantage": 5.587935447692871e-09,
  "std_advantage": 0.7029333710670471,
  "num_groups": 32.0
}
