{
  "type": "rollout",
  "grpo_step": 44,
  "num_questions": 32,
  "group_size": 8.0,
  "num_rollouts": 256,
  "reward": 0.65625,
  "format_accuracy": 0.90625,
  "answer_accuracy": 0.65625,
  "avg_response_token_length": 530.04296875,
  "rollout_seconds": 16.301897525787354,
  "mean_reward": 0.65625,
  "std_reward": 0.47588926553726196,
  "min_reward": 0.0,
  "max_reward": 1.0,
  "mean_advantage": -7.450580596923828e-09,
  "std_advantage": 0.6416874527931213,
  "num_groups": 32.0
}
