{
  "type": "rollout",
  "grpo_step": 321,
  "num_questions": 32,
  "group_size": 8.0,
  "num_rollouts": 256,
  "reward": 0.83984375,
  "format_accuracy": 0.953125,
  "answer_accuracy": 0.83984375,
  "avg_response_token_length": 379.53125,
  "rollout_seconds": 11.798537254333496,
  "mean_reward": 0.83984375,
  "std_reward": 0.36746931076049805,
  "min_reward": 0.0,
  "max_reward": 1.0,
  "mean_advantage": -2.7939677238464355e-09,
  "std_advantage": 0.4970489740371704,
  "num_groups": 32.0
}
