{
  "type": "rollout",
  "grpo_step": 11,
  "num_questions": 32,
  "group_size": 8.0,
  "num_rollouts": 256,
  "reward": 0.23046875,
  "format_accuracy": 0.9140625,
  "answer_accuracy": 0.23046875,
  "avg_response_token_length": 96.03515625,
  "rollout_seconds": 7.078013896942139,
  "mean_reward": 0.23046875,
  "std_reward": 0.4219578206539154,
  "min_reward": 0.0,
  "max_reward": 1.0,
  "mean_advantage": 0.0,
  "std_advantage": 0.5739427804946899,
  "num_groups": 32.0
}
