{
  "type": "rollout",
  "grpo_step": 147,
  "num_questions": 32,
  "group_size": 8.0,
  "num_rollouts": 256,
  "reward": 0.68359375,
  "format_accuracy": 0.9375,
  "answer_accuracy": 0.68359375,
  "avg_response_token_length": 373.60546875,
  "rollout_seconds": 27.262895107269287,
  "mean_reward": 0.68359375,
  "std_reward": 0.4659844934940338,
  "min_reward": 0.0,
  "max_reward": 1.0,
  "mean_advantage": -1.862645149230957e-09,
  "std_advantage": 0.5739425420761108,
  "num_groups": 32.0
}
