{
  "type": "rollout",
  "grpo_step": 34,
  "num_questions": 32,
  "group_size": 8.0,
  "num_rollouts": 256,
  "reward": 0.546875,
  "format_accuracy": 0.96484375,
  "answer_accuracy": 0.546875,
  "avg_response_token_length": 250.41796875,
  "rollout_seconds": 10.52374792098999,
  "mean_reward": 0.546875,
  "std_reward": 0.4987730085849762,
  "min_reward": 0.0,
  "max_reward": 1.0,
  "mean_advantage": -4.6566128730773926e-09,
  "std_advantage": 0.7221952676773071,
  "num_groups": 32.0
}
