{
  "type": "rollout",
  "grpo_step": 70,
  "num_questions": 32,
  "group_size": 8.0,
  "num_rollouts": 256,
  "reward": 0.19921875,
  "format_accuracy": 0.86328125,
  "answer_accuracy": 0.19921875,
  "avg_response_token_length": 28.26171875,
  "rollout_seconds": 5.566607475280762,
  "mean_reward": 0.19921875,
  "std_reward": 0.40019527077674866,
  "min_reward": 0.0,
  "max_reward": 1.0,
  "mean_advantage": 5.587935447692871e-09,
  "std_advantage": 0.6199289560317993,
  "num_groups": 32.0
}
