{
  "type": "rollout",
  "grpo_step": 70,
  "num_questions": 32,
  "group_size": 8.0,
  "num_rollouts": 256,
  "reward": 0.33203125,
  "format_accuracy": 0.9296875,
  "answer_accuracy": 0.33203125,
  "avg_response_token_length": 20.65625,
  "rollout_seconds": 1.3987653255462646,
  "mean_reward": 0.33203125,
  "std_reward": 0.47186464071273804,
  "min_reward": 0.0,
  "max_reward": 1.0,
  "mean_advantage": -1.862645149230957e-09,
  "std_advantage": 0.5239354372024536,
  "num_groups": 32.0
}
