{
  "type": "rollout",
  "ei_step": 2,
  "num_questions": 1024,
  "rollouts_per_question": 4,
  "num_rollouts": 4096,
  "num_accepted": 838,
  "accepted_fraction": 0.20458984375,
  "question_coverage_with_accept": 0.4853515625,
  "reward": 0.20458984375,
  "format_accuracy": 0.810791015625,
  "answer_accuracy": 0.20458984375,
  "avg_token_entropy": 1.0057079195976257,
  "avg_accepted_token_entropy": 0.7905302571226134,
  "avg_response_token_length": 155.6494140625,
  "avg_accepted_response_token_length": 104.23389021479714,
  "rollout_seconds": 110.96946310997009
}
