{
  "num_examples": 3199,
  "reward": 0.23538605814316974,
  "format_accuracy": 0.8043138480775243,
  "answer_accuracy": 0.23538605814316974,
  "temperature": 1.0,
  "top_p": 1.0,
  "max_tokens": 1024,
  "stop": "</answer>",
  "include_stop_str_in_output": true,
  "eval_seconds": 117.60955834388733
}
