{
  "num_examples": 3199,
  "reward": 0.15848702719599875,
  "format_accuracy": 0.6652078774617067,
  "answer_accuracy": 0.15848702719599875,
  "temperature": 1.0,
  "top_p": 1.0,
  "max_tokens": 1024,
  "stop": "</answer>",
  "include_stop_str_in_output": true,
  "eval_seconds": 121.00100374221802
}
