{
  "num_examples": 1024,
  "reward": 0.6240234375,
  "format_accuracy": 0.9287109375,
  "answer_accuracy": 0.6240234375,
  "temperature": 1.0,
  "top_p": 1.0,
  "max_tokens": 1024,
  "stop": "</answer>",
  "include_stop_str_in_output": true,
  "eval_seconds": 34.820595026016235
}
