{
  "type": "rollout",
  "grpo_step": 32,
  "num_questions": 32,
  "group_size": 8.0,
  "num_rollouts": 256,
  "reward": 0.60546875,
  "format_accuracy": 0.89453125,
  "answer_accuracy": 0.60546875,
  "avg_response_token_length": 309.9609375,
  "rollout_seconds": 11.957723140716553,
  "mean_reward": 0.60546875,
  "std_reward": 0.48970717191696167,
  "min_reward": 0.0,
  "max_reward": 1.0,
  "mean_advantage": -2.3283064365386963e-09,
  "std_advantage": 0.6199288368225098,
  "num_groups": 32.0
}
