{
  "type": "rollout",
  "grpo_step": 164,
  "num_questions": 32,
  "group_size": 8.0,
  "num_rollouts": 256,
  "reward": 0.234375,
  "format_accuracy": 0.80078125,
  "answer_accuracy": 0.234375,
  "avg_response_token_length": 28.5546875,
  "rollout_seconds": 5.604506731033325,
  "mean_reward": 0.234375,
  "std_reward": 0.42443734407424927,
  "min_reward": 0.0,
  "max_reward": 1.0,
  "mean_advantage": -2.7939677238464355e-09,
  "std_advantage": 0.6627320051193237,
  "num_groups": 32.0
}
