{
  "type": "rollout",
  "grpo_step": 51,
  "num_questions": 32,
  "group_size": 8.0,
  "num_rollouts": 256,
  "reward": 0.55859375,
  "format_accuracy": 0.90625,
  "answer_accuracy": 0.55859375,
  "avg_response_token_length": 255.69140625,
  "rollout_seconds": 10.952546834945679,
  "mean_reward": 0.55859375,
  "std_reward": 0.4975275993347168,
  "min_reward": 0.0,
  "max_reward": 1.0,
  "mean_advantage": 0.0,
  "std_advantage": 0.3590565025806427,
  "num_groups": 32.0
}
