{
  "type": "rollout",
  "grpo_step": 9,
  "num_questions": 32,
  "group_size": 8.0,
  "num_rollouts": 256,
  "reward": 0.328125,
  "format_accuracy": 0.9609375,
  "answer_accuracy": 0.328125,
  "avg_response_token_length": 64.38671875,
  "rollout_seconds": 7.507490634918213,
  "mean_reward": 0.328125,
  "std_reward": 0.47045034170150757,
  "min_reward": 0.0,
  "max_reward": 1.0,
  "mean_advantage": 0.0,
  "std_advantage": 0.740956723690033,
  "num_groups": 32.0
}
