{
  "type": "rollout",
  "grpo_step": 119,
  "num_questions": 32,
  "group_size": 8.0,
  "num_rollouts": 256,
  "reward": 0.390625,
  "format_accuracy": 1.0,
  "answer_accuracy": 0.390625,
  "avg_response_token_length": 16.66796875,
  "rollout_seconds": 1.5115933418273926,
  "mean_reward": 0.390625,
  "std_reward": 0.48884618282318115,
  "min_reward": 0.0,
  "max_reward": 1.0,
  "mean_advantage": 0.0,
  "std_advantage": 0.3313659429550171,
  "num_groups": 32.0
}
