{
  "type": "rollout",
  "grpo_step": 73,
  "num_questions": 32,
  "group_size": 8.0,
  "num_rollouts": 256,
  "reward": 0.6875,
  "format_accuracy": 0.90234375,
  "answer_accuracy": 0.6875,
  "avg_response_token_length": 539.98828125,
  "rollout_seconds": 16.724485397338867,
  "mean_reward": 0.6875,
  "std_reward": 0.4644203782081604,
  "min_reward": 0.0,
  "max_reward": 1.0,
  "mean_advantage": -1.1175870895385742e-08,
  "std_advantage": 0.6627318263053894,
  "num_groups": 32.0
}
