{
  "type": "rollout",
  "grpo_step": 98,
  "num_questions": 32,
  "group_size": 8.0,
  "num_rollouts": 256,
  "reward": 0.5234375,
  "format_accuracy": 0.95703125,
  "answer_accuracy": 0.5234375,
  "avg_response_token_length": 279.3671875,
  "rollout_seconds": 10.8708336353302,
  "mean_reward": 0.5234375,
  "std_reward": 0.5004287362098694,
  "min_reward": 0.0,
  "max_reward": 1.0,
  "mean_advantage": 5.587935447692871e-09,
  "std_advantage": 0.5739426612854004,
  "num_groups": 32.0
}
