{
  "type": "rollout",
  "grpo_step": 67,
  "num_questions": 32,
  "group_size": 8.0,
  "num_rollouts": 256,
  "reward": 0.53515625,
  "format_accuracy": 0.91796875,
  "answer_accuracy": 0.53515625,
  "avg_response_token_length": 340.34375,
  "rollout_seconds": 12.8727707862854,
  "mean_reward": 0.53515625,
  "std_reward": 0.49973952770233154,
  "min_reward": 0.0,
  "max_reward": 1.0,
  "mean_advantage": -5.587935447692871e-09,
  "std_advantage": 0.6416875123977661,
  "num_groups": 32.0
}
