{
  "type": "rollout",
  "grpo_step": 138,
  "num_questions": 32,
  "group_size": 8.0,
  "num_rollouts": 256,
  "reward": 0.64453125,
  "format_accuracy": 0.87890625,
  "answer_accuracy": 0.64453125,
  "avg_response_token_length": 479.6796875,
  "rollout_seconds": 15.887733459472656,
  "mean_reward": 0.64453125,
  "std_reward": 0.4795927405357361,
  "min_reward": 0.0,
  "max_reward": 1.0,
  "mean_advantage": -1.3969838619232178e-09,
  "std_advantage": 0.49704885482788086,
  "num_groups": 32.0
}
