{
  "type": "rollout",
  "ei_step": 3,
  "num_questions": 2048,
  "rollouts_per_question": 4,
  "num_rollouts": 8192,
  "num_accepted": 2464,
  "accepted_fraction": 0.30078125,
  "question_coverage_with_accept": 0.6142578125,
  "reward": 0.30078125,
  "format_accuracy": 0.83837890625,
  "answer_accuracy": 0.30078125,
  "avg_token_entropy": 0.6778461635112762,
  "avg_accepted_token_entropy": 0.5585200322138799,
  "avg_response_token_length": 200.2734375,
  "avg_accepted_response_token_length": 139.47767857142858,
  "rollout_seconds": 296.77372574806213
}
