{
  "type": "rollout",
  "ei_step": 3,
  "num_questions": 2048,
  "rollouts_per_question": 4,
  "num_rollouts": 8192,
  "num_accepted": 1840,
  "accepted_fraction": 0.224609375,
  "question_coverage_with_accept": 0.53515625,
  "reward": 0.224609375,
  "format_accuracy": 0.7421875,
  "answer_accuracy": 0.224609375,
  "avg_token_entropy": 0.9488775581121445,
  "avg_accepted_token_entropy": 0.7651269000509511,
  "avg_response_token_length": 256.180908203125,
  "avg_accepted_response_token_length": 154.0929347826087,
  "rollout_seconds": 339.0518171787262
}
