{
  "type": "rollout",
  "grpo_step": 197,
  "num_questions": 32,
  "group_size": 8.0,
  "num_rollouts": 256,
  "reward": 0.35546875,
  "format_accuracy": 0.9921875,
  "answer_accuracy": 0.35546875,
  "avg_response_token_length": 21.95703125,
  "rollout_seconds": 5.286289691925049,
  "mean_reward": 0.35546875,
  "std_reward": 0.4795927405357361,
  "min_reward": 0.0,
  "max_reward": 1.0,
  "mean_advantage": -3.725290298461914e-09,
  "std_advantage": 0.5495081543922424,
  "num_groups": 32.0
}
