{
  "type": "rollout",
  "ei_step": 4,
  "num_questions": 512,
  "rollouts_per_question": 2,
  "num_rollouts": 1024,
  "num_accepted": 222,
  "accepted_fraction": 0.216796875,
  "question_coverage_with_accept": 0.310546875,
  "reward": 0.216796875,
  "format_accuracy": 0.908203125,
  "answer_accuracy": 0.216796875,
  "avg_token_entropy": 1.0066537857055664,
  "avg_accepted_token_entropy": 0.856053807713964,
  "avg_response_token_length": 47.9736328125,
  "avg_accepted_response_token_length": 41.15765765765766,
  "rollout_seconds": 13.486008644104004
}
