{
  "type": "rollout",
  "grpo_step": 13,
  "num_questions": 32,
  "group_size": 8.0,
  "num_rollouts": 256,
  "reward": 0.2734375,
  "format_accuracy": 0.921875,
  "answer_accuracy": 0.2734375,
  "avg_response_token_length": 82.67578125,
  "rollout_seconds": 7.055385112762451,
  "mean_reward": 0.2734375,
  "std_reward": 0.44659659266471863,
  "min_reward": 0.0,
  "max_reward": 1.0,
  "mean_advantage": -9.313225746154785e-09,
  "std_advantage": 0.7409569621086121,
  "num_groups": 32.0
}
