{
  "type": "rollout",
  "grpo_step": 161,
  "num_questions": 32,
  "group_size": 8.0,
  "num_rollouts": 256,
  "reward": 0.77734375,
  "format_accuracy": 0.8984375,
  "answer_accuracy": 0.77734375,
  "avg_response_token_length": 546.20703125,
  "rollout_seconds": 16.943479299545288,
  "mean_reward": 0.77734375,
  "std_reward": 0.41684433817863464,
  "min_reward": 0.0,
  "max_reward": 1.0,
  "mean_advantage": -6.984919309616089e-10,
  "std_advantage": 0.4970490038394928,
  "num_groups": 32.0
}
