{
  "type": "rollout",
  "grpo_step": 46,
  "num_questions": 32,
  "group_size": 8.0,
  "num_rollouts": 256,
  "reward": 0.5078125,
  "format_accuracy": 0.921875,
  "answer_accuracy": 0.5078125,
  "avg_response_token_length": 274.50390625,
  "rollout_seconds": 20.940664291381836,
  "mean_reward": 0.5078125,
  "std_reward": 0.5009182691574097,
  "min_reward": 0.0,
  "max_reward": 1.0,
  "mean_advantage": -2.7939677238464355e-09,
  "std_advantage": 0.6831283569335938,
  "num_groups": 32.0
}
