{
  "type": "rollout",
  "grpo_step": 53,
  "num_questions": 32,
  "group_size": 8.0,
  "num_rollouts": 256,
  "reward": 0.70703125,
  "format_accuracy": 0.953125,
  "answer_accuracy": 0.70703125,
  "avg_response_token_length": 256.28515625,
  "rollout_seconds": 10.454700469970703,
  "mean_reward": 0.70703125,
  "std_reward": 0.45601576566696167,
  "min_reward": 0.0,
  "max_reward": 1.0,
  "mean_advantage": 3.725290298461914e-09,
  "std_advantage": 0.7221953868865967,
  "num_groups": 32.0
}
