{
  "num_examples": 3199,
  "reward": 0.18224445139105971,
  "format_accuracy": 0.8693341669271647,
  "answer_accuracy": 0.18224445139105971,
  "temperature": 1.0,
  "top_p": 1.0,
  "max_tokens": 1024,
  "stop": "</answer>",
  "include_stop_str_in_output": true,
  "eval_seconds": 39.519092321395874
}
