{
  "num_examples": 3199,
  "reward": 0.2378868396373867,
  "format_accuracy": 0.8749609252891528,
  "answer_accuracy": 0.2378868396373867,
  "temperature": 1.0,
  "top_p": 1.0,
  "max_tokens": 1024,
  "stop": "</answer>",
  "include_stop_str_in_output": true,
  "eval_seconds": 99.60438060760498
}
