{
  "num_examples": 3199,
  "reward": 0.16036261331666146,
  "format_accuracy": 0.7730540793998124,
  "answer_accuracy": 0.16036261331666146,
  "temperature": 1.0,
  "top_p": 1.0,
  "max_tokens": 1024,
  "stop": "</answer>",
  "include_stop_str_in_output": true,
  "eval_seconds": 112.38370561599731
}
