{
  "num_examples": 3199,
  "reward": 0.1906845889340419,
  "format_accuracy": 0.8718349484213817,
  "answer_accuracy": 0.1906845889340419,
  "temperature": 1.0,
  "top_p": 1.0,
  "max_tokens": 1024,
  "stop": "</answer>",
  "include_stop_str_in_output": true,
  "eval_seconds": 98.3351182937622
}
