{
  "type": "rollout",
  "grpo_step": 52,
  "num_questions": 32,
  "group_size": 8.0,
  "num_rollouts": 256,
  "reward": 0.203125,
  "format_accuracy": 0.97265625,
  "answer_accuracy": 0.203125,
  "avg_response_token_length": 22.26171875,
  "rollout_seconds": 1.4973204135894775,
  "mean_reward": 0.203125,
  "std_reward": 0.40311288833618164,
  "min_reward": 0.0,
  "max_reward": 1.0,
  "mean_advantage": -2.7939677238464355e-09,
  "std_advantage": 0.46862220764160156,
  "num_groups": 32.0
}
