{
  "type": "rollout",
  "grpo_step": 36,
  "num_questions": 32,
  "group_size": 8.0,
  "num_rollouts": 256,
  "reward": 0.15234375,
  "format_accuracy": 0.63671875,
  "answer_accuracy": 0.15234375,
  "avg_response_token_length": 206.45703125,
  "rollout_seconds": 9.774714469909668,
  "mean_reward": 0.15234375,
  "std_reward": 0.36005768179893494,
  "min_reward": 0.0,
  "max_reward": 1.0,
  "mean_advantage": 9.313225746154785e-10,
  "std_advantage": 0.6831284165382385,
  "num_groups": 32.0
}
