{
  "type": "rollout",
  "grpo_step": 175,
  "num_questions": 32,
  "group_size": 8.0,
  "num_rollouts": 256,
  "reward": 0.6484375,
  "format_accuracy": 0.90625,
  "answer_accuracy": 0.6484375,
  "avg_response_token_length": 442.7109375,
  "rollout_seconds": 34.16940116882324,
  "mean_reward": 0.6484375,
  "std_reward": 0.47839346528053284,
  "min_reward": 0.0,
  "max_reward": 1.0,
  "mean_advantage": 1.862645149230957e-09,
  "std_advantage": 0.4058387279510498,
  "num_groups": 32.0
}
