{
  "type": "rollout",
  "grpo_step": 189,
  "num_questions": 32,
  "group_size": 8.0,
  "num_rollouts": 256,
  "reward": 0.6171875,
  "format_accuracy": 0.91796875,
  "answer_accuracy": 0.6171875,
  "avg_response_token_length": 322.72265625,
  "rollout_seconds": 12.058998823165894,
  "mean_reward": 0.6171875,
  "std_reward": 0.48702529072761536,
  "min_reward": 0.0,
  "max_reward": 1.0,
  "mean_advantage": -3.725290298461914e-09,
  "std_advantage": 0.7409569025039673,
  "num_groups": 32.0
}
