{
  "type": "rollout",
  "grpo_step": 133,
  "num_questions": 32,
  "group_size": 8.0,
  "num_rollouts": 256,
  "reward": 0.75390625,
  "format_accuracy": 0.97265625,
  "answer_accuracy": 0.75390625,
  "avg_response_token_length": 349.9765625,
  "rollout_seconds": 12.743760585784912,
  "mean_reward": 0.75390625,
  "std_reward": 0.43157756328582764,
  "min_reward": 0.0,
  "max_reward": 1.0,
  "mean_advantage": 0.0,
  "std_advantage": 0.28611665964126587,
  "num_groups": 32.0
}
