{
  "type": "rollout",
  "grpo_step": 247,
  "num_questions": 32,
  "group_size": 8.0,
  "num_rollouts": 256,
  "reward": 0.796875,
  "format_accuracy": 0.9609375,
  "answer_accuracy": 0.796875,
  "avg_response_token_length": 412.796875,
  "rollout_seconds": 10.707375288009644,
  "mean_reward": 0.796875,
  "std_reward": 0.40311288833618164,
  "min_reward": 0.0,
  "max_reward": 1.0,
  "mean_advantage": -9.313225746154785e-10,
  "std_advantage": 0.5495082139968872,
  "num_groups": 32.0
}
