{
  "type": "rollout",
  "grpo_step": 174,
  "num_questions": 32,
  "group_size": 8.0,
  "num_rollouts": 256,
  "reward": 0.3515625,
  "format_accuracy": 0.51171875,
  "answer_accuracy": 0.3515625,
  "avg_response_token_length": 616.3671875,
  "rollout_seconds": 18.58539915084839,
  "mean_reward": 0.3515625,
  "std_reward": 0.47839346528053284,
  "min_reward": 0.0,
  "max_reward": 1.0,
  "mean_advantage": 1.862645149230957e-09,
  "std_advantage": 0.5973785519599915,
  "num_groups": 32.0
}
