{
  "type": "rollout",
  "grpo_step": 50,
  "num_questions": 32,
  "group_size": 8.0,
  "num_rollouts": 256,
  "reward": 0.7109375,
  "format_accuracy": 0.94140625,
  "answer_accuracy": 0.7109375,
  "avg_response_token_length": 275.85546875,
  "rollout_seconds": 21.93170475959778,
  "mean_reward": 0.7109375,
  "std_reward": 0.45421501994132996,
  "min_reward": 0.0,
  "max_reward": 1.0,
  "mean_advantage": -1.3969838619232178e-09,
  "std_advantage": 0.5739425420761108,
  "num_groups": 32.0
}
