{
  "type": "rollout",
  "grpo_step": 195,
  "num_questions": 32,
  "group_size": 8.0,
  "num_rollouts": 256,
  "reward": 0.8828125,
  "format_accuracy": 0.953125,
  "answer_accuracy": 0.8828125,
  "avg_response_token_length": 408.33984375,
  "rollout_seconds": 13.612931728363037,
  "mean_reward": 0.8828125,
  "std_reward": 0.3222736418247223,
  "min_reward": 0.0,
  "max_reward": 1.0,
  "mean_advantage": -4.656612873077393e-10,
  "std_advantage": 0.4970489740371704,
  "num_groups": 32.0
}
