{
  "type": "rollout",
  "grpo_step": 86,
  "num_questions": 32,
  "group_size": 8.0,
  "num_rollouts": 256,
  "reward": 0.60546875,
  "format_accuracy": 0.83984375,
  "answer_accuracy": 0.60546875,
  "avg_response_token_length": 319.171875,
  "rollout_seconds": 11.984943389892578,
  "mean_reward": 0.60546875,
  "std_reward": 0.48970717191696167,
  "min_reward": 0.0,
  "max_reward": 1.0,
  "mean_advantage": 0.0,
  "std_advantage": 0.28611665964126587,
  "num_groups": 32.0
}
