{
  "type": "rollout",
  "grpo_step": 80,
  "num_questions": 32,
  "group_size": 8.0,
  "num_rollouts": 256,
  "reward": 0.7421875,
  "format_accuracy": 0.921875,
  "answer_accuracy": 0.7421875,
  "avg_response_token_length": 393.25390625,
  "rollout_seconds": 13.227412223815918,
  "mean_reward": 0.7421875,
  "std_reward": 0.4382871091365814,
  "min_reward": 0.0,
  "max_reward": 1.0,
  "mean_advantage": -3.259629011154175e-09,
  "std_advantage": 0.6199288368225098,
  "num_groups": 32.0
}
