{
  "type": "rollout",
  "grpo_step": 144,
  "num_questions": 32,
  "group_size": 8.0,
  "num_rollouts": 256,
  "reward": 0.55859375,
  "format_accuracy": 0.95703125,
  "answer_accuracy": 0.55859375,
  "avg_response_token_length": 288.796875,
  "rollout_seconds": 11.374871492385864,
  "mean_reward": 0.55859375,
  "std_reward": 0.4975275993347168,
  "min_reward": 0.0,
  "max_reward": 1.0,
  "mean_advantage": -3.259629011154175e-09,
  "std_advantage": 0.5973784923553467,
  "num_groups": 32.0
}
