{
  "type": "rollout",
  "grpo_step": 30,
  "num_questions": 32,
  "group_size": 8.0,
  "num_rollouts": 256,
  "reward": 0.12890625,
  "format_accuracy": 0.625,
  "answer_accuracy": 0.12890625,
  "avg_response_token_length": 227.14453125,
  "rollout_seconds": 10.037268877029419,
  "mean_reward": 0.12890625,
  "std_reward": 0.33575254678726196,
  "min_reward": 0.0,
  "max_reward": 1.0,
  "mean_advantage": 3.725290298461914e-09,
  "std_advantage": 0.6199289560317993,
  "num_groups": 32.0
}
