{
  "type": "rollout",
  "grpo_step": 125,
  "num_questions": 32,
  "group_size": 8.0,
  "num_rollouts": 256,
  "reward": 0.796875,
  "format_accuracy": 0.96875,
  "answer_accuracy": 0.796875,
  "avg_response_token_length": 492.6640625,
  "rollout_seconds": 15.604109287261963,
  "mean_reward": 0.796875,
  "std_reward": 0.40311288833618164,
  "min_reward": 0.0,
  "max_reward": 1.0,
  "mean_advantage": -3.259629011154175e-09,
  "std_advantage": 0.5239355564117432,
  "num_groups": 32.0
}
