{
  "type": "rollout",
  "grpo_step": 295,
  "num_questions": 32,
  "group_size": 8.0,
  "num_rollouts": 256,
  "reward": 0.69921875,
  "format_accuracy": 0.98046875,
  "answer_accuracy": 0.69921875,
  "avg_response_token_length": 408.46875,
  "rollout_seconds": 13.996208667755127,
  "mean_reward": 0.69921875,
  "std_reward": 0.45949608087539673,
  "min_reward": 0.0,
  "max_reward": 1.0,
  "mean_advantage": -1.3969838619232178e-09,
  "std_advantage": 0.5973784923553467,
  "num_groups": 32.0
}
