{
  "type": "rollout",
  "grpo_step": 26,
  "num_questions": 32,
  "group_size": 8.0,
  "num_rollouts": 256,
  "reward": 0.2265625,
  "format_accuracy": 0.98046875,
  "answer_accuracy": 0.2265625,
  "avg_response_token_length": 28.546875,
  "rollout_seconds": 4.81292200088501,
  "mean_reward": 0.2265625,
  "std_reward": 0.41942712664604187,
  "min_reward": 0.0,
  "max_reward": 1.0,
  "mean_advantage": 9.313225746154785e-10,
  "std_advantage": 0.3704782724380493,
  "num_groups": 32.0
}
