{
  "type": "rollout",
  "grpo_step": 3,
  "num_questions": 32,
  "group_size": 8.0,
  "num_rollouts": 256,
  "reward": 0.21484375,
  "format_accuracy": 0.77734375,
  "answer_accuracy": 0.21484375,
  "avg_response_token_length": 136.484375,
  "rollout_seconds": 9.312331914901733,
  "mean_reward": 0.21484375,
  "std_reward": 0.4115184545516968,
  "min_reward": 0.0,
  "max_reward": 1.0,
  "mean_advantage": 0.0,
  "std_advantage": 0.34228184819221497,
  "num_groups": 32.0
}
