{
  "type": "rollout",
  "grpo_step": 26,
  "num_questions": 32,
  "group_size": 8.0,
  "num_rollouts": 256,
  "reward": 0.59765625,
  "format_accuracy": 0.9375,
  "answer_accuracy": 0.59765625,
  "avg_response_token_length": 275.57421875,
  "rollout_seconds": 12.655224323272705,
  "mean_reward": 0.59765625,
  "std_reward": 0.4913311004638672,
  "min_reward": 0.0,
  "max_reward": 1.0,
  "mean_advantage": 2.7939677238464355e-09,
  "std_advantage": 0.6416875720024109,
  "num_groups": 32.0
}
