{
  "type": "rollout",
  "grpo_step": 39,
  "num_questions": 32,
  "group_size": 8.0,
  "num_rollouts": 256,
  "reward": 0.8203125,
  "format_accuracy": 0.9609375,
  "answer_accuracy": 0.8203125,
  "avg_response_token_length": 481.3046875,
  "rollout_seconds": 14.907991170883179,
  "mean_reward": 0.8203125,
  "std_reward": 0.38467901945114136,
  "min_reward": 0.0,
  "max_reward": 1.0,
  "mean_advantage": -4.6566128730773926e-09,
  "std_advantage": 0.6627318263053894,
  "num_groups": 32.0
}
