{
  "type": "rollout",
  "grpo_step": 151,
  "num_questions": 32,
  "group_size": 8.0,
  "num_rollouts": 256,
  "reward": 0.203125,
  "format_accuracy": 0.57421875,
  "answer_accuracy": 0.203125,
  "avg_response_token_length": 410.1640625,
  "rollout_seconds": 14.209091186523438,
  "mean_reward": 0.203125,
  "std_reward": 0.40311288833618164,
  "min_reward": 0.0,
  "max_reward": 1.0,
  "mean_advantage": 0.0,
  "std_advantage": 0.3343122899532318,
  "num_groups": 32.0
}
