{
  "type": "rollout",
  "grpo_step": 90,
  "num_questions": 32,
  "group_size": 8.0,
  "num_rollouts": 256,
  "reward": 0.89453125,
  "format_accuracy": 0.95703125,
  "answer_accuracy": 0.89453125,
  "avg_response_token_length": 415.30859375,
  "rollout_seconds": 13.739306926727295,
  "mean_reward": 0.89453125,
  "std_reward": 0.3077581524848938,
  "min_reward": 0.0,
  "max_reward": 1.0,
  "mean_advantage": -1.862645149230957e-09,
  "std_advantage": 0.4383558928966522,
  "num_groups": 32.0
}
