{
  "type": "rollout",
  "grpo_step": 45,
  "num_questions": 32,
  "group_size": 8.0,
  "num_rollouts": 256,
  "reward": 0.7578125,
  "format_accuracy": 0.96484375,
  "answer_accuracy": 0.7578125,
  "avg_response_token_length": 284.9140625,
  "rollout_seconds": 16.578038692474365,
  "mean_reward": 0.7578125,
  "std_reward": 0.42924636602401733,
  "min_reward": 0.0,
  "max_reward": 1.0,
  "mean_advantage": -3.6088749766349792e-09,
  "std_advantage": 0.5495083332061768,
  "num_groups": 32.0
}
