{
  "type": "rollout",
  "grpo_step": 28,
  "num_questions": 32,
  "group_size": 8.0,
  "num_rollouts": 256,
  "reward": 0.63671875,
  "format_accuracy": 0.890625,
  "answer_accuracy": 0.63671875,
  "avg_response_token_length": 317.83984375,
  "rollout_seconds": 11.907695531845093,
  "mean_reward": 0.63671875,
  "std_reward": 0.48188698291778564,
  "min_reward": 0.0,
  "max_reward": 1.0,
  "mean_advantage": -2.3283064365386963e-09,
  "std_advantage": 0.7221953868865967,
  "num_groups": 32.0
}
