{
  "type": "rollout",
  "grpo_step": 236,
  "num_questions": 32,
  "group_size": 8.0,
  "num_rollouts": 256,
  "reward": 0.85546875,
  "format_accuracy": 0.9453125,
  "answer_accuracy": 0.85546875,
  "avg_response_token_length": 401.1796875,
  "rollout_seconds": 27.934316635131836,
  "mean_reward": 0.85546875,
  "std_reward": 0.35231637954711914,
  "min_reward": 0.0,
  "max_reward": 1.0,
  "mean_advantage": 4.656612873077393e-10,
  "std_advantage": 0.49704888463020325,
  "num_groups": 32.0
}
