{
  "type": "rollout",
  "grpo_step": 236,
  "num_questions": 32,
  "group_size": 8.0,
  "num_rollouts": 256,
  "reward": 0.8671875,
  "format_accuracy": 0.95703125,
  "answer_accuracy": 0.8671875,
  "avg_response_token_length": 453.01953125,
  "rollout_seconds": 11.483017206192017,
  "mean_reward": 0.8671875,
  "std_reward": 0.3400367498397827,
  "min_reward": 0.0,
  "max_reward": 1.0,
  "mean_advantage": 9.313225746154785e-10,
  "std_advantage": 0.4686221480369568,
  "num_groups": 32.0
}
