{
  "type": "rollout",
  "grpo_step": 11,
  "num_questions": 32,
  "group_size": 8.0,
  "num_rollouts": 256,
  "reward": 0.33203125,
  "format_accuracy": 0.90625,
  "answer_accuracy": 0.33203125,
  "avg_response_token_length": 126.640625,
  "rollout_seconds": 7.972200870513916,
  "mean_reward": 0.33203125,
  "std_reward": 0.47186464071273804,
  "min_reward": 0.0,
  "max_reward": 1.0,
  "mean_advantage": 0.0,
  "std_advantage": 0.3437110185623169,
  "num_groups": 32.0
}
