{
  "type": "rollout",
  "grpo_step": 11,
  "num_questions": 32,
  "group_size": 8.0,
  "num_rollouts": 256,
  "reward": 0.49609375,
  "format_accuracy": 0.91796875,
  "answer_accuracy": 0.49609375,
  "avg_response_token_length": 178.80859375,
  "rollout_seconds": 9.053533792495728,
  "mean_reward": 0.49609375,
  "std_reward": 0.5009641647338867,
  "min_reward": 0.0,
  "max_reward": 1.0,
  "mean_advantage": 0.0,
  "std_advantage": 0.7945876121520996,
  "num_groups": 32.0
}
