{
  "type": "rollout",
  "grpo_step": 88,
  "num_questions": 32,
  "group_size": 8.0,
  "num_rollouts": 256,
  "reward": 0.65625,
  "format_accuracy": 0.9453125,
  "answer_accuracy": 0.65625,
  "avg_response_token_length": 301.46484375,
  "rollout_seconds": 11.886388540267944,
  "mean_reward": 0.65625,
  "std_reward": 0.47588926553726196,
  "min_reward": 0.0,
  "max_reward": 1.0,
  "mean_advantage": 0.0,
  "std_advantage": 0.26934924721717834,
  "num_groups": 32.0
}
