{
  "type": "rollout",
  "grpo_step": 22,
  "num_questions": 32,
  "group_size": 8.0,
  "num_rollouts": 256,
  "reward": 0.2265625,
  "format_accuracy": 1.0,
  "answer_accuracy": 0.2265625,
  "avg_response_token_length": 14.7109375,
  "rollout_seconds": 1.3208894729614258,
  "mean_reward": 0.2265625,
  "std_reward": 0.41942712664604187,
  "min_reward": 0.0,
  "max_reward": 1.0,
  "mean_advantage": 1.3969838619232178e-09,
  "std_advantage": 0.5739426016807556,
  "num_groups": 32.0
}
