{
  "type": "rollout",
  "grpo_step": 22,
  "num_questions": 32,
  "group_size": 8.0,
  "num_rollouts": 256,
  "reward": 0.203125,
  "format_accuracy": 0.91796875,
  "answer_accuracy": 0.203125,
  "avg_response_token_length": 30.43359375,
  "rollout_seconds": 5.628228664398193,
  "mean_reward": 0.203125,
  "std_reward": 0.40311288833618164,
  "min_reward": 0.0,
  "max_reward": 1.0,
  "mean_advantage": 0.0,
  "std_advantage": 0.5973785519599915,
  "num_groups": 32.0
}
