{
  "type": "rollout",
  "grpo_step": 166,
  "num_questions": 32,
  "group_size": 8.0,
  "num_rollouts": 256,
  "reward": 0.32421875,
  "format_accuracy": 0.62890625,
  "answer_accuracy": 0.32421875,
  "avg_response_token_length": 376.71875,
  "rollout_seconds": 13.627131462097168,
  "mean_reward": 0.32421875,
  "std_reward": 0.46899911761283875,
  "min_reward": 0.0,
  "max_reward": 1.0,
  "mean_advantage": 0.0,
  "std_advantage": 0.3671565353870392,
  "num_groups": 32.0
}
