{
  "type": "rollout",
  "grpo_step": 38,
  "num_questions": 32,
  "group_size": 8.0,
  "num_rollouts": 256,
  "reward": 0.1484375,
  "format_accuracy": 0.86328125,
  "answer_accuracy": 0.1484375,
  "avg_response_token_length": 57.5,
  "rollout_seconds": 6.76638388633728,
  "mean_reward": 0.1484375,
  "std_reward": 0.3562295734882355,
  "min_reward": 0.0,
  "max_reward": 1.0,
  "mean_advantage": -5.122274160385132e-09,
  "std_advantage": 0.5495083928108215,
  "num_groups": 32.0
}
