{
  "type": "rollout",
  "grpo_step": 120,
  "num_questions": 32,
  "group_size": 8.0,
  "num_rollouts": 256,
  "reward": 0.6484375,
  "format_accuracy": 0.96875,
  "answer_accuracy": 0.6484375,
  "avg_response_token_length": 491.36328125,
  "rollout_seconds": 15.975892782211304,
  "mean_reward": 0.6484375,
  "std_reward": 0.47839346528053284,
  "min_reward": 0.0,
  "max_reward": 1.0,
  "mean_advantage": -1.862645149230957e-09,
  "std_advantage": 0.5739427208900452,
  "num_groups": 32.0
}
