{
  "type": "rollout",
  "grpo_step": 32,
  "num_questions": 32,
  "group_size": 8.0,
  "num_rollouts": 256,
  "reward": 0.66796875,
  "format_accuracy": 0.8515625,
  "answer_accuracy": 0.66796875,
  "avg_response_token_length": 367.0546875,
  "rollout_seconds": 15.51985764503479,
  "mean_reward": 0.66796875,
  "std_reward": 0.47186464071273804,
  "min_reward": 0.0,
  "max_reward": 1.0,
  "mean_advantage": 9.313225746154785e-10,
  "std_advantage": 0.6199288964271545,
  "num_groups": 32.0
}
