{
  "type": "rollout",
  "grpo_step": 9,
  "num_questions": 32,
  "group_size": 8.0,
  "num_rollouts": 256,
  "reward": 0.3515625,
  "format_accuracy": 0.83984375,
  "answer_accuracy": 0.3515625,
  "avg_response_token_length": 249.42578125,
  "rollout_seconds": 11.342577457427979,
  "mean_reward": 0.3515625,
  "std_reward": 0.47839346528053284,
  "min_reward": 0.0,
  "max_reward": 1.0,
  "mean_advantage": 0.0,
  "std_advantage": 0.3731161952018738,
  "num_groups": 32.0
}
