{
  "type": "rollout",
  "grpo_step": 364,
  "num_questions": 32,
  "group_size": 8.0,
  "num_rollouts": 256,
  "reward": 0.7578125,
  "format_accuracy": 0.93359375,
  "answer_accuracy": 0.7578125,
  "avg_response_token_length": 463.16015625,
  "rollout_seconds": 15.006842374801636,
  "mean_reward": 0.7578125,
  "std_reward": 0.42924636602401733,
  "min_reward": 0.0,
  "max_reward": 1.0,
  "mean_advantage": -1.3969838619232178e-09,
  "std_advantage": 0.46862220764160156,
  "num_groups": 32.0
}
