{
  "type": "rollout",
  "grpo_step": 96,
  "num_questions": 32,
  "group_size": 8.0,
  "num_rollouts": 256,
  "reward": 0.76171875,
  "format_accuracy": 0.89453125,
  "answer_accuracy": 0.76171875,
  "avg_response_token_length": 440.73828125,
  "rollout_seconds": 14.355856895446777,
  "mean_reward": 0.76171875,
  "std_reward": 0.4268665611743927,
  "min_reward": 0.0,
  "max_reward": 1.0,
  "mean_advantage": -9.313225746154785e-10,
  "std_advantage": 0.46862226724624634,
  "num_groups": 32.0
}
