{
  "type": "rollout",
  "grpo_step": 159,
  "num_questions": 32,
  "group_size": 8.0,
  "num_rollouts": 256,
  "reward": 0.62109375,
  "format_accuracy": 0.90625,
  "answer_accuracy": 0.62109375,
  "avg_response_token_length": 409.76171875,
  "rollout_seconds": 13.614010095596313,
  "mean_reward": 0.62109375,
  "std_reward": 0.48606500029563904,
  "min_reward": 0.0,
  "max_reward": 1.0,
  "mean_advantage": 0.0,
  "std_advantage": 0.25340813398361206,
  "num_groups": 32.0
}
