{
  "type": "rollout",
  "grpo_step": 117,
  "num_questions": 32,
  "group_size": 8.0,
  "num_rollouts": 256,
  "reward": 0.6953125,
  "format_accuracy": 0.9375,
  "answer_accuracy": 0.6953125,
  "avg_response_token_length": 256.23828125,
  "rollout_seconds": 10.617100715637207,
  "mean_reward": 0.6953125,
  "std_reward": 0.4611765742301941,
  "min_reward": 0.0,
  "max_reward": 1.0,
  "mean_advantage": -1.862645149230957e-09,
  "std_advantage": 0.49704882502555847,
  "num_groups": 32.0
}
