{
  "type": "rollout",
  "grpo_step": 48,
  "num_questions": 32,
  "group_size": 8.0,
  "num_rollouts": 256,
  "reward": 0.65625,
  "format_accuracy": 0.95703125,
  "answer_accuracy": 0.65625,
  "avg_response_token_length": 314.1875,
  "rollout_seconds": 11.649685144424438,
  "mean_reward": 0.65625,
  "std_reward": 0.47588926553726196,
  "min_reward": 0.0,
  "max_reward": 1.0,
  "mean_advantage": -4.6566128730773926e-09,
  "std_advantage": 0.6627318263053894,
  "num_groups": 32.0
}
