{
  "type": "rollout",
  "grpo_step": 91,
  "num_questions": 32,
  "group_size": 8.0,
  "num_rollouts": 256,
  "reward": 0.3984375,
  "format_accuracy": 0.59375,
  "answer_accuracy": 0.3984375,
  "avg_response_token_length": 523.76953125,
  "rollout_seconds": 16.81541109085083,
  "mean_reward": 0.3984375,
  "std_reward": 0.4905354082584381,
  "min_reward": 0.0,
  "max_reward": 1.0,
  "mean_advantage": 5.587935447692871e-09,
  "std_advantage": 0.6627318859100342,
  "num_groups": 32.0
}
