{
  "type": "rollout",
  "grpo_step": 198,
  "num_questions": 32,
  "group_size": 8.0,
  "num_rollouts": 256,
  "reward": 0.72265625,
  "format_accuracy": 0.91796875,
  "answer_accuracy": 0.72265625,
  "avg_response_token_length": 488.75390625,
  "rollout_seconds": 15.79990267753601,
  "mean_reward": 0.72265625,
  "std_reward": 0.4485645592212677,
  "min_reward": 0.0,
  "max_reward": 1.0,
  "mean_advantage": 9.313225746154785e-10,
  "std_advantage": 0.4383560121059418,
  "num_groups": 32.0
}
