{
  "type": "rollout",
  "grpo_step": 97,
  "num_questions": 32,
  "group_size": 8.0,
  "num_rollouts": 256,
  "reward": 0.7421875,
  "format_accuracy": 0.9296875,
  "answer_accuracy": 0.7421875,
  "avg_response_token_length": 445.9296875,
  "rollout_seconds": 21.057656049728394,
  "mean_reward": 0.7421875,
  "std_reward": 0.4382871091365814,
  "min_reward": 0.0,
  "max_reward": 1.0,
  "mean_advantage": 3.725290298461914e-09,
  "std_advantage": 0.549508273601532,
  "num_groups": 32.0
}
