{
  "type": "rollout",
  "grpo_step": 20,
  "num_questions": 32,
  "group_size": 8.0,
  "num_rollouts": 256,
  "reward": 0.109375,
  "format_accuracy": 0.390625,
  "answer_accuracy": 0.109375,
  "avg_response_token_length": 316.5390625,
  "rollout_seconds": 11.677772998809814,
  "mean_reward": 0.109375,
  "std_reward": 0.31272050738334656,
  "min_reward": 0.0,
  "max_reward": 1.0,
  "mean_advantage": 5.122274160385132e-09,
  "std_advantage": 0.5973784923553467,
  "num_groups": 32.0
}
