{
  "type": "rollout",
  "grpo_step": 187,
  "num_questions": 32,
  "group_size": 8.0,
  "num_rollouts": 256,
  "reward": 0.5546875,
  "format_accuracy": 0.6796875,
  "answer_accuracy": 0.5546875,
  "avg_response_token_length": 511.3828125,
  "rollout_seconds": 16.770054817199707,
  "mean_reward": 0.5546875,
  "std_reward": 0.49797382950782776,
  "min_reward": 0.0,
  "max_reward": 1.0,
  "mean_advantage": -5.587935447692871e-09,
  "std_advantage": 0.7592548131942749,
  "num_groups": 32.0
}
