{
  "type": "rollout",
  "grpo_step": 79,
  "num_questions": 32,
  "group_size": 8.0,
  "num_rollouts": 256,
  "reward": 0.390625,
  "format_accuracy": 0.59375,
  "answer_accuracy": 0.390625,
  "avg_response_token_length": 413.28515625,
  "rollout_seconds": 18.427455186843872,
  "mean_reward": 0.390625,
  "std_reward": 0.48884618282318115,
  "min_reward": 0.0,
  "max_reward": 1.0,
  "mean_advantage": 0.0,
  "std_advantage": 0.34299716353416443,
  "num_groups": 32.0
}
