{
  "type": "rollout",
  "ei_step": 1,
  "num_questions": 1024,
  "rollouts_per_question": 8,
  "num_rollouts": 8192,
  "num_accepted": 246,
  "accepted_fraction": 0.030029296875,
  "question_coverage_with_accept": 0.189453125,
  "reward": 0.030029296875,
  "format_accuracy": 0.1822509765625,
  "answer_accuracy": 0.030029296875,
  "avg_token_entropy": 1.0201655626296997,
  "avg_accepted_token_entropy": 0.7413935467479674,
  "avg_response_token_length": 332.4464111328125,
  "avg_accepted_response_token_length": 129.91056910569105,
  "rollout_seconds": 403.28287959098816
}
