{
  "type": "rollout",
  "grpo_step": 106,
  "num_questions": 32,
  "group_size": 8.0,
  "num_rollouts": 256,
  "reward": 0.703125,
  "format_accuracy": 0.94140625,
  "answer_accuracy": 0.703125,
  "avg_response_token_length": 349.15625,
  "rollout_seconds": 26.409168481826782,
  "mean_reward": 0.703125,
  "std_reward": 0.45777595043182373,
  "min_reward": 0.0,
  "max_reward": 1.0,
  "mean_advantage": -9.313225746154785e-10,
  "std_advantage": 0.5739426612854004,
  "num_groups": 32.0
}
