{
  "type": "rollout",
  "grpo_step": 24,
  "num_questions": 32,
  "group_size": 8.0,
  "num_rollouts": 256,
  "reward": 0.34375,
  "format_accuracy": 0.984375,
  "answer_accuracy": 0.34375,
  "avg_response_token_length": 89.89453125,
  "rollout_seconds": 4.532454013824463,
  "mean_reward": 0.34375,
  "std_reward": 0.47588926553726196,
  "min_reward": 0.0,
  "max_reward": 1.0,
  "mean_advantage": -3.725290298461914e-09,
  "std_advantage": 0.6627320051193237,
  "num_groups": 32.0
}
