{
  "type": "rollout",
  "grpo_step": 147,
  "num_questions": 32,
  "group_size": 8.0,
  "num_rollouts": 256,
  "reward": 0.3203125,
  "format_accuracy": 0.96875,
  "answer_accuracy": 0.3203125,
  "avg_response_token_length": 32.76171875,
  "rollout_seconds": 5.77384614944458,
  "mean_reward": 0.3203125,
  "std_reward": 0.4675106108188629,
  "min_reward": 0.0,
  "max_reward": 1.0,
  "mean_advantage": -1.862645149230957e-09,
  "std_advantage": 0.5495081543922424,
  "num_groups": 32.0
}
