{
  "type": "rollout",
  "grpo_step": 56,
  "num_questions": 32,
  "group_size": 8.0,
  "num_rollouts": 256,
  "reward": 0.6328125,
  "format_accuracy": 0.86328125,
  "answer_accuracy": 0.6328125,
  "avg_response_token_length": 398.93359375,
  "rollout_seconds": 21.854549884796143,
  "mean_reward": 0.6328125,
  "std_reward": 0.48298245668411255,
  "min_reward": 0.0,
  "max_reward": 1.0,
  "mean_advantage": -3.725290298461914e-09,
  "std_advantage": 0.6199289560317993,
  "num_groups": 32.0
}
