{
  "type": "rollout",
  "grpo_step": 80,
  "num_questions": 32,
  "group_size": 8.0,
  "num_rollouts": 256,
  "reward": 0.55859375,
  "format_accuracy": 0.71484375,
  "answer_accuracy": 0.55859375,
  "avg_response_token_length": 344.89453125,
  "rollout_seconds": 12.834468603134155,
  "mean_reward": 0.55859375,
  "std_reward": 0.4975275993347168,
  "min_reward": 0.0,
  "max_reward": 1.0,
  "mean_advantage": -1.862645149230957e-09,
  "std_advantage": 0.662731945514679,
  "num_groups": 32.0
}
