{
  "type": "rollout",
  "grpo_step": 129,
  "num_questions": 32,
  "group_size": 8.0,
  "num_rollouts": 256,
  "reward": 0.7421875,
  "format_accuracy": 0.9453125,
  "answer_accuracy": 0.7421875,
  "avg_response_token_length": 363.6328125,
  "rollout_seconds": 25.76648187637329,
  "mean_reward": 0.7421875,
  "std_reward": 0.4382871091365814,
  "min_reward": 0.0,
  "max_reward": 1.0,
  "mean_advantage": 4.6566128730773926e-09,
  "std_advantage": 0.49704891443252563,
  "num_groups": 32.0
}
