{
  "type": "rollout",
  "grpo_step": 167,
  "num_questions": 32,
  "group_size": 8.0,
  "num_rollouts": 256,
  "reward": 0.33203125,
  "format_accuracy": 0.83984375,
  "answer_accuracy": 0.33203125,
  "avg_response_token_length": 190.57421875,
  "rollout_seconds": 9.412614822387695,
  "mean_reward": 0.33203125,
  "std_reward": 0.47186464071273804,
  "min_reward": 0.0,
  "max_reward": 1.0,
  "mean_advantage": 8.381903171539307e-09,
  "std_advantage": 0.8116774559020996,
  "num_groups": 32.0
}
