{
  "type": "rollout",
  "grpo_step": 57,
  "num_questions": 32,
  "group_size": 8.0,
  "num_rollouts": 256,
  "reward": 0.6640625,
  "format_accuracy": 0.984375,
  "answer_accuracy": 0.6640625,
  "avg_response_token_length": 202.02734375,
  "rollout_seconds": 9.134359121322632,
  "mean_reward": 0.6640625,
  "std_reward": 0.4732423722743988,
  "min_reward": 0.0,
  "max_reward": 1.0,
  "mean_advantage": 2.7939677238464355e-09,
  "std_advantage": 0.5973784923553467,
  "num_groups": 32.0
}
