{
  "type": "rollout",
  "grpo_step": 58,
  "num_questions": 32,
  "group_size": 8.0,
  "num_rollouts": 256,
  "reward": 0.33203125,
  "format_accuracy": 0.67578125,
  "answer_accuracy": 0.33203125,
  "avg_response_token_length": 313.48046875,
  "rollout_seconds": 15.31152868270874,
  "mean_reward": 0.33203125,
  "std_reward": 0.47186464071273804,
  "min_reward": 0.0,
  "max_reward": 1.0,
  "mean_advantage": 0.0,
  "std_advantage": 0.3604191541671753,
  "num_groups": 32.0
}
