{
  "type": "rollout",
  "grpo_step": 58,
  "num_questions": 32,
  "group_size": 8.0,
  "num_rollouts": 256,
  "reward": 0.64453125,
  "format_accuracy": 0.90625,
  "answer_accuracy": 0.64453125,
  "avg_response_token_length": 369.8203125,
  "rollout_seconds": 13.506624698638916,
  "mean_reward": 0.64453125,
  "std_reward": 0.4795927405357361,
  "min_reward": 0.0,
  "max_reward": 1.0,
  "mean_advantage": -1.3969838619232178e-09,
  "std_advantage": 0.5495081543922424,
  "num_groups": 32.0
}
