{
  "type": "rollout",
  "grpo_step": 109,
  "num_questions": 32,
  "group_size": 8.0,
  "num_rollouts": 256,
  "reward": 0.625,
  "format_accuracy": 0.92578125,
  "answer_accuracy": 0.625,
  "avg_response_token_length": 405.87890625,
  "rollout_seconds": 11.186824798583984,
  "mean_reward": 0.625,
  "std_reward": 0.48507124185562134,
  "min_reward": 0.0,
  "max_reward": 1.0,
  "mean_advantage": 2.7939677238464355e-09,
  "std_advantage": 0.5973784923553467,
  "num_groups": 32.0
}
