{
  "type": "rollout",
  "grpo_step": 97,
  "num_questions": 32,
  "group_size": 8.0,
  "num_rollouts": 256,
  "reward": 0.359375,
  "format_accuracy": 0.99609375,
  "answer_accuracy": 0.359375,
  "avg_response_token_length": 17.18359375,
  "rollout_seconds": 1.338243007659912,
  "mean_reward": 0.359375,
  "std_reward": 0.4807571768760681,
  "min_reward": 0.0,
  "max_reward": 1.0,
  "mean_advantage": 4.6566128730773926e-09,
  "std_advantage": 0.5739426016807556,
  "num_groups": 32.0
}
