{
  "type": "rollout",
  "grpo_step": 97,
  "num_questions": 32,
  "group_size": 8.0,
  "num_rollouts": 256,
  "reward": 0.296875,
  "format_accuracy": 0.8671875,
  "answer_accuracy": 0.296875,
  "avg_response_token_length": 48.53125,
  "rollout_seconds": 6.063417434692383,
  "mean_reward": 0.296875,
  "std_reward": 0.45777595043182373,
  "min_reward": 0.0,
  "max_reward": 1.0,
  "mean_advantage": 4.6566128730773926e-09,
  "std_advantage": 0.6416873931884766,
  "num_groups": 32.0
}
