{
  "type": "rollout",
  "grpo_step": 36,
  "num_questions": 32,
  "group_size": 8.0,
  "num_rollouts": 256,
  "reward": 0.0859375,
  "format_accuracy": 0.328125,
  "answer_accuracy": 0.0859375,
  "avg_response_token_length": 95.11328125,
  "rollout_seconds": 7.014651775360107,
  "mean_reward": 0.0859375,
  "std_reward": 0.28082075715065,
  "min_reward": 0.0,
  "max_reward": 1.0,
  "mean_advantage": 0.0,
  "std_advantage": 0.21693046391010284,
  "num_groups": 32.0
}
