{
  "type": "rollout",
  "ei_step": 3,
  "num_questions": 512,
  "rollouts_per_question": 4,
  "num_rollouts": 2048,
  "num_accepted": 558,
  "accepted_fraction": 0.2724609375,
  "question_coverage_with_accept": 0.568359375,
  "reward": 0.2724609375,
  "format_accuracy": 0.7841796875,
  "answer_accuracy": 0.2724609375,
  "avg_token_entropy": 0.9008725881576538,
  "avg_accepted_token_entropy": 0.6537377142137096,
  "avg_response_token_length": 178.24609375,
  "avg_accepted_response_token_length": 131.63620071684588,
  "rollout_seconds": 78.29561185836792
}
