{
  "type": "rollout",
  "grpo_step": 17,
  "num_questions": 32,
  "group_size": 8.0,
  "num_rollouts": 256,
  "reward": 0.52734375,
  "format_accuracy": 0.96484375,
  "answer_accuracy": 0.52734375,
  "avg_response_token_length": 261.9375,
  "rollout_seconds": 11.705169677734375,
  "mean_reward": 0.52734375,
  "std_reward": 0.5002297163009644,
  "min_reward": 0.0,
  "max_reward": 1.0,
  "mean_advantage": -1.862645149230957e-09,
  "std_advantage": 0.7221954464912415,
  "num_groups": 32.0
}
