{
  "type": "rollout",
  "grpo_step": 24,
  "num_questions": 32,
  "group_size": 8.0,
  "num_rollouts": 256,
  "reward": 0.296875,
  "format_accuracy": 0.96875,
  "answer_accuracy": 0.296875,
  "avg_response_token_length": 73.96875,
  "rollout_seconds": 6.507472038269043,
  "mean_reward": 0.296875,
  "std_reward": 0.45777595043182373,
  "min_reward": 0.0,
  "max_reward": 1.0,
  "mean_advantage": 1.862645149230957e-09,
  "std_advantage": 0.6831284165382385,
  "num_groups": 32.0
}
