{
  "type": "rollout",
  "grpo_step": 246,
  "num_questions": 32,
  "group_size": 8.0,
  "num_rollouts": 256,
  "reward": 0.80078125,
  "format_accuracy": 0.94921875,
  "answer_accuracy": 0.80078125,
  "avg_response_token_length": 459.83203125,
  "rollout_seconds": 11.740399360656738,
  "mean_reward": 0.80078125,
  "std_reward": 0.40019527077674866,
  "min_reward": 0.0,
  "max_reward": 1.0,
  "mean_advantage": -1.862645149230957e-09,
  "std_advantage": 0.43835607171058655,
  "num_groups": 32.0
}
