{
  "type": "rollout",
  "grpo_step": 67,
  "num_questions": 32,
  "group_size": 8.0,
  "num_rollouts": 256,
  "reward": 0.5703125,
  "format_accuracy": 0.81640625,
  "answer_accuracy": 0.5703125,
  "avg_response_token_length": 392.10546875,
  "rollout_seconds": 13.877554655075073,
  "mean_reward": 0.5703125,
  "std_reward": 0.49600115418434143,
  "min_reward": 0.0,
  "max_reward": 1.0,
  "mean_advantage": -1.862645149230957e-09,
  "std_advantage": 0.6627318859100342,
  "num_groups": 32.0
}
