{
  "type": "rollout",
  "grpo_step": 4,
  "num_questions": 32,
  "group_size": 8.0,
  "num_rollouts": 256,
  "reward": 0.1796875,
  "format_accuracy": 0.375,
  "answer_accuracy": 0.1796875,
  "avg_response_token_length": 400.11328125,
  "rollout_seconds": 14.347033262252808,
  "mean_reward": 0.1796875,
  "std_reward": 0.38467901945114136,
  "min_reward": 0.0,
  "max_reward": 1.0,
  "mean_advantage": 0.0,
  "std_advantage": 0.32236868143081665,
  "num_groups": 32.0
}
