{
  "type": "rollout",
  "grpo_step": 55,
  "num_questions": 32,
  "group_size": 8.0,
  "num_rollouts": 256,
  "reward": 0.0625,
  "format_accuracy": 0.0703125,
  "answer_accuracy": 0.0625,
  "avg_response_token_length": 957.51953125,
  "rollout_seconds": 28.605775833129883,
  "mean_reward": 0.0625,
  "std_reward": 0.24253562092781067,
  "min_reward": 0.0,
  "max_reward": 1.0,
  "mean_advantage": -3.6088749766349792e-09,
  "std_advantage": 0.3704783320426941,
  "num_groups": 32.0
}
