{
  "type": "rollout",
  "grpo_step": 196,
  "num_questions": 32,
  "group_size": 8.0,
  "num_rollouts": 256,
  "reward": 0.4609375,
  "format_accuracy": 0.87890625,
  "answer_accuracy": 0.4609375,
  "avg_response_token_length": 289.81640625,
  "rollout_seconds": 11.239195108413696,
  "mean_reward": 0.4609375,
  "std_reward": 0.4994482398033142,
  "min_reward": 0.0,
  "max_reward": 1.0,
  "mean_advantage": 9.313225746154785e-10,
  "std_advantage": 0.6416873931884766,
  "num_groups": 32.0
}
