{
  "type": "rollout",
  "grpo_step": 196,
  "num_questions": 32,
  "group_size": 8.0,
  "num_rollouts": 256,
  "reward": 0.21875,
  "format_accuracy": 0.796875,
  "answer_accuracy": 0.21875,
  "avg_response_token_length": 221.65234375,
  "rollout_seconds": 10.330852031707764,
  "mean_reward": 0.21875,
  "std_reward": 0.41420844197273254,
  "min_reward": 0.0,
  "max_reward": 1.0,
  "mean_advantage": -3.725290298461914e-09,
  "std_advantage": 0.7029334306716919,
  "num_groups": 32.0
}
