{
  "type": "rollout",
  "grpo_step": 151,
  "num_questions": 32,
  "group_size": 8.0,
  "num_rollouts": 256,
  "reward": 0.67578125,
  "format_accuracy": 0.91796875,
  "answer_accuracy": 0.67578125,
  "avg_response_token_length": 469.5625,
  "rollout_seconds": 15.568585872650146,
  "mean_reward": 0.67578125,
  "std_reward": 0.46899911761283875,
  "min_reward": 0.0,
  "max_reward": 1.0,
  "mean_advantage": 1.3969838619232178e-09,
  "std_advantage": 0.5239356756210327,
  "num_groups": 32.0
}
