{
  "type": "rollout",
  "grpo_step": 79,
  "num_questions": 32,
  "group_size": 8.0,
  "num_rollouts": 256,
  "reward": 0.734375,
  "format_accuracy": 0.91796875,
  "answer_accuracy": 0.734375,
  "avg_response_token_length": 399.15625,
  "rollout_seconds": 13.884510040283203,
  "mean_reward": 0.734375,
  "std_reward": 0.4425306022167206,
  "min_reward": 0.0,
  "max_reward": 1.0,
  "mean_advantage": 0.0,
  "std_advantage": 0.2638329863548279,
  "num_groups": 32.0
}
