{
  "type": "rollout",
  "grpo_step": 30,
  "num_questions": 32,
  "group_size": 8.0,
  "num_rollouts": 256,
  "reward": 0.5625,
  "format_accuracy": 0.890625,
  "answer_accuracy": 0.5625,
  "avg_response_token_length": 217.29296875,
  "rollout_seconds": 9.523851871490479,
  "mean_reward": 0.5625,
  "std_reward": 0.49705013632774353,
  "min_reward": 0.0,
  "max_reward": 1.0,
  "mean_advantage": 0.0,
  "std_advantage": 0.33136674761772156,
  "num_groups": 32.0
}
