{
  "type": "rollout",
  "grpo_step": 87,
  "num_questions": 32,
  "group_size": 8.0,
  "num_rollouts": 256,
  "reward": 0.73046875,
  "format_accuracy": 0.95703125,
  "answer_accuracy": 0.73046875,
  "avg_response_token_length": 255.734375,
  "rollout_seconds": 10.287131309509277,
  "mean_reward": 0.73046875,
  "std_reward": 0.4445854723453522,
  "min_reward": 0.0,
  "max_reward": 1.0,
  "mean_advantage": 1.862645149230957e-09,
  "std_advantage": 0.6627318859100342,
  "num_groups": 32.0
}
