{
  "type": "rollout",
  "grpo_step": 30,
  "num_questions": 32,
  "group_size": 8.0,
  "num_rollouts": 256,
  "reward": 0.234375,
  "format_accuracy": 0.9453125,
  "answer_accuracy": 0.234375,
  "avg_response_token_length": 47.26953125,
  "rollout_seconds": 7.194863557815552,
  "mean_reward": 0.234375,
  "std_reward": 0.42443734407424927,
  "min_reward": 0.0,
  "max_reward": 1.0,
  "mean_advantage": -4.656612873077393e-10,
  "std_advantage": 0.6199290156364441,
  "num_groups": 32.0
}
