{
  "type": "rollout",
  "grpo_step": 10,
  "num_questions": 32,
  "group_size": 8.0,
  "num_rollouts": 256,
  "reward": 0.578125,
  "format_accuracy": 0.94921875,
  "answer_accuracy": 0.578125,
  "avg_response_token_length": 212.86328125,
  "rollout_seconds": 9.396743774414062,
  "mean_reward": 0.578125,
  "std_reward": 0.49482616782188416,
  "min_reward": 0.0,
  "max_reward": 1.0,
  "mean_advantage": -2.7939677238464355e-09,
  "std_advantage": 0.7771220803260803,
  "num_groups": 32.0
}
