{
  "type": "rollout",
  "grpo_step": 36,
  "num_questions": 32,
  "group_size": 8.0,
  "num_rollouts": 256,
  "reward": 0.02734375,
  "format_accuracy": 0.08203125,
  "answer_accuracy": 0.02734375,
  "avg_response_token_length": 947.65625,
  "rollout_seconds": 30.167719841003418,
  "mean_reward": 0.02734375,
  "std_reward": 0.1634024679660797,
  "min_reward": 0.0,
  "max_reward": 1.0,
  "mean_advantage": 2.3283064365386963e-09,
  "std_advantage": 0.3313658833503723,
  "num_groups": 32.0
}
