{
  "type": "rollout",
  "grpo_step": 177,
  "num_questions": 32,
  "group_size": 8.0,
  "num_rollouts": 256,
  "reward": 0.453125,
  "format_accuracy": 0.99609375,
  "answer_accuracy": 0.453125,
  "avg_response_token_length": 16.17578125,
  "rollout_seconds": 1.482917070388794,
  "mean_reward": 0.453125,
  "std_reward": 0.4987730085849762,
  "min_reward": 0.0,
  "max_reward": 1.0,
  "mean_advantage": 0.0,
  "std_advantage": 0.4383559226989746,
  "num_groups": 32.0
}
