{
  "type": "rollout",
  "grpo_step": 21,
  "num_questions": 32,
  "group_size": 8.0,
  "num_rollouts": 256,
  "reward": 0.59375,
  "format_accuracy": 0.94140625,
  "answer_accuracy": 0.59375,
  "avg_response_token_length": 281.66015625,
  "rollout_seconds": 12.284430980682373,
  "mean_reward": 0.59375,
  "std_reward": 0.49209436774253845,
  "min_reward": 0.0,
  "max_reward": 1.0,
  "mean_advantage": -5.122274160385132e-09,
  "std_advantage": 0.7221953272819519,
  "num_groups": 32.0
}
