{
  "type": "rollout",
  "grpo_step": 195,
  "num_questions": 32,
  "group_size": 8.0,
  "num_rollouts": 256,
  "reward": 0.3828125,
  "format_accuracy": 0.79296875,
  "answer_accuracy": 0.3828125,
  "avg_response_token_length": 258.046875,
  "rollout_seconds": 10.47246527671814,
  "mean_reward": 0.3828125,
  "std_reward": 0.48702529072761536,
  "min_reward": 0.0,
  "max_reward": 1.0,
  "mean_advantage": 0.0,
  "std_advantage": 0.3744276762008667,
  "num_groups": 32.0
}
