{
  "type": "rollout",
  "grpo_step": 28,
  "num_questions": 32,
  "group_size": 8.0,
  "num_rollouts": 256,
  "reward": 0.55078125,
  "format_accuracy": 0.97265625,
  "answer_accuracy": 0.55078125,
  "avg_response_token_length": 218.83984375,
  "rollout_seconds": 9.590531826019287,
  "mean_reward": 0.55078125,
  "std_reward": 0.49838894605636597,
  "min_reward": 0.0,
  "max_reward": 1.0,
  "mean_advantage": 6.51925802230835e-09,
  "std_advantage": 0.6831284165382385,
  "num_groups": 32.0
}
