{
  "type": "rollout",
  "grpo_step": 313,
  "num_questions": 32,
  "group_size": 8.0,
  "num_rollouts": 256,
  "reward": 0.7734375,
  "format_accuracy": 0.98046875,
  "answer_accuracy": 0.7734375,
  "avg_response_token_length": 370.03515625,
  "rollout_seconds": 9.958872079849243,
  "mean_reward": 0.7734375,
  "std_reward": 0.41942712664604187,
  "min_reward": 0.0,
  "max_reward": 1.0,
  "mean_advantage": -9.313225746154785e-10,
  "std_advantage": 0.6199290752410889,
  "num_groups": 32.0
}
