{
  "type": "rollout",
  "grpo_step": 17,
  "num_questions": 32,
  "group_size": 8.0,
  "num_rollouts": 256,
  "reward": 0.3515625,
  "format_accuracy": 0.89453125,
  "answer_accuracy": 0.3515625,
  "avg_response_token_length": 231.078125,
  "rollout_seconds": 10.12016749382019,
  "mean_reward": 0.3515625,
  "std_reward": 0.47839346528053284,
  "min_reward": 0.0,
  "max_reward": 1.0,
  "mean_advantage": -1.862645149230957e-09,
  "std_advantage": 0.7221953868865967,
  "num_groups": 32.0
}
