{
  "type": "rollout",
  "grpo_step": 103,
  "num_questions": 32,
  "group_size": 8.0,
  "num_rollouts": 256,
  "reward": 0.70703125,
  "format_accuracy": 0.92578125,
  "answer_accuracy": 0.70703125,
  "avg_response_token_length": 395.46875,
  "rollout_seconds": 13.518554925918579,
  "mean_reward": 0.70703125,
  "std_reward": 0.45601576566696167,
  "min_reward": 0.0,
  "max_reward": 1.0,
  "mean_advantage": 1.862645149230957e-09,
  "std_advantage": 0.549508273601532,
  "num_groups": 32.0
}
