{
  "type": "rollout",
  "grpo_step": 116,
  "num_questions": 32,
  "group_size": 8.0,
  "num_rollouts": 256,
  "reward": 0.20703125,
  "format_accuracy": 0.7890625,
  "answer_accuracy": 0.20703125,
  "avg_response_token_length": 182.37109375,
  "rollout_seconds": 9.142974853515625,
  "mean_reward": 0.20703125,
  "std_reward": 0.40597182512283325,
  "min_reward": 0.0,
  "max_reward": 1.0,
  "mean_advantage": -1.862645149230957e-09,
  "std_advantage": 0.6627320051193237,
  "num_groups": 32.0
}
