{
  "type": "rollout",
  "grpo_step": 24,
  "num_questions": 32,
  "group_size": 8.0,
  "num_rollouts": 256,
  "reward": 0.47265625,
  "format_accuracy": 0.984375,
  "answer_accuracy": 0.47265625,
  "avg_response_token_length": 196.92578125,
  "rollout_seconds": 9.170035123825073,
  "mean_reward": 0.47265625,
  "std_reward": 0.5002297163009644,
  "min_reward": 0.0,
  "max_reward": 1.0,
  "mean_advantage": 5.122274160385132e-09,
  "std_advantage": 0.7221953272819519,
  "num_groups": 32.0
}
