{
  "type": "rollout",
  "grpo_step": 99,
  "num_questions": 32,
  "group_size": 8.0,
  "num_rollouts": 256,
  "reward": 0.55078125,
  "format_accuracy": 0.97265625,
  "answer_accuracy": 0.55078125,
  "avg_response_token_length": 280.0546875,
  "rollout_seconds": 11.505536794662476,
  "mean_reward": 0.55078125,
  "std_reward": 0.49838894605636597,
  "min_reward": 0.0,
  "max_reward": 1.0,
  "mean_advantage": 0.0,
  "std_advantage": 0.2978682518005371,
  "num_groups": 32.0
}
