{
  "type": "rollout",
  "grpo_step": 30,
  "num_questions": 32,
  "group_size": 8.0,
  "num_rollouts": 256,
  "reward": 0.62890625,
  "format_accuracy": 0.94140625,
  "answer_accuracy": 0.62890625,
  "avg_response_token_length": 337.546875,
  "rollout_seconds": 9.686441898345947,
  "mean_reward": 0.62890625,
  "std_reward": 0.48404380679130554,
  "min_reward": 0.0,
  "max_reward": 1.0,
  "mean_advantage": -4.656612873077393e-10,
  "std_advantage": 0.6199288964271545,
  "num_groups": 32.0
}
