{
  "type": "rollout",
  "grpo_step": 138,
  "num_questions": 32,
  "group_size": 8.0,
  "num_rollouts": 256,
  "reward": 0.27734375,
  "format_accuracy": 0.5625,
  "answer_accuracy": 0.27734375,
  "avg_response_token_length": 406.0703125,
  "rollout_seconds": 14.802550077438354,
  "mean_reward": 0.27734375,
  "std_reward": 0.4485645592212677,
  "min_reward": 0.0,
  "max_reward": 1.0,
  "mean_advantage": 0.0,
  "std_advantage": 0.3231281042098999,
  "num_groups": 32.0
}
