{
  "type": "rollout",
  "grpo_step": 74,
  "num_questions": 32,
  "group_size": 8.0,
  "num_rollouts": 256,
  "reward": 0.69140625,
  "format_accuracy": 0.9453125,
  "answer_accuracy": 0.69140625,
  "avg_response_token_length": 393.08984375,
  "rollout_seconds": 13.51893162727356,
  "mean_reward": 0.69140625,
  "std_reward": 0.46281784772872925,
  "min_reward": 0.0,
  "max_reward": 1.0,
  "mean_advantage": -1.862645149230957e-09,
  "std_advantage": 0.6416873335838318,
  "num_groups": 32.0
}
