{
  "type": "rollout",
  "grpo_step": 7,
  "num_questions": 32,
  "group_size": 8.0,
  "num_rollouts": 256,
  "reward": 0.09765625,
  "format_accuracy": 0.33203125,
  "answer_accuracy": 0.09765625,
  "avg_response_token_length": 316.5390625,
  "rollout_seconds": 11.745964765548706,
  "mean_reward": 0.09765625,
  "std_reward": 0.29743078351020813,
  "min_reward": 0.0,
  "max_reward": 1.0,
  "mean_advantage": 4.190951585769653e-09,
  "std_advantage": 0.6199288368225098,
  "num_groups": 32.0
}
