{
  "type": "rollout",
  "grpo_step": 7,
  "num_questions": 32,
  "group_size": 8.0,
  "num_rollouts": 256,
  "reward": 0.1640625,
  "format_accuracy": 0.515625,
  "answer_accuracy": 0.1640625,
  "avg_response_token_length": 300.828125,
  "rollout_seconds": 11.82938289642334,
  "mean_reward": 0.1640625,
  "std_reward": 0.3710577189922333,
  "min_reward": 0.0,
  "max_reward": 1.0,
  "mean_advantage": 8.381903171539307e-09,
  "std_advantage": 0.7221953868865967,
  "num_groups": 32.0
}
