{
  "type": "rollout",
  "grpo_step": 6,
  "num_questions": 32,
  "group_size": 8.0,
  "num_rollouts": 256,
  "reward": 0.01171875,
  "format_accuracy": 0.01171875,
  "answer_accuracy": 0.01171875,
  "avg_response_token_length": 755.4296875,
  "rollout_seconds": 22.973702669143677,
  "mean_reward": 0.01171875,
  "std_reward": 0.1078278198838234,
  "min_reward": 0.0,
  "max_reward": 1.0,
  "mean_advantage": -4.656612873077393e-10,
  "std_advantage": 0.28697121143341064,
  "num_groups": 32.0
}
