{
  "type": "rollout",
  "grpo_step": 141,
  "num_questions": 32,
  "group_size": 8.0,
  "num_rollouts": 256,
  "reward": 0.6484375,
  "format_accuracy": 0.96875,
  "answer_accuracy": 0.6484375,
  "avg_response_token_length": 268.36328125,
  "rollout_seconds": 11.004002094268799,
  "mean_reward": 0.6484375,
  "std_reward": 0.47839346528053284,
  "min_reward": 0.0,
  "max_reward": 1.0,
  "mean_advantage": -2.7939677238464355e-09,
  "std_advantage": 0.4970487952232361,
  "num_groups": 32.0
}
