{
  "type": "rollout",
  "grpo_step": 9,
  "num_questions": 32,
  "group_size": 8.0,
  "num_rollouts": 256,
  "reward": 0.28515625,
  "format_accuracy": 0.87109375,
  "answer_accuracy": 0.28515625,
  "avg_response_token_length": 120.5625,
  "rollout_seconds": 7.989795446395874,
  "mean_reward": 0.28515625,
  "std_reward": 0.4523732364177704,
  "min_reward": 0.0,
  "max_reward": 1.0,
  "mean_advantage": 0.0,
  "std_advantage": 0.30437979102134705,
  "num_groups": 32.0
}
