{
  "type": "rollout",
  "grpo_step": 9,
  "num_questions": 32,
  "group_size": 8.0,
  "num_rollouts": 256,
  "reward": 0.30078125,
  "format_accuracy": 0.67578125,
  "answer_accuracy": 0.30078125,
  "avg_response_token_length": 237.90234375,
  "rollout_seconds": 10.047385215759277,
  "mean_reward": 0.30078125,
  "std_reward": 0.45949608087539673,
  "min_reward": 0.0,
  "max_reward": 1.0,
  "mean_advantage": 0.0,
  "std_advantage": 0.3750816881656647,
  "num_groups": 32.0
}
