{
  "type": "rollout",
  "grpo_step": 6,
  "num_questions": 32,
  "group_size": 8.0,
  "num_rollouts": 256,
  "reward": 0.1875,
  "format_accuracy": 0.98046875,
  "answer_accuracy": 0.1875,
  "avg_response_token_length": 41.94140625,
  "rollout_seconds": 5.160357236862183,
  "mean_reward": 0.1875,
  "std_reward": 0.3910769522190094,
  "min_reward": 0.0,
  "max_reward": 1.0,
  "mean_advantage": 3.725290298461914e-09,
  "std_advantage": 0.5495081543922424,
  "num_groups": 32.0
}
