{
  "type": "rollout",
  "grpo_step": 357,
  "num_questions": 32,
  "group_size": 8.0,
  "num_rollouts": 256,
  "reward": 0.80078125,
  "format_accuracy": 0.91015625,
  "answer_accuracy": 0.80078125,
  "avg_response_token_length": 483.03125,
  "rollout_seconds": 11.976466655731201,
  "mean_reward": 0.80078125,
  "std_reward": 0.40019527077674866,
  "min_reward": 0.0,
  "max_reward": 1.0,
  "mean_advantage": -2.0954757928848267e-09,
  "std_advantage": 0.5239356160163879,
  "num_groups": 32.0
}
