{
  "type": "rollout",
  "grpo_step": 257,
  "num_questions": 32,
  "group_size": 8.0,
  "num_rollouts": 256,
  "reward": 0.7421875,
  "format_accuracy": 0.91015625,
  "answer_accuracy": 0.7421875,
  "avg_response_token_length": 431.68359375,
  "rollout_seconds": 14.70568323135376,
  "mean_reward": 0.7421875,
  "std_reward": 0.4382871091365814,
  "min_reward": 0.0,
  "max_reward": 1.0,
  "mean_advantage": -2.7939677238464355e-09,
  "std_advantage": 0.5739426612854004,
  "num_groups": 32.0
}
