{
  "type": "rollout",
  "grpo_step": 55,
  "num_questions": 32,
  "group_size": 8.0,
  "num_rollouts": 256,
  "reward": 0.21875,
  "format_accuracy": 0.9296875,
  "answer_accuracy": 0.21875,
  "avg_response_token_length": 22.51953125,
  "rollout_seconds": 1.454071283340454,
  "mean_reward": 0.21875,
  "std_reward": 0.41420844197273254,
  "min_reward": 0.0,
  "max_reward": 1.0,
  "mean_advantage": -2.3283064365386963e-09,
  "std_advantage": 0.4686221778392792,
  "num_groups": 32.0
}
