{
  "type": "rollout",
  "grpo_step": 55,
  "num_questions": 32,
  "group_size": 8.0,
  "num_rollouts": 256,
  "reward": 0.26953125,
  "format_accuracy": 0.98828125,
  "answer_accuracy": 0.26953125,
  "avg_response_token_length": 24.75,
  "rollout_seconds": 1.9957921504974365,
  "mean_reward": 0.26953125,
  "std_reward": 0.4445854723453522,
  "min_reward": 0.0,
  "max_reward": 1.0,
  "mean_advantage": 3.725290298461914e-09,
  "std_advantage": 0.5739425420761108,
  "num_groups": 32.0
}
