{
  "type": "rollout",
  "grpo_step": 157,
  "num_questions": 32,
  "group_size": 8.0,
  "num_rollouts": 256,
  "reward": 0.609375,
  "format_accuracy": 0.8203125,
  "answer_accuracy": 0.609375,
  "avg_response_token_length": 432.57421875,
  "rollout_seconds": 14.86934494972229,
  "mean_reward": 0.609375,
  "std_reward": 0.48884618282318115,
  "min_reward": 0.0,
  "max_reward": 1.0,
  "mean_advantage": 0.0,
  "std_advantage": 0.34299716353416443,
  "num_groups": 32.0
}
