{
  "type": "rollout",
  "grpo_step": 75,
  "num_questions": 32,
  "group_size": 8.0,
  "num_rollouts": 256,
  "reward": 0.4609375,
  "format_accuracy": 0.9765625,
  "answer_accuracy": 0.4609375,
  "avg_response_token_length": 25.3125,
  "rollout_seconds": 5.4308366775512695,
  "mean_reward": 0.4609375,
  "std_reward": 0.4994482398033142,
  "min_reward": 0.0,
  "max_reward": 1.0,
  "mean_advantage": -1.862645149230957e-09,
  "std_advantage": 0.5495081543922424,
  "num_groups": 32.0
}
