{
  "type": "rollout",
  "grpo_step": 64,
  "num_questions": 32,
  "group_size": 8.0,
  "num_rollouts": 256,
  "reward": 0.1171875,
  "format_accuracy": 0.25390625,
  "answer_accuracy": 0.1171875,
  "avg_response_token_length": 810.640625,
  "rollout_seconds": 23.498799562454224,
  "mean_reward": 0.1171875,
  "std_reward": 0.3222736418247223,
  "min_reward": 0.0,
  "max_reward": 1.0,
  "mean_advantage": -1.862645149230957e-09,
  "std_advantage": 0.37047842144966125,
  "num_groups": 32.0
}
