{
  "type": "rollout",
  "grpo_step": 172,
  "num_questions": 32,
  "group_size": 8.0,
  "num_rollouts": 256,
  "reward": 0.3671875,
  "format_accuracy": 0.6796875,
  "answer_accuracy": 0.3671875,
  "avg_response_token_length": 336.59765625,
  "rollout_seconds": 12.426645040512085,
  "mean_reward": 0.3671875,
  "std_reward": 0.48298245668411255,
  "min_reward": 0.0,
  "max_reward": 1.0,
  "mean_advantage": 0.0,
  "std_advantage": 0.35973846912384033,
  "num_groups": 32.0
}
