{
  "type": "rollout",
  "grpo_step": 27,
  "num_questions": 32,
  "group_size": 8.0,
  "num_rollouts": 256,
  "reward": 0.03125,
  "format_accuracy": 0.0390625,
  "answer_accuracy": 0.03125,
  "avg_response_token_length": 45.33203125,
  "rollout_seconds": 5.5175392627716064,
  "mean_reward": 0.03125,
  "std_reward": 0.17433346807956696,
  "min_reward": 0.0,
  "max_reward": 1.0,
  "mean_advantage": 0.0,
  "std_advantage": 0.46862199902534485,
  "num_groups": 32.0
}
