{
  "type": "rollout",
  "grpo_step": 192,
  "num_questions": 32,
  "group_size": 8.0,
  "num_rollouts": 256,
  "reward": 0.921875,
  "format_accuracy": 0.96484375,
  "answer_accuracy": 0.921875,
  "avg_response_token_length": 377.0234375,
  "rollout_seconds": 10.232736587524414,
  "mean_reward": 0.921875,
  "std_reward": 0.26889389753341675,
  "min_reward": 0.0,
  "max_reward": 1.0,
  "mean_advantage": -1.862645149230957e-09,
  "std_advantage": 0.438355952501297,
  "num_groups": 32.0
}
