{
  "type": "rollout",
  "grpo_step": 40,
  "num_questions": 32,
  "group_size": 8.0,
  "num_rollouts": 256,
  "reward": 0.296875,
  "format_accuracy": 0.96875,
  "answer_accuracy": 0.296875,
  "avg_response_token_length": 27.97265625,
  "rollout_seconds": 6.688704013824463,
  "mean_reward": 0.296875,
  "std_reward": 0.45777595043182373,
  "min_reward": 0.0,
  "max_reward": 1.0,
  "mean_advantage": -9.313225746154785e-10,
  "std_advantage": 0.4058387875556946,
  "num_groups": 32.0
}
