{
  "type": "rollout",
  "grpo_step": 257,
  "num_questions": 32,
  "group_size": 8.0,
  "num_rollouts": 256,
  "reward": 0.6953125,
  "format_accuracy": 0.94921875,
  "answer_accuracy": 0.6953125,
  "avg_response_token_length": 475.96484375,
  "rollout_seconds": 12.134555339813232,
  "mean_reward": 0.6953125,
  "std_reward": 0.4611765742301941,
  "min_reward": 0.0,
  "max_reward": 1.0,
  "mean_advantage": -1.862645149230957e-09,
  "std_advantage": 0.5239356160163879,
  "num_groups": 32.0
}
