{
  "type": "rollout",
  "grpo_step": 101,
  "num_questions": 32,
  "group_size": 8.0,
  "num_rollouts": 256,
  "reward": 0.80078125,
  "format_accuracy": 0.96875,
  "answer_accuracy": 0.80078125,
  "avg_response_token_length": 369.15625,
  "rollout_seconds": 13.127168416976929,
  "mean_reward": 0.80078125,
  "std_reward": 0.40019527077674866,
  "min_reward": 0.0,
  "max_reward": 1.0,
  "mean_advantage": -1.862645149230957e-09,
  "std_advantage": 0.5239355564117432,
  "num_groups": 32.0
}
