{
  "type": "rollout",
  "ei_step": 4,
  "num_questions": 1024,
  "rollouts_per_question": 8,
  "num_rollouts": 8192,
  "num_accepted": 1676,
  "accepted_fraction": 0.20458984375,
  "question_coverage_with_accept": 0.625,
  "reward": 0.20458984375,
  "format_accuracy": 0.804443359375,
  "answer_accuracy": 0.20458984375,
  "avg_token_entropy": 1.2043996453285217,
  "avg_accepted_token_entropy": 0.9860810710023866,
  "avg_response_token_length": 282.425048828125,
  "avg_accepted_response_token_length": 165.21718377088305,
  "rollout_seconds": 554.6356866359711
}
