{
  "type": "rollout",
  "ei_step": 4,
  "num_questions": 1024,
  "rollouts_per_question": 8,
  "num_rollouts": 8192,
  "num_accepted": 1798,
  "accepted_fraction": 0.219482421875,
  "question_coverage_with_accept": 0.63671875,
  "reward": 0.219482421875,
  "format_accuracy": 0.793701171875,
  "answer_accuracy": 0.219482421875,
  "avg_token_entropy": 0.9181065559387207,
  "avg_accepted_token_entropy": 0.7104763756604561,
  "avg_response_token_length": 243.85205078125,
  "avg_accepted_response_token_length": 139.07285873192436,
  "rollout_seconds": 413.5847415924072
}
