{
  "type": "rollout",
  "grpo_step": 102,
  "num_questions": 32,
  "group_size": 8.0,
  "num_rollouts": 256,
  "reward": 0.73828125,
  "format_accuracy": 0.9765625,
  "answer_accuracy": 0.73828125,
  "avg_response_token_length": 266.84765625,
  "rollout_seconds": 19.945537328720093,
  "mean_reward": 0.73828125,
  "std_reward": 0.4404313564300537,
  "min_reward": 0.0,
  "max_reward": 1.0,
  "mean_advantage": 2.7939677238464355e-09,
  "std_advantage": 0.43835604190826416,
  "num_groups": 32.0
}
