{
  "type": "rollout",
  "grpo_step": 22,
  "num_questions": 32,
  "group_size": 8.0,
  "num_rollouts": 256,
  "reward": 0.28125,
  "format_accuracy": 0.93359375,
  "answer_accuracy": 0.28125,
  "avg_response_token_length": 120.640625,
  "rollout_seconds": 7.8749775886535645,
  "mean_reward": 0.28125,
  "std_reward": 0.45048993825912476,
  "min_reward": 0.0,
  "max_reward": 1.0,
  "mean_advantage": -2.3283064365386963e-09,
  "std_advantage": 0.6416873931884766,
  "num_groups": 32.0
}
