{
  "type": "rollout",
  "grpo_step": 179,
  "num_questions": 32,
  "group_size": 8.0,
  "num_rollouts": 256,
  "reward": 0.79296875,
  "format_accuracy": 0.97265625,
  "answer_accuracy": 0.79296875,
  "avg_response_token_length": 442.62890625,
  "rollout_seconds": 14.387605667114258,
  "mean_reward": 0.79296875,
  "std_reward": 0.40597182512283325,
  "min_reward": 0.0,
  "max_reward": 1.0,
  "mean_advantage": -1.3969838619232178e-09,
  "std_advantage": 0.5239354968070984,
  "num_groups": 32.0
}
