{
  "type": "rollout",
  "grpo_step": 198,
  "num_questions": 32,
  "group_size": 8.0,
  "num_rollouts": 256,
  "reward": 0.65625,
  "format_accuracy": 0.82421875,
  "answer_accuracy": 0.65625,
  "avg_response_token_length": 555.5390625,
  "rollout_seconds": 39.192758560180664,
  "mean_reward": 0.65625,
  "std_reward": 0.47588926553726196,
  "min_reward": 0.0,
  "max_reward": 1.0,
  "mean_advantage": -9.313225746154785e-10,
  "std_advantage": 0.40583887696266174,
  "num_groups": 32.0
}
