{
  "type": "rollout",
  "grpo_step": 87,
  "num_questions": 32,
  "group_size": 8.0,
  "num_rollouts": 256,
  "reward": 0.3046875,
  "format_accuracy": 0.58203125,
  "answer_accuracy": 0.3046875,
  "avg_response_token_length": 379.38671875,
  "rollout_seconds": 13.508338689804077,
  "mean_reward": 0.3046875,
  "std_reward": 0.4611765742301941,
  "min_reward": 0.0,
  "max_reward": 1.0,
  "mean_advantage": 0.0,
  "std_advantage": 0.33136674761772156,
  "num_groups": 32.0
}
