{
  "type": "rollout",
  "grpo_step": 109,
  "num_questions": 32,
  "group_size": 8.0,
  "num_rollouts": 256,
  "reward": 0.65234375,
  "format_accuracy": 0.921875,
  "answer_accuracy": 0.65234375,
  "avg_response_token_length": 372.8984375,
  "rollout_seconds": 12.78262710571289,
  "mean_reward": 0.65234375,
  "std_reward": 0.4771590530872345,
  "min_reward": 0.0,
  "max_reward": 1.0,
  "mean_advantage": -5.005858838558197e-09,
  "std_advantage": 0.4970490038394928,
  "num_groups": 32.0
}
