{
  "type": "rollout",
  "grpo_step": 109,
  "num_questions": 32,
  "group_size": 8.0,
  "num_rollouts": 256,
  "reward": 0.46484375,
  "format_accuracy": 0.6875,
  "answer_accuracy": 0.46484375,
  "avg_response_token_length": 468.14453125,
  "rollout_seconds": 15.72970700263977,
  "mean_reward": 0.46484375,
  "std_reward": 0.49973952770233154,
  "min_reward": 0.0,
  "max_reward": 1.0,
  "mean_advantage": 2.7939677238464355e-09,
  "std_advantage": 0.6199288368225098,
  "num_groups": 32.0
}
