{
  "type": "rollout",
  "grpo_step": 74,
  "num_questions": 32,
  "group_size": 8.0,
  "num_rollouts": 256,
  "reward": 0.68359375,
  "format_accuracy": 0.98828125,
  "answer_accuracy": 0.68359375,
  "avg_response_token_length": 306.3125,
  "rollout_seconds": 11.476053237915039,
  "mean_reward": 0.68359375,
  "std_reward": 0.4659844934940338,
  "min_reward": 0.0,
  "max_reward": 1.0,
  "mean_advantage": -5.587935447692871e-09,
  "std_advantage": 0.5973784327507019,
  "num_groups": 32.0
}
