{
  "type": "rollout",
  "grpo_step": 189,
  "num_questions": 32,
  "group_size": 8.0,
  "num_rollouts": 256,
  "reward": 0.421875,
  "format_accuracy": 0.56640625,
  "answer_accuracy": 0.421875,
  "avg_response_token_length": 623.30859375,
  "rollout_seconds": 18.93826723098755,
  "mean_reward": 0.421875,
  "std_reward": 0.49482616782188416,
  "min_reward": 0.0,
  "max_reward": 1.0,
  "mean_advantage": -5.587935447692871e-09,
  "std_advantage": 0.7409568428993225,
  "num_groups": 32.0
}
