{
  "type": "rollout",
  "grpo_step": 18,
  "num_questions": 32,
  "group_size": 8.0,
  "num_rollouts": 256,
  "reward": 0.22265625,
  "format_accuracy": 0.9296875,
  "answer_accuracy": 0.22265625,
  "avg_response_token_length": 56.3515625,
  "rollout_seconds": 7.34842848777771,
  "mean_reward": 0.22265625,
  "std_reward": 0.41684433817863464,
  "min_reward": 0.0,
  "max_reward": 1.0,
  "mean_advantage": 5.587935447692871e-09,
  "std_advantage": 0.7221953868865967,
  "num_groups": 32.0
}
