{
  "type": "rollout",
  "grpo_step": 20,
  "num_questions": 32,
  "group_size": 8.0,
  "num_rollouts": 256,
  "reward": 0.21875,
  "format_accuracy": 0.92578125,
  "answer_accuracy": 0.21875,
  "avg_response_token_length": 60.93359375,
  "rollout_seconds": 6.598735332489014,
  "mean_reward": 0.21875,
  "std_reward": 0.41420844197273254,
  "min_reward": 0.0,
  "max_reward": 1.0,
  "mean_advantage": 0.0,
  "std_advantage": 0.2638329863548279,
  "num_groups": 32.0
}
