{
  "type": "rollout",
  "grpo_step": 20,
  "num_questions": 32,
  "group_size": 8.0,
  "num_rollouts": 256,
  "reward": 0.18359375,
  "format_accuracy": 0.8828125,
  "answer_accuracy": 0.18359375,
  "avg_response_token_length": 80.765625,
  "rollout_seconds": 7.018312931060791,
  "mean_reward": 0.18359375,
  "std_reward": 0.3879109025001526,
  "min_reward": 0.0,
  "max_reward": 1.0,
  "mean_advantage": 2.7939677238464355e-09,
  "std_advantage": 0.4383559226989746,
  "num_groups": 32.0
}
