{
  "type": "rollout",
  "grpo_step": 2,
  "num_questions": 32,
  "group_size": 8.0,
  "num_rollouts": 256,
  "reward": 0.65234375,
  "format_accuracy": 0.96875,
  "answer_accuracy": 0.65234375,
  "avg_response_token_length": 189.4296875,
  "rollout_seconds": 8.714733839035034,
  "mean_reward": 0.65234375,
  "std_reward": 0.4771590530872345,
  "min_reward": 0.0,
  "max_reward": 1.0,
  "mean_advantage": -6.51925802230835e-09,
  "std_advantage": 0.7592546939849854,
  "num_groups": 32.0
}
