{
  "type": "rollout",
  "grpo_step": 169,
  "num_questions": 32,
  "group_size": 8.0,
  "num_rollouts": 256,
  "reward": 0.8203125,
  "format_accuracy": 0.96875,
  "answer_accuracy": 0.8203125,
  "avg_response_token_length": 435.4453125,
  "rollout_seconds": 14.306228160858154,
  "mean_reward": 0.8203125,
  "std_reward": 0.38467901945114136,
  "min_reward": 0.0,
  "max_reward": 1.0,
  "mean_advantage": -3.259629011154175e-09,
  "std_advantage": 0.3704785108566284,
  "num_groups": 32.0
}
