{
  "type": "rollout",
  "grpo_step": 44,
  "num_questions": 32,
  "group_size": 8.0,
  "num_rollouts": 256,
  "reward": 0.26953125,
  "format_accuracy": 0.94140625,
  "answer_accuracy": 0.26953125,
  "avg_response_token_length": 24.51953125,
  "rollout_seconds": 3.914849042892456,
  "mean_reward": 0.26953125,
  "std_reward": 0.4445854723453522,
  "min_reward": 0.0,
  "max_reward": 1.0,
  "mean_advantage": -1.862645149230957e-09,
  "std_advantage": 0.4686221778392792,
  "num_groups": 32.0
}
