{
  "type": "rollout",
  "grpo_step": 105,
  "num_questions": 32,
  "group_size": 8.0,
  "num_rollouts": 256,
  "reward": 0.265625,
  "format_accuracy": 0.625,
  "answer_accuracy": 0.265625,
  "avg_response_token_length": 376.54296875,
  "rollout_seconds": 13.658359050750732,
  "mean_reward": 0.265625,
  "std_reward": 0.4425306022167206,
  "min_reward": 0.0,
  "max_reward": 1.0,
  "mean_advantage": 0.0,
  "std_advantage": 0.3486669361591339,
  "num_groups": 32.0
}
