{
  "type": "rollout",
  "grpo_step": 19,
  "num_questions": 32,
  "group_size": 8.0,
  "num_rollouts": 256,
  "reward": 0.1484375,
  "format_accuracy": 0.82421875,
  "answer_accuracy": 0.1484375,
  "avg_response_token_length": 99.90234375,
  "rollout_seconds": 7.469146966934204,
  "mean_reward": 0.1484375,
  "std_reward": 0.3562295734882355,
  "min_reward": 0.0,
  "max_reward": 1.0,
  "mean_advantage": -4.656612873077393e-10,
  "std_advantage": 0.4383560121059418,
  "num_groups": 32.0
}
