{
  "num_examples": 3199,
  "reward": 0.33854329477961864,
  "format_accuracy": 0.8427633635511097,
  "answer_accuracy": 0.33854329477961864,
  "temperature": 1.0,
  "top_p": 1.0,
  "max_tokens": 1024,
  "stop": "</answer>",
  "include_stop_str_in_output": true,
  "eval_seconds": 119.74723982810974
}
