{
  "type": "rollout",
  "grpo_step": 4,
  "num_questions": 32,
  "group_size": 8.0,
  "num_rollouts": 256,
  "reward": 0.265625,
  "format_accuracy": 0.70703125,
  "answer_accuracy": 0.265625,
  "avg_response_token_length": 264.84375,
  "rollout_seconds": 11.92809772491455,
  "mean_reward": 0.265625,
  "std_reward": 0.4425306022167206,
  "min_reward": 0.0,
  "max_reward": 1.0,
  "mean_advantage": 0.0,
  "std_advantage": 0.3514675199985504,
  "num_groups": 32.0
}
