{
  "type": "rollout",
  "grpo_step": 289,
  "num_questions": 32,
  "group_size": 8.0,
  "num_rollouts": 256,
  "reward": 0.69921875,
  "format_accuracy": 0.984375,
  "answer_accuracy": 0.69921875,
  "avg_response_token_length": 343.87109375,
  "rollout_seconds": 10.102708339691162,
  "mean_reward": 0.69921875,
  "std_reward": 0.45949608087539673,
  "min_reward": 0.0,
  "max_reward": 1.0,
  "mean_advantage": -1.862645149230957e-09,
  "std_advantage": 0.5495081543922424,
  "num_groups": 32.0
}
