{
  "type": "rollout",
  "grpo_step": 23,
  "num_questions": 32,
  "group_size": 8.0,
  "num_rollouts": 256,
  "reward": 0.51953125,
  "format_accuracy": 0.7734375,
  "answer_accuracy": 0.51953125,
  "avg_response_token_length": 374.91015625,
  "rollout_seconds": 13.163403749465942,
  "mean_reward": 0.51953125,
  "std_reward": 0.5005970597267151,
  "min_reward": 0.0,
  "max_reward": 1.0,
  "mean_advantage": -3.725290298461914e-09,
  "std_advantage": 0.7409566640853882,
  "num_groups": 32.0
}
