{
  "type": "rollout",
  "grpo_step": 18,
  "num_questions": 32,
  "group_size": 8.0,
  "num_rollouts": 256,
  "reward": 0.05078125,
  "format_accuracy": 0.0859375,
  "answer_accuracy": 0.05078125,
  "avg_response_token_length": 544.03515625,
  "rollout_seconds": 16.40748620033264,
  "mean_reward": 0.05078125,
  "std_reward": 0.21998077630996704,
  "min_reward": 0.0,
  "max_reward": 1.0,
  "mean_advantage": 0.0,
  "std_advantage": 0.1865580976009369,
  "num_groups": 32.0
}
