{
  "type": "rollout",
  "grpo_step": 133,
  "num_questions": 32,
  "group_size": 8.0,
  "num_rollouts": 256,
  "reward": 0.51171875,
  "format_accuracy": 0.89453125,
  "answer_accuracy": 0.51171875,
  "avg_response_token_length": 209.8828125,
  "rollout_seconds": 15.796360969543457,
  "mean_reward": 0.51171875,
  "std_reward": 0.5008417963981628,
  "min_reward": 0.0,
  "max_reward": 1.0,
  "mean_advantage": -7.916241884231567e-09,
  "std_advantage": 0.7945876717567444,
  "num_groups": 32.0
}
