{
  "type": "rollout",
  "grpo_step": 182,
  "num_questions": 32,
  "group_size": 8.0,
  "num_rollouts": 256,
  "reward": 0.8046875,
  "format_accuracy": 0.9609375,
  "answer_accuracy": 0.8046875,
  "avg_response_token_length": 446.0,
  "rollout_seconds": 14.60650086402893,
  "mean_reward": 0.8046875,
  "std_reward": 0.39721766114234924,
  "min_reward": 0.0,
  "max_reward": 1.0,
  "mean_advantage": -4.6566128730773926e-09,
  "std_advantage": 0.49704888463020325,
  "num_groups": 32.0
}
