{
  "type": "rollout",
  "grpo_step": 164,
  "num_questions": 32,
  "group_size": 8.0,
  "num_rollouts": 256,
  "reward": 0.49609375,
  "format_accuracy": 0.671875,
  "answer_accuracy": 0.49609375,
  "avg_response_token_length": 478.9453125,
  "rollout_seconds": 32.40494418144226,
  "mean_reward": 0.49609375,
  "std_reward": 0.5009641647338867,
  "min_reward": 0.0,
  "max_reward": 1.0,
  "mean_advantage": 0.0,
  "std_advantage": 0.6831284165382385,
  "num_groups": 32.0
}
