{
  "type": "rollout",
  "grpo_step": 168,
  "num_questions": 32,
  "group_size": 8.0,
  "num_rollouts": 256,
  "reward": 0.63671875,
  "format_accuracy": 0.94140625,
  "answer_accuracy": 0.63671875,
  "avg_response_token_length": 267.48828125,
  "rollout_seconds": 10.857548475265503,
  "mean_reward": 0.63671875,
  "std_reward": 0.48188698291778564,
  "min_reward": 0.0,
  "max_reward": 1.0,
  "mean_advantage": -2.7939677238464355e-09,
  "std_advantage": 0.5739427804946899,
  "num_groups": 32.0
}
