{
  "num_examples": 1024,
  "reward": 0.748046875,
  "format_accuracy": 0.9501953125,
  "answer_accuracy": 0.748046875,
  "temperature": 1.0,
  "top_p": 1.0,
  "max_tokens": 1024,
  "stop": null,
  "include_stop_str_in_output": false,
  "eval_seconds": 70.19765973091125
}
