{
  "num_examples": 1024,
  "reward": 0.8095703125,
  "format_accuracy": 0.9736328125,
  "answer_accuracy": 0.8095703125,
  "temperature": 1.0,
  "top_p": 1.0,
  "max_tokens": 1024,
  "stop": null,
  "include_stop_str_in_output": false,
  "eval_seconds": 67.26837348937988
}
