{
  "type": "rollout",
  "grpo_step": 163,
  "num_questions": 32,
  "group_size": 8.0,
  "num_rollouts": 256,
  "reward": 0.33203125,
  "format_accuracy": 0.9453125,
  "answer_accuracy": 0.33203125,
  "avg_response_token_length": 18.20703125,
  "rollout_seconds": 1.6775932312011719,
  "mean_reward": 0.33203125,
  "std_reward": 0.47186464071273804,
  "min_reward": 0.0,
  "max_reward": 1.0,
  "mean_advantage": 3.725290298461914e-09,
  "std_advantage": 0.5739426016807556,
  "num_groups": 32.0
}
