{
  "type": "rollout",
  "grpo_step": 37,
  "num_questions": 32,
  "group_size": 8.0,
  "num_rollouts": 256,
  "reward": 0.52734375,
  "format_accuracy": 0.96875,
  "answer_accuracy": 0.52734375,
  "avg_response_token_length": 231.80078125,
  "rollout_seconds": 12.582569599151611,
  "mean_reward": 0.52734375,
  "std_reward": 0.5002297163009644,
  "min_reward": 0.0,
  "max_reward": 1.0,
  "mean_advantage": -1.862645149230957e-09,
  "std_advantage": 0.6831284761428833,
  "num_groups": 32.0
}
