{
  "type": "rollout",
  "grpo_step": 196,
  "num_questions": 32,
  "group_size": 8.0,
  "num_rollouts": 256,
  "reward": 0.30078125,
  "format_accuracy": 1.0,
  "answer_accuracy": 0.30078125,
  "avg_response_token_length": 19.62109375,
  "rollout_seconds": 2.214015245437622,
  "mean_reward": 0.30078125,
  "std_reward": 0.45949608087539673,
  "min_reward": 0.0,
  "max_reward": 1.0,
  "mean_advantage": -9.313225746154785e-10,
  "std_advantage": 0.5239356756210327,
  "num_groups": 32.0
}
