{
  "type": "rollout",
  "grpo_step": 108,
  "num_questions": 32,
  "group_size": 8.0,
  "num_rollouts": 256,
  "reward": 0.48828125,
  "format_accuracy": 0.8828125,
  "answer_accuracy": 0.48828125,
  "avg_response_token_length": 242.046875,
  "rollout_seconds": 10.243093490600586,
  "mean_reward": 0.48828125,
  "std_reward": 0.5008417963981628,
  "min_reward": 0.0,
  "max_reward": 1.0,
  "mean_advantage": -9.313225746154785e-10,
  "std_advantage": 0.7029333114624023,
  "num_groups": 32.0
}
