{
  "type": "rollout",
  "grpo_step": 45,
  "num_questions": 32,
  "group_size": 8.0,
  "num_rollouts": 256,
  "reward": 0.05078125,
  "format_accuracy": 0.0859375,
  "answer_accuracy": 0.05078125,
  "avg_response_token_length": 947.45703125,
  "rollout_seconds": 27.93255090713501,
  "mean_reward": 0.05078125,
  "std_reward": 0.21998077630996704,
  "min_reward": 0.0,
  "max_reward": 1.0,
  "mean_advantage": -1.3969838619232178e-09,
  "std_advantage": 0.3313659727573395,
  "num_groups": 32.0
}
