{
  "type": "rollout",
  "grpo_step": 130,
  "num_questions": 32,
  "group_size": 8.0,
  "num_rollouts": 256,
  "reward": 0.78125,
  "format_accuracy": 0.953125,
  "answer_accuracy": 0.78125,
  "avg_response_token_length": 344.15625,
  "rollout_seconds": 12.202857732772827,
  "mean_reward": 0.78125,
  "std_reward": 0.41420844197273254,
  "min_reward": 0.0,
  "max_reward": 1.0,
  "mean_advantage": 1.3969838619232178e-09,
  "std_advantage": 0.4058387577533722,
  "num_groups": 32.0
}
