{
  "type": "rollout",
  "grpo_step": 155,
  "num_questions": 32,
  "group_size": 8.0,
  "num_rollouts": 256,
  "reward": 0.74609375,
  "format_accuracy": 0.9921875,
  "answer_accuracy": 0.74609375,
  "avg_response_token_length": 446.01953125,
  "rollout_seconds": 14.670083999633789,
  "mean_reward": 0.74609375,
  "std_reward": 0.4360972046852112,
  "min_reward": 0.0,
  "max_reward": 1.0,
  "mean_advantage": -2.7939677238464355e-09,
  "std_advantage": 0.6627320051193237,
  "num_groups": 32.0
}
