{
  "type": "rollout",
  "grpo_step": 112,
  "num_questions": 32,
  "group_size": 8.0,
  "num_rollouts": 256,
  "reward": 0.26953125,
  "format_accuracy": 0.515625,
  "answer_accuracy": 0.26953125,
  "avg_response_token_length": 520.27734375,
  "rollout_seconds": 16.685988903045654,
  "mean_reward": 0.26953125,
  "std_reward": 0.4445854723453522,
  "min_reward": 0.0,
  "max_reward": 1.0,
  "mean_advantage": 0.0,
  "std_advantage": 0.32160747051239014,
  "num_groups": 32.0
}
