{
  "type": "rollout",
  "grpo_step": 112,
  "num_questions": 32,
  "group_size": 8.0,
  "num_rollouts": 256,
  "reward": 0.6328125,
  "format_accuracy": 0.90625,
  "answer_accuracy": 0.6328125,
  "avg_response_token_length": 392.6953125,
  "rollout_seconds": 13.881448745727539,
  "mean_reward": 0.6328125,
  "std_reward": 0.48298245668411255,
  "min_reward": 0.0,
  "max_reward": 1.0,
  "mean_advantage": -6.51925802230835e-09,
  "std_advantage": 0.6416873931884766,
  "num_groups": 32.0
}
