{
  "type": "rollout",
  "grpo_step": 30,
  "num_questions": 32,
  "group_size": 8.0,
  "num_rollouts": 256,
  "reward": 0.609375,
  "format_accuracy": 0.9375,
  "answer_accuracy": 0.609375,
  "avg_response_token_length": 313.98828125,
  "rollout_seconds": 13.589531898498535,
  "mean_reward": 0.609375,
  "std_reward": 0.48884618282318115,
  "min_reward": 0.0,
  "max_reward": 1.0,
  "mean_advantage": 0.0,
  "std_advantage": 0.3146738111972809,
  "num_groups": 32.0
}
