{
  "type": "rollout",
  "grpo_step": 51,
  "num_questions": 32,
  "group_size": 8.0,
  "num_rollouts": 256,
  "reward": 0.4921875,
  "format_accuracy": 0.921875,
  "answer_accuracy": 0.4921875,
  "avg_response_token_length": 68.390625,
  "rollout_seconds": 6.630842208862305,
  "mean_reward": 0.4921875,
  "std_reward": 0.5009182691574097,
  "min_reward": 0.0,
  "max_reward": 1.0,
  "mean_advantage": 2.3283064365386963e-09,
  "std_advantage": 0.6627318859100342,
  "num_groups": 32.0
}
