{
  "type": "rollout",
  "grpo_step": 51,
  "num_questions": 32,
  "group_size": 8.0,
  "num_rollouts": 256,
  "reward": 0.4765625,
  "format_accuracy": 0.94921875,
  "answer_accuracy": 0.4765625,
  "avg_response_token_length": 25.71484375,
  "rollout_seconds": 3.1347298622131348,
  "mean_reward": 0.4765625,
  "std_reward": 0.5004287362098694,
  "min_reward": 0.0,
  "max_reward": 1.0,
  "mean_advantage": 0.0,
  "std_advantage": 0.619928777217865,
  "num_groups": 32.0
}
