{
  "type": "rollout",
  "grpo_step": 76,
  "num_questions": 32,
  "group_size": 8.0,
  "num_rollouts": 256,
  "reward": 0.49609375,
  "format_accuracy": 0.828125,
  "answer_accuracy": 0.49609375,
  "avg_response_token_length": 254.8984375,
  "rollout_seconds": 10.470998048782349,
  "mean_reward": 0.49609375,
  "std_reward": 0.5009641647338867,
  "min_reward": 0.0,
  "max_reward": 1.0,
  "mean_advantage": -3.725290298461914e-09,
  "std_advantage": 0.7592548727989197,
  "num_groups": 32.0
}
