{
  "type": "rollout",
  "grpo_step": 30,
  "num_questions": 32,
  "group_size": 8.0,
  "num_rollouts": 256,
  "reward": 0.7578125,
  "format_accuracy": 0.94921875,
  "answer_accuracy": 0.7578125,
  "avg_response_token_length": 316.40625,
  "rollout_seconds": 12.251963376998901,
  "mean_reward": 0.7578125,
  "std_reward": 0.42924636602401733,
  "min_reward": 0.0,
  "max_reward": 1.0,
  "mean_advantage": -2.7939677238464355e-09,
  "std_advantage": 0.5739427208900452,
  "num_groups": 32.0
}
