{
  "type": "rollout",
  "grpo_step": 58,
  "num_questions": 32,
  "group_size": 8.0,
  "num_rollouts": 256,
  "reward": 0.265625,
  "format_accuracy": 0.77734375,
  "answer_accuracy": 0.265625,
  "avg_response_token_length": 207.37890625,
  "rollout_seconds": 9.605393886566162,
  "mean_reward": 0.265625,
  "std_reward": 0.4425306022167206,
  "min_reward": 0.0,
  "max_reward": 1.0,
  "mean_advantage": -1.3969838619232178e-09,
  "std_advantage": 0.549508273601532,
  "num_groups": 32.0
}
