{
  "type": "rollout",
  "grpo_step": 102,
  "num_questions": 32,
  "group_size": 8.0,
  "num_rollouts": 256,
  "reward": 0.3828125,
  "format_accuracy": 0.8125,
  "answer_accuracy": 0.3828125,
  "avg_response_token_length": 60.05859375,
  "rollout_seconds": 6.414183139801025,
  "mean_reward": 0.3828125,
  "std_reward": 0.48702529072761536,
  "min_reward": 0.0,
  "max_reward": 1.0,
  "mean_advantage": -1.5832483768463135e-08,
  "std_advantage": 0.6627317070960999,
  "num_groups": 32.0
}
