{
  "type": "rollout",
  "grpo_step": 6,
  "num_questions": 32,
  "group_size": 8.0,
  "num_rollouts": 256,
  "reward": 0.28125,
  "format_accuracy": 0.88671875,
  "answer_accuracy": 0.28125,
  "avg_response_token_length": 185.4921875,
  "rollout_seconds": 9.837721109390259,
  "mean_reward": 0.28125,
  "std_reward": 0.45048993825912476,
  "min_reward": 0.0,
  "max_reward": 1.0,
  "mean_advantage": 5.587935447692871e-09,
  "std_advantage": 0.7029334306716919,
  "num_groups": 32.0
}
