{
  "type": "rollout",
  "grpo_step": 145,
  "num_questions": 32,
  "group_size": 8.0,
  "num_rollouts": 256,
  "reward": 0.609375,
  "format_accuracy": 0.91015625,
  "answer_accuracy": 0.609375,
  "avg_response_token_length": 493.12890625,
  "rollout_seconds": 16.438274383544922,
  "mean_reward": 0.609375,
  "std_reward": 0.48884618282318115,
  "min_reward": 0.0,
  "max_reward": 1.0,
  "mean_advantage": 5.587935447692871e-09,
  "std_advantage": 0.6416875123977661,
  "num_groups": 32.0
}
