{
  "type": "rollout",
  "grpo_step": 332,
  "num_questions": 32,
  "group_size": 8.0,
  "num_rollouts": 256,
  "reward": 0.859375,
  "format_accuracy": 0.96484375,
  "answer_accuracy": 0.859375,
  "avg_response_token_length": 345.078125,
  "rollout_seconds": 12.54309368133545,
  "mean_reward": 0.859375,
  "std_reward": 0.3483152687549591,
  "min_reward": 0.0,
  "max_reward": 1.0,
  "mean_advantage": -2.7939677238464355e-09,
  "std_advantage": 0.49704891443252563,
  "num_groups": 32.0
}
