{
  "type": "rollout",
  "grpo_step": 73,
  "num_questions": 32,
  "group_size": 8.0,
  "num_rollouts": 256,
  "reward": 0.34375,
  "format_accuracy": 1.0,
  "answer_accuracy": 0.34375,
  "avg_response_token_length": 20.8203125,
  "rollout_seconds": 1.4955523014068604,
  "mean_reward": 0.34375,
  "std_reward": 0.47588926553726196,
  "min_reward": 0.0,
  "max_reward": 1.0,
  "mean_advantage": -2.7939677238464355e-09,
  "std_advantage": 0.4058387875556946,
  "num_groups": 32.0
}
