{
  "type": "rollout",
  "grpo_step": 74,
  "num_questions": 32,
  "group_size": 8.0,
  "num_rollouts": 256,
  "reward": 0.71484375,
  "format_accuracy": 0.828125,
  "answer_accuracy": 0.71484375,
  "avg_response_token_length": 456.35546875,
  "rollout_seconds": 20.18789768218994,
  "mean_reward": 0.71484375,
  "std_reward": 0.4523732364177704,
  "min_reward": 0.0,
  "max_reward": 1.0,
  "mean_advantage": -5.587935447692871e-09,
  "std_advantage": 0.46862223744392395,
  "num_groups": 32.0
}
