{
  "type": "rollout",
  "grpo_step": 93,
  "num_questions": 32,
  "group_size": 8.0,
  "num_rollouts": 256,
  "reward": 0.75,
  "format_accuracy": 0.90625,
  "answer_accuracy": 0.75,
  "avg_response_token_length": 420.86328125,
  "rollout_seconds": 11.31203842163086,
  "mean_reward": 0.75,
  "std_reward": 0.4338609278202057,
  "min_reward": 0.0,
  "max_reward": 1.0,
  "mean_advantage": -9.313225746154785e-10,
  "std_advantage": 0.5739426016807556,
  "num_groups": 32.0
}
