{
  "type": "rollout",
  "grpo_step": 140,
  "num_questions": 32,
  "group_size": 8.0,
  "num_rollouts": 256,
  "reward": 0.64453125,
  "format_accuracy": 0.9609375,
  "answer_accuracy": 0.64453125,
  "avg_response_token_length": 518.44140625,
  "rollout_seconds": 16.20562982559204,
  "mean_reward": 0.64453125,
  "std_reward": 0.4795927405357361,
  "min_reward": 0.0,
  "max_reward": 1.0,
  "mean_advantage": -1.862645149230957e-09,
  "std_advantage": 0.6199288964271545,
  "num_groups": 32.0
}
