{
  "type": "rollout",
  "grpo_step": 110,
  "num_questions": 32,
  "group_size": 8.0,
  "num_rollouts": 256,
  "reward": 0.7421875,
  "format_accuracy": 0.96484375,
  "answer_accuracy": 0.7421875,
  "avg_response_token_length": 342.484375,
  "rollout_seconds": 12.300593137741089,
  "mean_reward": 0.7421875,
  "std_reward": 0.4382871091365814,
  "min_reward": 0.0,
  "max_reward": 1.0,
  "mean_advantage": -3.026798367500305e-09,
  "std_advantage": 0.5973784327507019,
  "num_groups": 32.0
}
