{
  "type": "rollout",
  "grpo_step": 73,
  "num_questions": 32,
  "group_size": 8.0,
  "num_rollouts": 256,
  "reward": 0.3203125,
  "format_accuracy": 0.80078125,
  "answer_accuracy": 0.3203125,
  "avg_response_token_length": 186.19921875,
  "rollout_seconds": 9.368475914001465,
  "mean_reward": 0.3203125,
  "std_reward": 0.4675106108188629,
  "min_reward": 0.0,
  "max_reward": 1.0,
  "mean_advantage": -2.7939677238464355e-09,
  "std_advantage": 0.7945876717567444,
  "num_groups": 32.0
}
