{
  "type": "rollout",
  "grpo_step": 172,
  "num_questions": 32,
  "group_size": 8.0,
  "num_rollouts": 256,
  "reward": 0.48828125,
  "format_accuracy": 0.56640625,
  "answer_accuracy": 0.48828125,
  "avg_response_token_length": 574.35546875,
  "rollout_seconds": 18.474894285202026,
  "mean_reward": 0.48828125,
  "std_reward": 0.5008417963981628,
  "min_reward": 0.0,
  "max_reward": 1.0,
  "mean_advantage": -3.725290298461914e-09,
  "std_advantage": 0.6831285357475281,
  "num_groups": 32.0
}
