{
  "type": "rollout",
  "grpo_step": 100,
  "num_questions": 32,
  "group_size": 8.0,
  "num_rollouts": 256,
  "reward": 0.66796875,
  "format_accuracy": 0.87109375,
  "answer_accuracy": 0.66796875,
  "avg_response_token_length": 339.56640625,
  "rollout_seconds": 12.294899225234985,
  "mean_reward": 0.66796875,
  "std_reward": 0.47186464071273804,
  "min_reward": 0.0,
  "max_reward": 1.0,
  "mean_advantage": -9.313225746154785e-10,
  "std_advantage": 0.7221953868865967,
  "num_groups": 32.0
}
