{
  "type": "rollout",
  "grpo_step": 144,
  "num_questions": 32,
  "group_size": 8.0,
  "num_rollouts": 256,
  "reward": 0.68359375,
  "format_accuracy": 0.86328125,
  "answer_accuracy": 0.68359375,
  "avg_response_token_length": 538.80078125,
  "rollout_seconds": 17.275985717773438,
  "mean_reward": 0.68359375,
  "std_reward": 0.4659844934940338,
  "min_reward": 0.0,
  "max_reward": 1.0,
  "mean_advantage": -1.3969838619232178e-09,
  "std_advantage": 0.46862220764160156,
  "num_groups": 32.0
}
