{
  "type": "rollout",
  "grpo_step": 26,
  "num_questions": 32,
  "group_size": 8.0,
  "num_rollouts": 256,
  "reward": 0.37109375,
  "format_accuracy": 0.86328125,
  "answer_accuracy": 0.37109375,
  "avg_response_token_length": 277.2890625,
  "rollout_seconds": 11.019416332244873,
  "mean_reward": 0.37109375,
  "std_reward": 0.48404380679130554,
  "min_reward": 0.0,
  "max_reward": 1.0,
  "mean_advantage": 0.0,
  "std_advantage": 0.7771221995353699,
  "num_groups": 32.0
}
