{
  "type": "rollout",
  "grpo_step": 200,
  "num_questions": 32,
  "group_size": 8.0,
  "num_rollouts": 256,
  "reward": 0.6015625,
  "format_accuracy": 0.98046875,
  "answer_accuracy": 0.6015625,
  "avg_response_token_length": 207.1796875,
  "rollout_seconds": 9.72878098487854,
  "mean_reward": 0.6015625,
  "std_reward": 0.4905354082584381,
  "min_reward": 0.0,
  "max_reward": 1.0,
  "mean_advantage": 0.0,
  "std_advantage": 0.7409568428993225,
  "num_groups": 32.0
}
