{
  "type": "rollout",
  "grpo_step": 16,
  "num_questions": 32,
  "group_size": 8.0,
  "num_rollouts": 256,
  "reward": 0.19140625,
  "format_accuracy": 0.91015625,
  "answer_accuracy": 0.19140625,
  "avg_response_token_length": 27.6484375,
  "rollout_seconds": 4.865797758102417,
  "mean_reward": 0.19140625,
  "std_reward": 0.39417868852615356,
  "min_reward": 0.0,
  "max_reward": 1.0,
  "mean_advantage": 1.7462298274040222e-09,
  "std_advantage": 0.4058387875556946,
  "num_groups": 32.0
}
