{
  "type": "rollout",
  "grpo_step": 16,
  "num_questions": 32,
  "group_size": 8.0,
  "num_rollouts": 256,
  "reward": 0.2265625,
  "format_accuracy": 0.90625,
  "answer_accuracy": 0.2265625,
  "avg_response_token_length": 53.40234375,
  "rollout_seconds": 6.413931131362915,
  "mean_reward": 0.2265625,
  "std_reward": 0.41942712664604187,
  "min_reward": 0.0,
  "max_reward": 1.0,
  "mean_advantage": 0.0,
  "std_advantage": 0.22578838467597961,
  "num_groups": 32.0
}
