{
  "type": "rollout",
  "grpo_step": 188,
  "num_questions": 32,
  "group_size": 8.0,
  "num_rollouts": 256,
  "reward": 0.66015625,
  "format_accuracy": 0.9296875,
  "answer_accuracy": 0.66015625,
  "avg_response_token_length": 307.3671875,
  "rollout_seconds": 11.415051937103271,
  "mean_reward": 0.66015625,
  "std_reward": 0.47458380460739136,
  "min_reward": 0.0,
  "max_reward": 1.0,
  "mean_advantage": 0.0,
  "std_advantage": 0.7029334902763367,
  "num_groups": 32.0
}
