{
  "type": "rollout",
  "grpo_step": 42,
  "num_questions": 32,
  "group_size": 8.0,
  "num_rollouts": 256,
  "reward": 0.23046875,
  "format_accuracy": 0.73046875,
  "answer_accuracy": 0.23046875,
  "avg_response_token_length": 72.26171875,
  "rollout_seconds": 6.682060956954956,
  "mean_reward": 0.23046875,
  "std_reward": 0.4219578206539154,
  "min_reward": 0.0,
  "max_reward": 1.0,
  "mean_advantage": 7.450580596923828e-09,
  "std_advantage": 0.6831285357475281,
  "num_groups": 32.0
}
