{
  "type": "rollout",
  "grpo_step": 359,
  "num_questions": 32,
  "group_size": 8.0,
  "num_rollouts": 256,
  "reward": 0.71875,
  "format_accuracy": 0.91796875,
  "answer_accuracy": 0.71875,
  "avg_response_token_length": 429.921875,
  "rollout_seconds": 14.168052911758423,
  "mean_reward": 0.71875,
  "std_reward": 0.45048993825912476,
  "min_reward": 0.0,
  "max_reward": 1.0,
  "mean_advantage": 0.0,
  "std_advantage": 0.5239354372024536,
  "num_groups": 32.0
}
