{
  "type": "rollout",
  "grpo_step": 36,
  "num_questions": 32,
  "group_size": 8.0,
  "num_rollouts": 256,
  "reward": 0.6171875,
  "format_accuracy": 0.88671875,
  "answer_accuracy": 0.6171875,
  "avg_response_token_length": 563.96484375,
  "rollout_seconds": 21.17470669746399,
  "mean_reward": 0.6171875,
  "std_reward": 0.48702529072761536,
  "min_reward": 0.0,
  "max_reward": 1.0,
  "mean_advantage": -2.0954757928848267e-09,
  "std_advantage": 0.6627318859100342,
  "num_groups": 32.0
}
