{
  "type": "rollout",
  "grpo_step": 220,
  "num_questions": 32,
  "group_size": 8.0,
  "num_rollouts": 256,
  "reward": 0.828125,
  "format_accuracy": 0.984375,
  "answer_accuracy": 0.828125,
  "avg_response_token_length": 319.15234375,
  "rollout_seconds": 9.304545164108276,
  "mean_reward": 0.828125,
  "std_reward": 0.3780107796192169,
  "min_reward": 0.0,
  "max_reward": 1.0,
  "mean_advantage": 1.3969838619232178e-09,
  "std_advantage": 0.3313659727573395,
  "num_groups": 32.0
}
