{
  "type": "rollout",
  "grpo_step": 22,
  "num_questions": 32,
  "group_size": 8.0,
  "num_rollouts": 256,
  "reward": 0.55078125,
  "format_accuracy": 0.80859375,
  "answer_accuracy": 0.55078125,
  "avg_response_token_length": 375.9921875,
  "rollout_seconds": 12.961828708648682,
  "mean_reward": 0.55078125,
  "std_reward": 0.49838894605636597,
  "min_reward": 0.0,
  "max_reward": 1.0,
  "mean_advantage": 1.862645149230957e-09,
  "std_advantage": 0.7221953272819519,
  "num_groups": 32.0
}
