{
  "type": "rollout",
  "grpo_step": 120,
  "num_questions": 32,
  "group_size": 8.0,
  "num_rollouts": 256,
  "reward": 0.36328125,
  "format_accuracy": 0.8671875,
  "answer_accuracy": 0.36328125,
  "avg_response_token_length": 251.46484375,
  "rollout_seconds": 10.25661587715149,
  "mean_reward": 0.36328125,
  "std_reward": 0.48188698291778564,
  "min_reward": 0.0,
  "max_reward": 1.0,
  "mean_advantage": 4.6566128730773926e-09,
  "std_advantage": 0.7029334902763367,
  "num_groups": 32.0
}
