{
  "type": "rollout",
  "grpo_step": 96,
  "num_questions": 32,
  "group_size": 8.0,
  "num_rollouts": 256,
  "reward": 0.41796875,
  "format_accuracy": 0.5546875,
  "answer_accuracy": 0.41796875,
  "avg_response_token_length": 543.9453125,
  "rollout_seconds": 16.896088123321533,
  "mean_reward": 0.41796875,
  "std_reward": 0.49419113993644714,
  "min_reward": 0.0,
  "max_reward": 1.0,
  "mean_advantage": 4.6566128730773926e-09,
  "std_advantage": 0.7029333710670471,
  "num_groups": 32.0
}
