{
  "type": "rollout",
  "grpo_step": 6,
  "num_questions": 32,
  "group_size": 8.0,
  "num_rollouts": 256,
  "reward": 0.53515625,
  "format_accuracy": 0.8046875,
  "answer_accuracy": 0.53515625,
  "avg_response_token_length": 665.50390625,
  "rollout_seconds": 21.312650203704834,
  "mean_reward": 0.53515625,
  "std_reward": 0.49973952770233154,
  "min_reward": 0.0,
  "max_reward": 1.0,
  "mean_advantage": 0.0,
  "std_advantage": 0.2720654606819153,
  "num_groups": 32.0
}
