{
  "type": "rollout",
  "grpo_step": 3,
  "num_questions": 32,
  "group_size": 8.0,
  "num_rollouts": 256,
  "reward": 0.2265625,
  "format_accuracy": 0.7421875,
  "answer_accuracy": 0.2265625,
  "avg_response_token_length": 109.3046875,
  "rollout_seconds": 11.405340671539307,
  "mean_reward": 0.2265625,
  "std_reward": 0.41942712664604187,
  "min_reward": 0.0,
  "max_reward": 1.0,
  "mean_advantage": -1.862645149230957e-09,
  "std_advantage": 0.7221955060958862,
  "num_groups": 32.0
}
