{
  "type": "rollout",
  "grpo_step": 39,
  "num_questions": 32,
  "group_size": 8.0,
  "num_rollouts": 256,
  "reward": 0.28125,
  "format_accuracy": 0.98046875,
  "answer_accuracy": 0.28125,
  "avg_response_token_length": 23.98828125,
  "rollout_seconds": 3.221249580383301,
  "mean_reward": 0.28125,
  "std_reward": 0.45048993825912476,
  "min_reward": 0.0,
  "max_reward": 1.0,
  "mean_advantage": 0.0,
  "std_advantage": 0.49704891443252563,
  "num_groups": 32.0
}
