{
  "type": "rollout",
  "grpo_step": 166,
  "num_questions": 32,
  "group_size": 8.0,
  "num_rollouts": 256,
  "reward": 0.75,
  "format_accuracy": 0.96484375,
  "answer_accuracy": 0.75,
  "avg_response_token_length": 343.77734375,
  "rollout_seconds": 12.620932579040527,
  "mean_reward": 0.75,
  "std_reward": 0.4338609278202057,
  "min_reward": 0.0,
  "max_reward": 1.0,
  "mean_advantage": -2.7939677238464355e-09,
  "std_advantage": 0.6627318263053894,
  "num_groups": 32.0
}
