{
  "type": "rollout",
  "grpo_step": 44,
  "num_questions": 32,
  "group_size": 8.0,
  "num_rollouts": 256,
  "reward": 0.609375,
  "format_accuracy": 0.9140625,
  "answer_accuracy": 0.609375,
  "avg_response_token_length": 325.63671875,
  "rollout_seconds": 11.887370347976685,
  "mean_reward": 0.609375,
  "std_reward": 0.48884618282318115,
  "min_reward": 0.0,
  "max_reward": 1.0,
  "mean_advantage": 3.725290298461914e-09,
  "std_advantage": 0.4686221778392792,
  "num_groups": 32.0
}
