{
  "type": "rollout",
  "grpo_step": 47,
  "num_questions": 32,
  "group_size": 8.0,
  "num_rollouts": 256,
  "reward": 0.03125,
  "format_accuracy": 0.0546875,
  "answer_accuracy": 0.03125,
  "avg_response_token_length": 959.9296875,
  "rollout_seconds": 32.31044292449951,
  "mean_reward": 0.03125,
  "std_reward": 0.17433346807956696,
  "min_reward": 0.0,
  "max_reward": 1.0,
  "mean_advantage": 2.3283064365386963e-10,
  "std_advantage": 0.3313659429550171,
  "num_groups": 32.0
}
