{
  "type": "rollout",
  "grpo_step": 9,
  "num_questions": 32,
  "group_size": 8.0,
  "num_rollouts": 256,
  "reward": 0.4609375,
  "format_accuracy": 0.73046875,
  "answer_accuracy": 0.4609375,
  "avg_response_token_length": 327.83984375,
  "rollout_seconds": 13.114115476608276,
  "mean_reward": 0.4609375,
  "std_reward": 0.4994482398033142,
  "min_reward": 0.0,
  "max_reward": 1.0,
  "mean_advantage": 9.313225746154785e-10,
  "std_advantage": 0.7945877313613892,
  "num_groups": 32.0
}
