{
  "type": "rollout",
  "grpo_step": 178,
  "num_questions": 32,
  "group_size": 8.0,
  "num_rollouts": 256,
  "reward": 0.703125,
  "format_accuracy": 0.98046875,
  "answer_accuracy": 0.703125,
  "avg_response_token_length": 414.07421875,
  "rollout_seconds": 26.489190340042114,
  "mean_reward": 0.703125,
  "std_reward": 0.45777595043182373,
  "min_reward": 0.0,
  "max_reward": 1.0,
  "mean_advantage": 3.259629011154175e-09,
  "std_advantage": 0.46862226724624634,
  "num_groups": 32.0
}
