{
  "type": "rollout",
  "grpo_step": 73,
  "num_questions": 32,
  "group_size": 8.0,
  "num_rollouts": 256,
  "reward": 0.42578125,
  "format_accuracy": 0.66796875,
  "answer_accuracy": 0.42578125,
  "avg_response_token_length": 307.66796875,
  "rollout_seconds": 20.459237098693848,
  "mean_reward": 0.42578125,
  "std_reward": 0.49542948603630066,
  "min_reward": 0.0,
  "max_reward": 1.0,
  "mean_advantage": 0.0,
  "std_advantage": 0.7029332518577576,
  "num_groups": 32.0
}
