{
  "type": "rollout",
  "grpo_step": 105,
  "num_questions": 32,
  "group_size": 8.0,
  "num_rollouts": 256,
  "reward": 0.35546875,
  "format_accuracy": 0.8671875,
  "answer_accuracy": 0.35546875,
  "avg_response_token_length": 100.48046875,
  "rollout_seconds": 7.232052564620972,
  "mean_reward": 0.35546875,
  "std_reward": 0.4795927405357361,
  "min_reward": 0.0,
  "max_reward": 1.0,
  "mean_advantage": -1.1175870895385742e-08,
  "std_advantage": 0.5973783731460571,
  "num_groups": 32.0
}
