{
  "type": "rollout",
  "grpo_step": 23,
  "num_questions": 32,
  "group_size": 8.0,
  "num_rollouts": 256,
  "reward": 0.46875,
  "format_accuracy": 0.96875,
  "answer_accuracy": 0.46875,
  "avg_response_token_length": 206.953125,
  "rollout_seconds": 8.87688136100769,
  "mean_reward": 0.46875,
  "std_reward": 0.5,
  "min_reward": 0.0,
  "max_reward": 1.0,
  "mean_advantage": 3.841705620288849e-09,
  "std_advantage": 0.6831285357475281,
  "num_groups": 32.0
}
