{
  "type": "rollout",
  "grpo_step": 190,
  "num_questions": 32,
  "group_size": 8.0,
  "num_rollouts": 256,
  "reward": 0.2421875,
  "format_accuracy": 0.78515625,
  "answer_accuracy": 0.2421875,
  "avg_response_token_length": 193.9296875,
  "rollout_seconds": 9.404830694198608,
  "mean_reward": 0.2421875,
  "std_reward": 0.42924636602401733,
  "min_reward": 0.0,
  "max_reward": 1.0,
  "mean_advantage": 7.450580596923828e-09,
  "std_advantage": 0.7592548131942749,
  "num_groups": 32.0
}
