{
  "type": "rollout",
  "grpo_step": 190,
  "num_questions": 32,
  "group_size": 8.0,
  "num_rollouts": 256,
  "reward": 0.4609375,
  "format_accuracy": 0.9296875,
  "answer_accuracy": 0.4609375,
  "avg_response_token_length": 244.5859375,
  "rollout_seconds": 11.088327646255493,
  "mean_reward": 0.4609375,
  "std_reward": 0.4994482398033142,
  "min_reward": 0.0,
  "max_reward": 1.0,
  "mean_advantage": -9.313225746154785e-09,
  "std_advantage": 0.7592547535896301,
  "num_groups": 32.0
}
