{
  "type": "rollout",
  "grpo_step": 188,
  "num_questions": 32,
  "group_size": 8.0,
  "num_rollouts": 256,
  "reward": 0.30859375,
  "format_accuracy": 0.9921875,
  "answer_accuracy": 0.30859375,
  "avg_response_token_length": 25.11328125,
  "rollout_seconds": 5.54995584487915,
  "mean_reward": 0.30859375,
  "std_reward": 0.46281784772872925,
  "min_reward": 0.0,
  "max_reward": 1.0,
  "mean_advantage": -3.725290298461914e-09,
  "std_advantage": 0.4686221778392792,
  "num_groups": 32.0
}
