{
  "type": "rollout",
  "grpo_step": 336,
  "num_questions": 32,
  "group_size": 8.0,
  "num_rollouts": 256,
  "reward": 0.8046875,
  "format_accuracy": 0.9375,
  "answer_accuracy": 0.8046875,
  "avg_response_token_length": 372.2421875,
  "rollout_seconds": 13.000144004821777,
  "mean_reward": 0.8046875,
  "std_reward": 0.39721766114234924,
  "min_reward": 0.0,
  "max_reward": 1.0,
  "mean_advantage": 5.122274160385132e-09,
  "std_advantage": 0.497048944234848,
  "num_groups": 32.0
}
