{
  "type": "rollout",
  "grpo_step": 162,
  "num_questions": 32,
  "group_size": 8.0,
  "num_rollouts": 256,
  "reward": 0.81640625,
  "format_accuracy": 0.96484375,
  "answer_accuracy": 0.81640625,
  "avg_response_token_length": 322.51953125,
  "rollout_seconds": 12.20917797088623,
  "mean_reward": 0.81640625,
  "std_reward": 0.3879109025001526,
  "min_reward": 0.0,
  "max_reward": 1.0,
  "mean_advantage": -3.259629011154175e-09,
  "std_advantage": 0.6199288964271545,
  "num_groups": 32.0
}
