{
  "type": "rollout",
  "grpo_step": 118,
  "num_questions": 32,
  "group_size": 8.0,
  "num_rollouts": 256,
  "reward": 0.72265625,
  "format_accuracy": 0.9609375,
  "answer_accuracy": 0.72265625,
  "avg_response_token_length": 320.859375,
  "rollout_seconds": 22.236005544662476,
  "mean_reward": 0.72265625,
  "std_reward": 0.4485645592212677,
  "min_reward": 0.0,
  "max_reward": 1.0,
  "mean_advantage": 1.862645149230957e-09,
  "std_advantage": 0.438355952501297,
  "num_groups": 32.0
}
