{
  "type": "rollout",
  "grpo_step": 118,
  "num_questions": 32,
  "group_size": 8.0,
  "num_rollouts": 256,
  "reward": 0.57421875,
  "format_accuracy": 0.765625,
  "answer_accuracy": 0.57421875,
  "avg_response_token_length": 398.12109375,
  "rollout_seconds": 13.892000675201416,
  "mean_reward": 0.57421875,
  "std_reward": 0.49542948603630066,
  "min_reward": 0.0,
  "max_reward": 1.0,
  "mean_advantage": 2.3283064365386963e-09,
  "std_advantage": 0.4383560121059418,
  "num_groups": 32.0
}
