{
  "type": "rollout",
  "grpo_step": 67,
  "num_questions": 32,
  "group_size": 8.0,
  "num_rollouts": 256,
  "reward": 0.28515625,
  "format_accuracy": 0.94921875,
  "answer_accuracy": 0.28515625,
  "avg_response_token_length": 21.0546875,
  "rollout_seconds": 1.4488089084625244,
  "mean_reward": 0.28515625,
  "std_reward": 0.4523732364177704,
  "min_reward": 0.0,
  "max_reward": 1.0,
  "mean_advantage": -7.450580596923828e-09,
  "std_advantage": 0.4058387279510498,
  "num_groups": 32.0
}
