{
  "type": "rollout",
  "grpo_step": 32,
  "num_questions": 32,
  "group_size": 8.0,
  "num_rollouts": 256,
  "reward": 0.1171875,
  "format_accuracy": 0.98046875,
  "answer_accuracy": 0.1171875,
  "avg_response_token_length": 29.234375,
  "rollout_seconds": 5.533907413482666,
  "mean_reward": 0.1171875,
  "std_reward": 0.3222736418247223,
  "min_reward": 0.0,
  "max_reward": 1.0,
  "mean_advantage": 6.984919309616089e-10,
  "std_advantage": 0.37047839164733887,
  "num_groups": 32.0
}
