{
  "type": "rollout",
  "grpo_step": 141,
  "num_questions": 32,
  "group_size": 8.0,
  "num_rollouts": 256,
  "reward": 0.6953125,
  "format_accuracy": 0.9765625,
  "answer_accuracy": 0.6953125,
  "avg_response_token_length": 369.65234375,
  "rollout_seconds": 13.116810321807861,
  "mean_reward": 0.6953125,
  "std_reward": 0.4611765742301941,
  "min_reward": 0.0,
  "max_reward": 1.0,
  "mean_advantage": -3.725290298461914e-09,
  "std_advantage": 0.6627318859100342,
  "num_groups": 32.0
}
