{
  "type": "rollout",
  "grpo_step": 89,
  "num_questions": 32,
  "group_size": 8.0,
  "num_rollouts": 256,
  "reward": 0.7734375,
  "format_accuracy": 0.9453125,
  "answer_accuracy": 0.7734375,
  "avg_response_token_length": 350.76953125,
  "rollout_seconds": 12.970386505126953,
  "mean_reward": 0.7734375,
  "std_reward": 0.41942712664604187,
  "min_reward": 0.0,
  "max_reward": 1.0,
  "mean_advantage": 0.0,
  "std_advantage": 0.4383560121059418,
  "num_groups": 32.0
}
