{
  "type": "rollout",
  "grpo_step": 4,
  "num_questions": 32,
  "group_size": 8.0,
  "num_rollouts": 256,
  "reward": 0.13671875,
  "format_accuracy": 0.6875,
  "answer_accuracy": 0.13671875,
  "avg_response_token_length": 191.0,
  "rollout_seconds": 9.131713390350342,
  "mean_reward": 0.13671875,
  "std_reward": 0.34422317147254944,
  "min_reward": 0.0,
  "max_reward": 1.0,
  "mean_advantage": 0.0,
  "std_advantage": 0.2878248393535614,
  "num_groups": 32.0
}
