{
  "type": "rollout",
  "grpo_step": 42,
  "num_questions": 32,
  "group_size": 8.0,
  "num_rollouts": 256,
  "reward": 0.375,
  "format_accuracy": 0.98046875,
  "answer_accuracy": 0.375,
  "avg_response_token_length": 24.83984375,
  "rollout_seconds": 3.153632879257202,
  "mean_reward": 0.375,
  "std_reward": 0.48507124185562134,
  "min_reward": 0.0,
  "max_reward": 1.0,
  "mean_advantage": 1.1641532182693481e-10,
  "std_advantage": 0.43835583329200745,
  "num_groups": 32.0
}
