{
  "type": "rollout",
  "grpo_step": 1,
  "num_questions": 32,
  "group_size": 8.0,
  "num_rollouts": 256,
  "reward": 0.41015625,
  "format_accuracy": 0.875,
  "answer_accuracy": 0.41015625,
  "avg_response_token_length": 274.32421875,
  "rollout_seconds": 10.546749591827393,
  "mean_reward": 0.41015625,
  "std_reward": 0.49282535910606384,
  "min_reward": 0.0,
  "max_reward": 1.0,
  "mean_advantage": -1.862645149230957e-09,
  "std_advantage": 0.828415036201477,
  "num_groups": 32.0
}
