{
  "type": "rollout",
  "grpo_step": 126,
  "num_questions": 32,
  "group_size": 8.0,
  "num_rollouts": 256,
  "reward": 0.38671875,
  "format_accuracy": 0.9375,
  "answer_accuracy": 0.38671875,
  "avg_response_token_length": 27.48828125,
  "rollout_seconds": 5.889467239379883,
  "mean_reward": 0.38671875,
  "std_reward": 0.4879522919654846,
  "min_reward": 0.0,
  "max_reward": 1.0,
  "mean_advantage": 0.0,
  "std_advantage": 0.3313659131526947,
  "num_groups": 32.0
}
