{
  "type": "rollout",
  "grpo_step": 362,
  "num_questions": 32,
  "group_size": 8.0,
  "num_rollouts": 256,
  "reward": 0.7578125,
  "format_accuracy": 0.9296875,
  "answer_accuracy": 0.7578125,
  "avg_response_token_length": 487.7734375,
  "rollout_seconds": 12.445501565933228,
  "mean_reward": 0.7578125,
  "std_reward": 0.42924636602401733,
  "min_reward": 0.0,
  "max_reward": 1.0,
  "mean_advantage": -4.6566128730773926e-09,
  "std_advantage": 0.49704891443252563,
  "num_groups": 32.0
}
