{
  "type": "rollout",
  "ei_step": 3,
  "num_questions": 2048,
  "rollouts_per_question": 4,
  "num_rollouts": 8192,
  "num_accepted": 2233,
  "accepted_fraction": 0.2725830078125,
  "question_coverage_with_accept": 0.6044921875,
  "reward": 0.2725830078125,
  "format_accuracy": 0.7755126953125,
  "answer_accuracy": 0.2725830078125,
  "avg_token_entropy": 0.5466099977493286,
  "avg_accepted_token_entropy": 0.42394500199423424,
  "avg_response_token_length": 281.7357177734375,
  "avg_accepted_response_token_length": 168.70219435736678,
  "rollout_seconds": 363.9073271751404
}
