{
  "type": "rollout",
  "grpo_step": 30,
  "num_questions": 32,
  "group_size": 8.0,
  "num_rollouts": 256,
  "reward": 0.578125,
  "format_accuracy": 0.93359375,
  "answer_accuracy": 0.578125,
  "avg_response_token_length": 287.58984375,
  "rollout_seconds": 11.068104982376099,
  "mean_reward": 0.578125,
  "std_reward": 0.49482616782188416,
  "min_reward": 0.0,
  "max_reward": 1.0,
  "mean_advantage": 1.862645149230957e-09,
  "std_advantage": 0.662731945514679,
  "num_groups": 32.0
}
