{
  "type": "rollout",
  "grpo_step": 144,
  "num_questions": 32,
  "group_size": 8.0,
  "num_rollouts": 256,
  "reward": 0.640625,
  "format_accuracy": 0.9453125,
  "answer_accuracy": 0.640625,
  "avg_response_token_length": 387.10546875,
  "rollout_seconds": 14.494242429733276,
  "mean_reward": 0.640625,
  "std_reward": 0.4807571768760681,
  "min_reward": 0.0,
  "max_reward": 1.0,
  "mean_advantage": 4.656612873077393e-10,
  "std_advantage": 0.4686222970485687,
  "num_groups": 32.0
}
