{
  "type": "rollout",
  "grpo_step": 52,
  "num_questions": 32,
  "group_size": 8.0,
  "num_rollouts": 256,
  "reward": 0.69921875,
  "format_accuracy": 0.94140625,
  "answer_accuracy": 0.69921875,
  "avg_response_token_length": 255.21875,
  "rollout_seconds": 10.61400556564331,
  "mean_reward": 0.69921875,
  "std_reward": 0.45949608087539673,
  "min_reward": 0.0,
  "max_reward": 1.0,
  "mean_advantage": 4.656612873077393e-10,
  "std_advantage": 0.662731945514679,
  "num_groups": 32.0
}
