{
  "type": "rollout",
  "grpo_step": 124,
  "num_questions": 32,
  "group_size": 8.0,
  "num_rollouts": 256,
  "reward": 0.6953125,
  "format_accuracy": 0.984375,
  "answer_accuracy": 0.6953125,
  "avg_response_token_length": 226.640625,
  "rollout_seconds": 9.95522952079773,
  "mean_reward": 0.6953125,
  "std_reward": 0.4611765742301941,
  "min_reward": 0.0,
  "max_reward": 1.0,
  "mean_advantage": 8.381903171539307e-09,
  "std_advantage": 0.6627318263053894,
  "num_groups": 32.0
}
