{
  "type": "rollout",
  "grpo_step": 5,
  "num_questions": 32,
  "group_size": 8.0,
  "num_rollouts": 256,
  "reward": 0.421875,
  "format_accuracy": 0.74609375,
  "answer_accuracy": 0.421875,
  "avg_response_token_length": 255.96484375,
  "rollout_seconds": 10.516443490982056,
  "mean_reward": 0.421875,
  "std_reward": 0.49482616782188416,
  "min_reward": 0.0,
  "max_reward": 1.0,
  "mean_advantage": 0.0,
  "std_advantage": 0.8448207974433899,
  "num_groups": 32.0
}
