step,loss,classification_accuracy,mean_dpo_margin,num_examples,final
0,0.6931471824645996,0.0,0.0,200,False
100,0.6273281496763229,0.645,0.21630260897567496,200,False
200,0.6161514483392239,0.65,0.2594770223152591,200,False
300,0.6097385209053755,0.64,0.2759368501091376,200,False
400,0.6030023243278265,0.665,0.3025754825118929,200,False
500,0.6022219357267022,0.67,0.3144181907293387,200,False
600,0.5985493507236243,0.675,0.3322981764710857,200,False
700,0.596168555431068,0.68,0.350886362073943,200,False
767,0.5949841655045748,0.68,0.36591852685785853,200,True
