{
  "type": "rollout",
  "grpo_step": 177,
  "num_questions": 32,
  "group_size": 8.0,
  "num_rollouts": 256,
  "reward": 0.4765625,
  "format_accuracy": 0.91015625,
  "answer_accuracy": 0.4765625,
  "avg_response_token_length": 249.953125,
  "rollout_seconds": 11.167376518249512,
  "mean_reward": 0.4765625,
  "std_reward": 0.5004287362098694,
  "min_reward": 0.0,
  "max_reward": 1.0,
  "mean_advantage": 4.6566128730773926e-09,
  "std_advantage": 0.6199289560317993,
  "num_groups": 32.0
}
