{
  "type": "rollout",
  "grpo_step": 54,
  "num_questions": 32,
  "group_size": 8.0,
  "num_rollouts": 256,
  "reward": 0.046875,
  "format_accuracy": 0.078125,
  "answer_accuracy": 0.046875,
  "avg_response_token_length": 952.4296875,
  "rollout_seconds": 27.254870891571045,
  "mean_reward": 0.046875,
  "std_reward": 0.21178512275218964,
  "min_reward": 0.0,
  "max_reward": 1.0,
  "mean_advantage": 1.862645149230957e-09,
  "std_advantage": 0.37047842144966125,
  "num_groups": 32.0
}
