{
  "type": "rollout",
  "grpo_step": 54,
  "num_questions": 32,
  "group_size": 8.0,
  "num_rollouts": 256,
  "reward": 0.48046875,
  "format_accuracy": 0.98046875,
  "answer_accuracy": 0.48046875,
  "avg_response_token_length": 167.72265625,
  "rollout_seconds": 10.531862735748291,
  "mean_reward": 0.48046875,
  "std_reward": 0.5005970597267151,
  "min_reward": 0.0,
  "max_reward": 1.0,
  "mean_advantage": 2.7939677238464355e-09,
  "std_advantage": 0.7221953868865967,
  "num_groups": 32.0
}
