{
  "type": "rollout",
  "grpo_step": 33,
  "num_questions": 32,
  "group_size": 8.0,
  "num_rollouts": 256,
  "reward": 0.703125,
  "format_accuracy": 0.93359375,
  "answer_accuracy": 0.703125,
  "avg_response_token_length": 284.03515625,
  "rollout_seconds": 8.604825258255005,
  "mean_reward": 0.703125,
  "std_reward": 0.45777595043182373,
  "min_reward": 0.0,
  "max_reward": 1.0,
  "mean_advantage": -9.313225746154785e-10,
  "std_advantage": 0.5973784327507019,
  "num_groups": 32.0
}
