{
  "type": "rollout",
  "grpo_step": 33,
  "num_questions": 32,
  "group_size": 8.0,
  "num_rollouts": 256,
  "reward": 0.47265625,
  "format_accuracy": 0.98046875,
  "answer_accuracy": 0.47265625,
  "avg_response_token_length": 115.7265625,
  "rollout_seconds": 8.379814147949219,
  "mean_reward": 0.47265625,
  "std_reward": 0.5002297163009644,
  "min_reward": 0.0,
  "max_reward": 1.0,
  "mean_advantage": 1.862645149230957e-09,
  "std_advantage": 0.6627318859100342,
  "num_groups": 32.0
}
