{
  "type": "rollout",
  "grpo_step": 282,
  "num_questions": 32,
  "group_size": 8.0,
  "num_rollouts": 256,
  "reward": 0.8125,
  "format_accuracy": 0.95703125,
  "answer_accuracy": 0.8125,
  "avg_response_token_length": 407.8203125,
  "rollout_seconds": 13.638011455535889,
  "mean_reward": 0.8125,
  "std_reward": 0.3910769522190094,
  "min_reward": 0.0,
  "max_reward": 1.0,
  "mean_advantage": -9.313225746154785e-10,
  "std_advantage": 0.5739428400993347,
  "num_groups": 32.0
}
