{
  "type": "rollout",
  "grpo_step": 167,
  "num_questions": 32,
  "group_size": 8.0,
  "num_rollouts": 256,
  "reward": 0.828125,
  "format_accuracy": 0.98046875,
  "answer_accuracy": 0.828125,
  "avg_response_token_length": 483.828125,
  "rollout_seconds": 15.692219495773315,
  "mean_reward": 0.828125,
  "std_reward": 0.3780107796192169,
  "min_reward": 0.0,
  "max_reward": 1.0,
  "mean_advantage": 0.0,
  "std_advantage": 0.2004895955324173,
  "num_groups": 32.0
}
