{
  "type": "rollout",
  "grpo_step": 103,
  "num_questions": 32,
  "group_size": 8.0,
  "num_rollouts": 256,
  "reward": 0.31640625,
  "format_accuracy": 0.99609375,
  "answer_accuracy": 0.31640625,
  "avg_response_token_length": 16.2265625,
  "rollout_seconds": 1.4375979900360107,
  "mean_reward": 0.31640625,
  "std_reward": 0.4659844934940338,
  "min_reward": 0.0,
  "max_reward": 1.0,
  "mean_advantage": 1.5133991837501526e-09,
  "std_advantage": 0.5973783135414124,
  "num_groups": 32.0
}
