{
  "type": "rollout",
  "grpo_step": 18,
  "num_questions": 32,
  "group_size": 8.0,
  "num_rollouts": 256,
  "reward": 0.40234375,
  "format_accuracy": 0.96484375,
  "answer_accuracy": 0.40234375,
  "avg_response_token_length": 246.40625,
  "rollout_seconds": 10.222253322601318,
  "mean_reward": 0.40234375,
  "std_reward": 0.4913311004638672,
  "min_reward": 0.0,
  "max_reward": 1.0,
  "mean_advantage": -2.3283064365386963e-09,
  "std_advantage": 0.7409569025039673,
  "num_groups": 32.0
}
