{
  "type": "rollout",
  "grpo_step": 42,
  "num_questions": 32,
  "group_size": 8.0,
  "num_rollouts": 256,
  "reward": 0.55078125,
  "format_accuracy": 0.91796875,
  "answer_accuracy": 0.55078125,
  "avg_response_token_length": 292.98046875,
  "rollout_seconds": 23.586010694503784,
  "mean_reward": 0.55078125,
  "std_reward": 0.49838894605636597,
  "min_reward": 0.0,
  "max_reward": 1.0,
  "mean_advantage": 3.259629011154175e-09,
  "std_advantage": 0.7029333114624023,
  "num_groups": 32.0
}
