{
  "type": "rollout",
  "grpo_step": 21,
  "num_questions": 32,
  "group_size": 8.0,
  "num_rollouts": 256,
  "reward": 0.48828125,
  "format_accuracy": 0.875,
  "answer_accuracy": 0.48828125,
  "avg_response_token_length": 306.53125,
  "rollout_seconds": 13.114129066467285,
  "mean_reward": 0.48828125,
  "std_reward": 0.5008417963981628,
  "min_reward": 0.0,
  "max_reward": 1.0,
  "mean_advantage": 0.0,
  "std_advantage": 0.3549371659755707,
  "num_groups": 32.0
}
