{
  "type": "rollout",
  "grpo_step": 35,
  "num_questions": 32,
  "group_size": 8.0,
  "num_rollouts": 256,
  "reward": 0.64453125,
  "format_accuracy": 0.93359375,
  "answer_accuracy": 0.64453125,
  "avg_response_token_length": 271.6796875,
  "rollout_seconds": 10.704856872558594,
  "mean_reward": 0.64453125,
  "std_reward": 0.4795927405357361,
  "min_reward": 0.0,
  "max_reward": 1.0,
  "mean_advantage": -2.7939677238464355e-09,
  "std_advantage": 0.7221953868865967,
  "num_groups": 32.0
}
