{
  "type": "rollout",
  "grpo_step": 34,
  "num_questions": 32,
  "group_size": 8.0,
  "num_rollouts": 256,
  "reward": 0.3828125,
  "format_accuracy": 0.73046875,
  "answer_accuracy": 0.3828125,
  "avg_response_token_length": 271.5625,
  "rollout_seconds": 10.965126514434814,
  "mean_reward": 0.3828125,
  "std_reward": 0.48702529072761536,
  "min_reward": 0.0,
  "max_reward": 1.0,
  "mean_advantage": -3.725290298461914e-09,
  "std_advantage": 0.7409568428993225,
  "num_groups": 32.0
}
