{
  "type": "rollout",
  "grpo_step": 190,
  "num_questions": 32,
  "group_size": 8.0,
  "num_rollouts": 256,
  "reward": 0.66015625,
  "format_accuracy": 0.85546875,
  "answer_accuracy": 0.66015625,
  "avg_response_token_length": 530.44921875,
  "rollout_seconds": 23.423444032669067,
  "mean_reward": 0.66015625,
  "std_reward": 0.47458380460739136,
  "min_reward": 0.0,
  "max_reward": 1.0,
  "mean_advantage": -5.587935447692871e-09,
  "std_advantage": 0.5739428400993347,
  "num_groups": 32.0
}
