{
  "type": "rollout",
  "grpo_step": 21,
  "num_questions": 32,
  "group_size": 8.0,
  "num_rollouts": 256,
  "reward": 0.5078125,
  "format_accuracy": 0.890625,
  "answer_accuracy": 0.5078125,
  "avg_response_token_length": 175.89453125,
  "rollout_seconds": 9.101052284240723,
  "mean_reward": 0.5078125,
  "std_reward": 0.5009182691574097,
  "min_reward": 0.0,
  "max_reward": 1.0,
  "mean_advantage": 0.0,
  "std_advantage": 0.3704792857170105,
  "num_groups": 32.0
}
