{
  "type": "rollout",
  "grpo_step": 78,
  "num_questions": 32,
  "group_size": 8.0,
  "num_rollouts": 256,
  "reward": 0.71484375,
  "format_accuracy": 0.96484375,
  "answer_accuracy": 0.71484375,
  "avg_response_token_length": 321.53125,
  "rollout_seconds": 11.996576070785522,
  "mean_reward": 0.71484375,
  "std_reward": 0.4523732364177704,
  "min_reward": 0.0,
  "max_reward": 1.0,
  "mean_advantage": -1.862645149230957e-09,
  "std_advantage": 0.5739427208900452,
  "num_groups": 32.0
}
