{
  "type": "rollout",
  "grpo_step": 27,
  "num_questions": 32,
  "group_size": 8.0,
  "num_rollouts": 256,
  "reward": 0.265625,
  "format_accuracy": 0.9609375,
  "answer_accuracy": 0.265625,
  "avg_response_token_length": 39.90625,
  "rollout_seconds": 6.0014543533325195,
  "mean_reward": 0.265625,
  "std_reward": 0.4425306022167206,
  "min_reward": 0.0,
  "max_reward": 1.0,
  "mean_advantage": 4.656612873077393e-10,
  "std_advantage": 0.33136606216430664,
  "num_groups": 32.0
}
