{
  "type": "rollout",
  "grpo_step": 62,
  "num_questions": 32,
  "group_size": 8.0,
  "num_rollouts": 256,
  "reward": 0.17578125,
  "format_accuracy": 0.80078125,
  "answer_accuracy": 0.17578125,
  "avg_response_token_length": 156.11328125,
  "rollout_seconds": 8.630441904067993,
  "mean_reward": 0.17578125,
  "std_reward": 0.38137954473495483,
  "min_reward": 0.0,
  "max_reward": 1.0,
  "mean_advantage": -9.313225746154785e-10,
  "std_advantage": 0.5239354372024536,
  "num_groups": 32.0
}
