{
  "type": "rollout",
  "grpo_step": 28,
  "num_questions": 32,
  "group_size": 8.0,
  "num_rollouts": 256,
  "reward": 0.4453125,
  "format_accuracy": 0.88671875,
  "answer_accuracy": 0.4453125,
  "avg_response_token_length": 275.26171875,
  "rollout_seconds": 12.53687858581543,
  "mean_reward": 0.4453125,
  "std_reward": 0.49797382950782776,
  "min_reward": 0.0,
  "max_reward": 1.0,
  "mean_advantage": -2.7939677238464355e-09,
  "std_advantage": 0.7409569025039673,
  "num_groups": 32.0
}
