{
  "type": "rollout",
  "grpo_step": 40,
  "num_questions": 32,
  "group_size": 8.0,
  "num_rollouts": 256,
  "reward": 0.0390625,
  "format_accuracy": 0.10546875,
  "answer_accuracy": 0.0390625,
  "avg_response_token_length": 932.71484375,
  "rollout_seconds": 30.707329988479614,
  "mean_reward": 0.0390625,
  "std_reward": 0.19412322342395782,
  "min_reward": 0.0,
  "max_reward": 1.0,
  "mean_advantage": 1.862645149230957e-09,
  "std_advantage": 0.3313659429550171,
  "num_groups": 32.0
}
