{
  "type": "rollout",
  "grpo_step": 291,
  "num_questions": 32,
  "group_size": 8.0,
  "num_rollouts": 256,
  "reward": 0.69140625,
  "format_accuracy": 0.96875,
  "answer_accuracy": 0.69140625,
  "avg_response_token_length": 332.5234375,
  "rollout_seconds": 9.571677684783936,
  "mean_reward": 0.69140625,
  "std_reward": 0.46281784772872925,
  "min_reward": 0.0,
  "max_reward": 1.0,
  "mean_advantage": 0.0,
  "std_advantage": 0.49704891443252563,
  "num_groups": 32.0
}
