{
  "type": "rollout",
  "grpo_step": 65,
  "num_questions": 32,
  "group_size": 8.0,
  "num_rollouts": 256,
  "reward": 0.375,
  "format_accuracy": 0.6953125,
  "answer_accuracy": 0.375,
  "avg_response_token_length": 308.1328125,
  "rollout_seconds": 11.756137609481812,
  "mean_reward": 0.375,
  "std_reward": 0.48507124185562134,
  "min_reward": 0.0,
  "max_reward": 1.0,
  "mean_advantage": 0.0,
  "std_advantage": 0.3486669361591339,
  "num_groups": 32.0
}
