{
  "type": "rollout",
  "grpo_step": 179,
  "num_questions": 32,
  "group_size": 8.0,
  "num_rollouts": 256,
  "reward": 0.703125,
  "format_accuracy": 0.92578125,
  "answer_accuracy": 0.703125,
  "avg_response_token_length": 294.71875,
  "rollout_seconds": 23.078985452651978,
  "mean_reward": 0.703125,
  "std_reward": 0.45777595043182373,
  "min_reward": 0.0,
  "max_reward": 1.0,
  "mean_advantage": 0.0,
  "std_advantage": 0.2322101891040802,
  "num_groups": 32.0
}
