{
  "type": "rollout",
  "grpo_step": 166,
  "num_questions": 32,
  "group_size": 8.0,
  "num_rollouts": 256,
  "reward": 0.72265625,
  "format_accuracy": 0.91796875,
  "answer_accuracy": 0.72265625,
  "avg_response_token_length": 379.44140625,
  "rollout_seconds": 13.529215097427368,
  "mean_reward": 0.72265625,
  "std_reward": 0.4485645592212677,
  "min_reward": 0.0,
  "max_reward": 1.0,
  "mean_advantage": 0.0,
  "std_advantage": 0.301141619682312,
  "num_groups": 32.0
}
