{
  "type": "rollout",
  "grpo_step": 44,
  "num_questions": 32,
  "group_size": 8.0,
  "num_rollouts": 256,
  "reward": 0.75,
  "format_accuracy": 0.96484375,
  "answer_accuracy": 0.75,
  "avg_response_token_length": 262.12890625,
  "rollout_seconds": 10.497720956802368,
  "mean_reward": 0.75,
  "std_reward": 0.4338609278202057,
  "min_reward": 0.0,
  "max_reward": 1.0,
  "mean_advantage": -1.862645149230957e-09,
  "std_advantage": 0.5495081543922424,
  "num_groups": 32.0
}
