{
  "type": "rollout",
  "grpo_step": 100,
  "num_questions": 32,
  "group_size": 8.0,
  "num_rollouts": 256,
  "reward": 0.7578125,
  "format_accuracy": 0.92578125,
  "answer_accuracy": 0.7578125,
  "avg_response_token_length": 429.24609375,
  "rollout_seconds": 14.138977527618408,
  "mean_reward": 0.7578125,
  "std_reward": 0.42924636602401733,
  "min_reward": 0.0,
  "max_reward": 1.0,
  "mean_advantage": -1.3969838619232178e-09,
  "std_advantage": 0.5973784923553467,
  "num_groups": 32.0
}
