{
  "type": "rollout",
  "grpo_step": 44,
  "num_questions": 32,
  "group_size": 8.0,
  "num_rollouts": 256,
  "reward": 0.61328125,
  "format_accuracy": 0.953125,
  "answer_accuracy": 0.61328125,
  "avg_response_token_length": 282.49609375,
  "rollout_seconds": 11.153409481048584,
  "mean_reward": 0.61328125,
  "std_reward": 0.4879522919654846,
  "min_reward": 0.0,
  "max_reward": 1.0,
  "mean_advantage": 0.0,
  "std_advantage": 0.24152295291423798,
  "num_groups": 32.0
}
