{
  "type": "rollout",
  "grpo_step": 21,
  "num_questions": 32,
  "group_size": 8.0,
  "num_rollouts": 256,
  "reward": 0.15625,
  "format_accuracy": 0.921875,
  "answer_accuracy": 0.15625,
  "avg_response_token_length": 76.15625,
  "rollout_seconds": 6.892481088638306,
  "mean_reward": 0.15625,
  "std_reward": 0.3638034462928772,
  "min_reward": 0.0,
  "max_reward": 1.0,
  "mean_advantage": -1.862645149230957e-09,
  "std_advantage": 0.3704782724380493,
  "num_groups": 32.0
}
