{
  "type": "rollout",
  "grpo_step": 115,
  "num_questions": 32,
  "group_size": 8.0,
  "num_rollouts": 256,
  "reward": 0.62109375,
  "format_accuracy": 0.94140625,
  "answer_accuracy": 0.62109375,
  "avg_response_token_length": 446.8828125,
  "rollout_seconds": 15.187644243240356,
  "mean_reward": 0.62109375,
  "std_reward": 0.48606500029563904,
  "min_reward": 0.0,
  "max_reward": 1.0,
  "mean_advantage": -2.0954757928848267e-09,
  "std_advantage": 0.5973783731460571,
  "num_groups": 32.0
}
