{
  "type": "rollout",
  "grpo_step": 111,
  "num_questions": 32,
  "group_size": 8.0,
  "num_rollouts": 256,
  "reward": 0.6796875,
  "format_accuracy": 0.93359375,
  "answer_accuracy": 0.6796875,
  "avg_response_token_length": 390.65234375,
  "rollout_seconds": 14.13084077835083,
  "mean_reward": 0.6796875,
  "std_reward": 0.4675106108188629,
  "min_reward": 0.0,
  "max_reward": 1.0,
  "mean_advantage": -3.725290298461914e-09,
  "std_advantage": 0.6831284165382385,
  "num_groups": 32.0
}
