{
  "type": "rollout",
  "grpo_step": 161,
  "num_questions": 32,
  "group_size": 8.0,
  "num_rollouts": 256,
  "reward": 0.28125,
  "format_accuracy": 0.84375,
  "answer_accuracy": 0.28125,
  "avg_response_token_length": 36.140625,
  "rollout_seconds": 5.616818428039551,
  "mean_reward": 0.28125,
  "std_reward": 0.45048993825912476,
  "min_reward": 0.0,
  "max_reward": 1.0,
  "mean_advantage": -1.862645149230957e-09,
  "std_advantage": 0.662731945514679,
  "num_groups": 32.0
}
