{
  "type": "rollout",
  "grpo_step": 277,
  "num_questions": 32,
  "group_size": 8.0,
  "num_rollouts": 256,
  "reward": 0.828125,
  "format_accuracy": 0.98046875,
  "answer_accuracy": 0.828125,
  "avg_response_token_length": 353.19140625,
  "rollout_seconds": 12.97029447555542,
  "mean_reward": 0.828125,
  "std_reward": 0.3780107796192169,
  "min_reward": 0.0,
  "max_reward": 1.0,
  "mean_advantage": -1.862645149230957e-09,
  "std_advantage": 0.5239355564117432,
  "num_groups": 32.0
}
