{
  "type": "rollout",
  "grpo_step": 277,
  "num_questions": 32,
  "group_size": 8.0,
  "num_rollouts": 256,
  "reward": 0.83203125,
  "format_accuracy": 1.0,
  "answer_accuracy": 0.83203125,
  "avg_response_token_length": 308.75,
  "rollout_seconds": 8.9353187084198,
  "mean_reward": 0.83203125,
  "std_reward": 0.3745708465576172,
  "min_reward": 0.0,
  "max_reward": 1.0,
  "mean_advantage": -2.3283064365386963e-10,
  "std_advantage": 0.43835583329200745,
  "num_groups": 32.0
}
