{
  "type": "rollout",
  "grpo_step": 83,
  "num_questions": 32,
  "group_size": 8.0,
  "num_rollouts": 256,
  "reward": 0.75,
  "format_accuracy": 0.96484375,
  "answer_accuracy": 0.75,
  "avg_response_token_length": 303.57421875,
  "rollout_seconds": 20.9955415725708,
  "mean_reward": 0.75,
  "std_reward": 0.4338609278202057,
  "min_reward": 0.0,
  "max_reward": 1.0,
  "mean_advantage": -5.587935447692871e-09,
  "std_advantage": 0.5239354968070984,
  "num_groups": 32.0
}
