{
  "type": "rollout",
  "grpo_step": 14,
  "num_questions": 32,
  "group_size": 8.0,
  "num_rollouts": 256,
  "reward": 0.44140625,
  "format_accuracy": 0.9453125,
  "answer_accuracy": 0.44140625,
  "avg_response_token_length": 159.35546875,
  "rollout_seconds": 9.720386505126953,
  "mean_reward": 0.44140625,
  "std_reward": 0.4975275993347168,
  "min_reward": 0.0,
  "max_reward": 1.0,
  "mean_advantage": 3.259629011154175e-09,
  "std_advantage": 0.8116774559020996,
  "num_groups": 32.0
}
