{
  "type": "rollout",
  "grpo_step": 67,
  "num_questions": 32,
  "group_size": 8.0,
  "num_rollouts": 256,
  "reward": 0.22265625,
  "format_accuracy": 0.796875,
  "answer_accuracy": 0.22265625,
  "avg_response_token_length": 163.58203125,
  "rollout_seconds": 8.63206434249878,
  "mean_reward": 0.22265625,
  "std_reward": 0.41684433817863464,
  "min_reward": 0.0,
  "max_reward": 1.0,
  "mean_advantage": 9.313225746154785e-10,
  "std_advantage": 0.7029333710670471,
  "num_groups": 32.0
}
