{
  "type": "rollout",
  "grpo_step": 341,
  "num_questions": 32,
  "group_size": 8.0,
  "num_rollouts": 256,
  "reward": 0.78125,
  "format_accuracy": 0.94921875,
  "answer_accuracy": 0.78125,
  "avg_response_token_length": 432.2421875,
  "rollout_seconds": 11.719388484954834,
  "mean_reward": 0.78125,
  "std_reward": 0.41420844197273254,
  "min_reward": 0.0,
  "max_reward": 1.0,
  "mean_advantage": -4.6566128730773926e-09,
  "std_advantage": 0.6416874527931213,
  "num_groups": 32.0
}
