{
  "type": "rollout",
  "grpo_step": 92,
  "num_questions": 32,
  "group_size": 8.0,
  "num_rollouts": 256,
  "reward": 0.36328125,
  "format_accuracy": 1.0,
  "answer_accuracy": 0.36328125,
  "avg_response_token_length": 16.80859375,
  "rollout_seconds": 1.4031751155853271,
  "mean_reward": 0.36328125,
  "std_reward": 0.48188698291778564,
  "min_reward": 0.0,
  "max_reward": 1.0,
  "mean_advantage": 4.656612873077393e-10,
  "std_advantage": 0.2869713604450226,
  "num_groups": 32.0
}
