{
  "num_examples": 3199,
  "reward": 0.3466708346358237,
  "format_accuracy": 0.8934041888090029,
  "answer_accuracy": 0.3466708346358237,
  "temperature": 1.0,
  "top_p": 1.0,
  "max_tokens": 1024,
  "stop": "</answer>",
  "include_stop_str_in_output": true,
  "eval_seconds": 116.08164620399475
}
