{
  "num_examples": 3199,
  "reward": 0.3229134104407627,
  "format_accuracy": 0.8668333854329477,
  "answer_accuracy": 0.3229134104407627,
  "temperature": 1.0,
  "top_p": 1.0,
  "max_tokens": 1024,
  "stop": "</answer>",
  "include_stop_str_in_output": true,
  "eval_seconds": 112.86321520805359
}
