{
  "num_examples": 3199,
  "reward": 0.28165051578618316,
  "format_accuracy": 0.838074398249453,
  "answer_accuracy": 0.28165051578618316,
  "temperature": 1.0,
  "top_p": 1.0,
  "max_tokens": 1024,
  "stop": "</answer>",
  "include_stop_str_in_output": true,
  "eval_seconds": 138.19865608215332
}
