{
  "type": "rollout",
  "grpo_step": 43,
  "num_questions": 32,
  "group_size": 8.0,
  "num_rollouts": 256,
  "reward": 0.2890625,
  "format_accuracy": 0.9453125,
  "answer_accuracy": 0.2890625,
  "avg_response_token_length": 40.36328125,
  "rollout_seconds": 5.79683256149292,
  "mean_reward": 0.2890625,
  "std_reward": 0.45421501994132996,
  "min_reward": 0.0,
  "max_reward": 1.0,
  "mean_advantage": 0.0,
  "std_advantage": 0.2869712710380554,
  "num_groups": 32.0
}
