{
  "type": "rollout",
  "grpo_step": 17,
  "num_questions": 32,
  "group_size": 8.0,
  "num_rollouts": 256,
  "reward": 0.3828125,
  "format_accuracy": 0.91015625,
  "answer_accuracy": 0.3828125,
  "avg_response_token_length": 210.52734375,
  "rollout_seconds": 9.693529844284058,
  "mean_reward": 0.3828125,
  "std_reward": 0.48702529072761536,
  "min_reward": 0.0,
  "max_reward": 1.0,
  "mean_advantage": 2.3283064365386963e-09,
  "std_advantage": 0.6416874527931213,
  "num_groups": 32.0
}
