{
  "type": "rollout",
  "grpo_step": 8,
  "num_questions": 32,
  "group_size": 8.0,
  "num_rollouts": 256,
  "reward": 0.35546875,
  "format_accuracy": 0.73046875,
  "answer_accuracy": 0.35546875,
  "avg_response_token_length": 296.375,
  "rollout_seconds": 11.0822114944458,
  "mean_reward": 0.35546875,
  "std_reward": 0.4795927405357361,
  "min_reward": 0.0,
  "max_reward": 1.0,
  "mean_advantage": -3.259629011154175e-09,
  "std_advantage": 0.8116775751113892,
  "num_groups": 32.0
}
