{
  "type": "rollout",
  "grpo_step": 77,
  "num_questions": 32,
  "group_size": 8.0,
  "num_rollouts": 256,
  "reward": 0.37890625,
  "format_accuracy": 0.67578125,
  "answer_accuracy": 0.37890625,
  "avg_response_token_length": 408.5859375,
  "rollout_seconds": 14.042824268341064,
  "mean_reward": 0.37890625,
  "std_reward": 0.48606500029563904,
  "min_reward": 0.0,
  "max_reward": 1.0,
  "mean_advantage": -1.862645149230957e-09,
  "std_advantage": 0.7029332518577576,
  "num_groups": 32.0
}
