{
  "type": "rollout",
  "grpo_step": 106,
  "num_questions": 32,
  "group_size": 8.0,
  "num_rollouts": 256,
  "reward": 0.48828125,
  "format_accuracy": 0.8828125,
  "answer_accuracy": 0.48828125,
  "avg_response_token_length": 238.6484375,
  "rollout_seconds": 10.227176189422607,
  "mean_reward": 0.48828125,
  "std_reward": 0.5008417963981628,
  "min_reward": 0.0,
  "max_reward": 1.0,
  "mean_advantage": -3.725290298461914e-09,
  "std_advantage": 0.7221953868865967,
  "num_groups": 32.0
}
