{
  "type": "rollout",
  "grpo_step": 153,
  "num_questions": 32,
  "group_size": 8.0,
  "num_rollouts": 256,
  "reward": 0.71875,
  "format_accuracy": 0.89453125,
  "answer_accuracy": 0.71875,
  "avg_response_token_length": 484.00390625,
  "rollout_seconds": 16.250349044799805,
  "mean_reward": 0.71875,
  "std_reward": 0.45048993825912476,
  "min_reward": 0.0,
  "max_reward": 1.0,
  "mean_advantage": -3.259629011154175e-09,
  "std_advantage": 0.49704891443252563,
  "num_groups": 32.0
}
