{
  "type": "rollout",
  "grpo_step": 49,
  "num_questions": 32,
  "group_size": 8.0,
  "num_rollouts": 256,
  "reward": 0.5,
  "format_accuracy": 0.96875,
  "answer_accuracy": 0.5,
  "avg_response_token_length": 260.47265625,
  "rollout_seconds": 10.78376317024231,
  "mean_reward": 0.5,
  "std_reward": 0.5009794235229492,
  "min_reward": 0.0,
  "max_reward": 1.0,
  "mean_advantage": 9.313225746154785e-10,
  "std_advantage": 0.7945876121520996,
  "num_groups": 32.0
}
