{
  "type": "rollout",
  "grpo_step": 25,
  "num_questions": 32,
  "group_size": 8.0,
  "num_rollouts": 256,
  "reward": 0.3359375,
  "format_accuracy": 0.94140625,
  "answer_accuracy": 0.3359375,
  "avg_response_token_length": 69.31640625,
  "rollout_seconds": 6.635223865509033,
  "mean_reward": 0.3359375,
  "std_reward": 0.4732423722743988,
  "min_reward": 0.0,
  "max_reward": 1.0,
  "mean_advantage": 0.0,
  "std_advantage": 0.24454841017723083,
  "num_groups": 32.0
}
