{
  "type": "rollout",
  "grpo_step": 79,
  "num_questions": 32,
  "group_size": 8.0,
  "num_rollouts": 256,
  "reward": 0.734375,
  "format_accuracy": 0.91015625,
  "answer_accuracy": 0.734375,
  "avg_response_token_length": 409.94140625,
  "rollout_seconds": 14.18223786354065,
  "mean_reward": 0.734375,
  "std_reward": 0.4425306022167206,
  "min_reward": 0.0,
  "max_reward": 1.0,
  "mean_advantage": 0.0,
  "std_advantage": 0.6199288964271545,
  "num_groups": 32.0
}
