{
  "type": "rollout",
  "grpo_step": 31,
  "num_questions": 32,
  "group_size": 8.0,
  "num_rollouts": 256,
  "reward": 0.56640625,
  "format_accuracy": 0.921875,
  "answer_accuracy": 0.56640625,
  "avg_response_token_length": 236.70703125,
  "rollout_seconds": 12.289424896240234,
  "mean_reward": 0.56640625,
  "std_reward": 0.4965413510799408,
  "min_reward": 0.0,
  "max_reward": 1.0,
  "mean_advantage": -4.6566128730773926e-09,
  "std_advantage": 0.662731945514679,
  "num_groups": 32.0
}
