{
  "type": "rollout",
  "ei_step": 3,
  "num_questions": 1024,
  "rollouts_per_question": 4,
  "num_rollouts": 4096,
  "num_accepted": 1044,
  "accepted_fraction": 0.2548828125,
  "question_coverage_with_accept": 0.5419921875,
  "reward": 0.2548828125,
  "format_accuracy": 0.793701171875,
  "answer_accuracy": 0.2548828125,
  "avg_token_entropy": 0.9109925031661987,
  "avg_accepted_token_entropy": 0.6787357257243773,
  "avg_response_token_length": 230.810791015625,
  "avg_accepted_response_token_length": 128.91091954022988,
  "rollout_seconds": 152.58811783790588
}
