{
  "type": "rollout",
  "grpo_step": 3,
  "num_questions": 32,
  "group_size": 8.0,
  "num_rollouts": 256,
  "reward": 0.203125,
  "format_accuracy": 0.69921875,
  "answer_accuracy": 0.203125,
  "avg_response_token_length": 172.59375,
  "rollout_seconds": 8.955867052078247,
  "mean_reward": 0.203125,
  "std_reward": 0.40311288833618164,
  "min_reward": 0.0,
  "max_reward": 1.0,
  "mean_advantage": 3.725290298461914e-09,
  "std_advantage": 0.662731945514679,
  "num_groups": 32.0
}
