{
  "type": "rollout",
  "grpo_step": 35,
  "num_questions": 32,
  "group_size": 8.0,
  "num_rollouts": 256,
  "reward": 0.5234375,
  "format_accuracy": 0.90234375,
  "answer_accuracy": 0.5234375,
  "avg_response_token_length": 246.99609375,
  "rollout_seconds": 10.43433952331543,
  "mean_reward": 0.5234375,
  "std_reward": 0.5004287362098694,
  "min_reward": 0.0,
  "max_reward": 1.0,
  "mean_advantage": 0.0,
  "std_advantage": 0.29868996143341064,
  "num_groups": 32.0
}
