{
  "type": "rollout",
  "grpo_step": 174,
  "num_questions": 32,
  "group_size": 8.0,
  "num_rollouts": 256,
  "reward": 0.828125,
  "format_accuracy": 0.953125,
  "answer_accuracy": 0.828125,
  "avg_response_token_length": 498.16796875,
  "rollout_seconds": 15.959324836730957,
  "mean_reward": 0.828125,
  "std_reward": 0.3780107796192169,
  "min_reward": 0.0,
  "max_reward": 1.0,
  "mean_advantage": 4.656612873077393e-10,
  "std_advantage": 0.5739428400993347,
  "num_groups": 32.0
}
