{
  "type": "rollout",
  "grpo_step": 174,
  "num_questions": 32,
  "group_size": 8.0,
  "num_rollouts": 256,
  "reward": 0.86328125,
  "format_accuracy": 0.9921875,
  "answer_accuracy": 0.86328125,
  "avg_response_token_length": 490.30859375,
  "rollout_seconds": 15.853577375411987,
  "mean_reward": 0.86328125,
  "std_reward": 0.34422317147254944,
  "min_reward": 0.0,
  "max_reward": 1.0,
  "mean_advantage": 0.0,
  "std_advantage": 0.2895229458808899,
  "num_groups": 32.0
}
