{
  "type": "rollout",
  "grpo_step": 1,
  "num_questions": 32,
  "group_size": 8.0,
  "num_rollouts": 256,
  "reward": 0.015625,
  "format_accuracy": 0.1796875,
  "answer_accuracy": 0.015625,
  "avg_response_token_length": 305.171875,
  "rollout_seconds": 11.167309284210205,
  "mean_reward": 0.015625,
  "std_reward": 0.12426253408193588,
  "min_reward": 0.0,
  "max_reward": 1.0,
  "mean_advantage": 0.0,
  "std_advantage": 0.11715583503246307,
  "num_groups": 32.0
}
