{
  "type": "rollout",
  "grpo_step": 86,
  "num_questions": 32,
  "group_size": 8.0,
  "num_rollouts": 256,
  "reward": 0.3203125,
  "format_accuracy": 0.8671875,
  "answer_accuracy": 0.3203125,
  "avg_response_token_length": 144.04296875,
  "rollout_seconds": 8.055787563323975,
  "mean_reward": 0.3203125,
  "std_reward": 0.4675106108188629,
  "min_reward": 0.0,
  "max_reward": 1.0,
  "mean_advantage": 1.3969838619232178e-09,
  "std_advantage": 0.8116776347160339,
  "num_groups": 32.0
}
