{
  "type": "rollout",
  "grpo_step": 146,
  "num_questions": 32,
  "group_size": 8.0,
  "num_rollouts": 256,
  "reward": 0.33203125,
  "format_accuracy": 1.0,
  "answer_accuracy": 0.33203125,
  "avg_response_token_length": 16.1328125,
  "rollout_seconds": 4.065774917602539,
  "mean_reward": 0.33203125,
  "std_reward": 0.47186464071273804,
  "min_reward": 0.0,
  "max_reward": 1.0,
  "mean_advantage": -1.3969838619232178e-09,
  "std_advantage": 0.5239355564117432,
  "num_groups": 32.0
}
