{
  "type": "rollout",
  "grpo_step": 123,
  "num_questions": 32,
  "group_size": 8.0,
  "num_rollouts": 256,
  "reward": 0.30078125,
  "format_accuracy": 0.9375,
  "answer_accuracy": 0.30078125,
  "avg_response_token_length": 15.7578125,
  "rollout_seconds": 1.3011977672576904,
  "mean_reward": 0.30078125,
  "std_reward": 0.45949608087539673,
  "min_reward": 0.0,
  "max_reward": 1.0,
  "mean_advantage": -3.725290298461914e-09,
  "std_advantage": 0.3704783320426941,
  "num_groups": 32.0
}
