{
  "type": "rollout",
  "grpo_step": 42,
  "num_questions": 32,
  "group_size": 8.0,
  "num_rollouts": 256,
  "reward": 0.37109375,
  "format_accuracy": 0.9921875,
  "answer_accuracy": 0.37109375,
  "avg_response_token_length": 125.3359375,
  "rollout_seconds": 12.671626806259155,
  "mean_reward": 0.37109375,
  "std_reward": 0.48404380679130554,
  "min_reward": 0.0,
  "max_reward": 1.0,
  "mean_advantage": -1.862645149230957e-09,
  "std_advantage": 0.6416873931884766,
  "num_groups": 32.0
}
