{
  "type": "rollout",
  "grpo_step": 42,
  "num_questions": 32,
  "group_size": 8.0,
  "num_rollouts": 256,
  "reward": 0.015625,
  "format_accuracy": 0.0234375,
  "answer_accuracy": 0.015625,
  "avg_response_token_length": 999.04296875,
  "rollout_seconds": 28.99962043762207,
  "mean_reward": 0.015625,
  "std_reward": 0.12426253408193588,
  "min_reward": 0.0,
  "max_reward": 1.0,
  "mean_advantage": 1.862645149230957e-09,
  "std_advantage": 0.23431110382080078,
  "num_groups": 32.0
}
