{
  "type": "rollout",
  "grpo_step": 159,
  "num_questions": 32,
  "group_size": 8.0,
  "num_rollouts": 256,
  "reward": 0.67578125,
  "format_accuracy": 0.8984375,
  "answer_accuracy": 0.67578125,
  "avg_response_token_length": 506.51953125,
  "rollout_seconds": 33.101773738861084,
  "mean_reward": 0.67578125,
  "std_reward": 0.46899911761283875,
  "min_reward": 0.0,
  "max_reward": 1.0,
  "mean_advantage": 3.725290298461914e-09,
  "std_advantage": 0.4970490336418152,
  "num_groups": 32.0
}
