{
  "type": "rollout",
  "grpo_step": 143,
  "num_questions": 32,
  "group_size": 8.0,
  "num_rollouts": 256,
  "reward": 0.4375,
  "format_accuracy": 0.859375,
  "answer_accuracy": 0.4375,
  "avg_response_token_length": 143.375,
  "rollout_seconds": 8.190021753311157,
  "mean_reward": 0.4375,
  "std_reward": 0.49705013632774353,
  "min_reward": 0.0,
  "max_reward": 1.0,
  "mean_advantage": 6.51925802230835e-09,
  "std_advantage": 0.7945876717567444,
  "num_groups": 32.0
}
