{
  "type": "rollout",
  "grpo_step": 105,
  "num_questions": 32,
  "group_size": 8.0,
  "num_rollouts": 256,
  "reward": 0.359375,
  "format_accuracy": 0.77734375,
  "answer_accuracy": 0.359375,
  "avg_response_token_length": 189.6171875,
  "rollout_seconds": 9.15725564956665,
  "mean_reward": 0.359375,
  "std_reward": 0.4807571768760681,
  "min_reward": 0.0,
  "max_reward": 1.0,
  "mean_advantage": 3.259629011154175e-09,
  "std_advantage": 0.7771221995353699,
  "num_groups": 32.0
}
