{
  "type": "rollout",
  "grpo_step": 163,
  "num_questions": 32,
  "group_size": 8.0,
  "num_rollouts": 256,
  "reward": 0.7578125,
  "format_accuracy": 0.875,
  "answer_accuracy": 0.7578125,
  "avg_response_token_length": 443.28515625,
  "rollout_seconds": 14.55501127243042,
  "mean_reward": 0.7578125,
  "std_reward": 0.42924636602401733,
  "min_reward": 0.0,
  "max_reward": 1.0,
  "mean_advantage": 6.984919309616089e-10,
  "std_advantage": 0.4686222970485687,
  "num_groups": 32.0
}
