{
  "type": "rollout",
  "grpo_step": 83,
  "num_questions": 32,
  "group_size": 8.0,
  "num_rollouts": 256,
  "reward": 0.6015625,
  "format_accuracy": 0.95703125,
  "answer_accuracy": 0.6015625,
  "avg_response_token_length": 341.96875,
  "rollout_seconds": 17.390439987182617,
  "mean_reward": 0.6015625,
  "std_reward": 0.4905354082584381,
  "min_reward": 0.0,
  "max_reward": 1.0,
  "mean_advantage": 0.0,
  "std_advantage": 0.7221953868865967,
  "num_groups": 32.0
}
