{
  "type": "rollout",
  "grpo_step": 343,
  "num_questions": 32,
  "group_size": 8.0,
  "num_rollouts": 256,
  "reward": 0.81640625,
  "format_accuracy": 0.9609375,
  "answer_accuracy": 0.81640625,
  "avg_response_token_length": 403.0859375,
  "rollout_seconds": 13.566654443740845,
  "mean_reward": 0.81640625,
  "std_reward": 0.3879109025001526,
  "min_reward": 0.0,
  "max_reward": 1.0,
  "mean_advantage": 0.0,
  "std_advantage": 0.4686222970485687,
  "num_groups": 32.0
}
