{
  "type": "rollout",
  "grpo_step": 130,
  "num_questions": 32,
  "group_size": 8.0,
  "num_rollouts": 256,
  "reward": 0.67578125,
  "format_accuracy": 0.9765625,
  "answer_accuracy": 0.67578125,
  "avg_response_token_length": 370.78125,
  "rollout_seconds": 12.921113967895508,
  "mean_reward": 0.67578125,
  "std_reward": 0.46899911761283875,
  "min_reward": 0.0,
  "max_reward": 1.0,
  "mean_advantage": -6.984919309616089e-10,
  "std_advantage": 0.6199289560317993,
  "num_groups": 32.0
}
