{
  "type": "rollout",
  "grpo_step": 18,
  "num_questions": 32,
  "group_size": 8.0,
  "num_rollouts": 256,
  "reward": 0.0078125,
  "format_accuracy": 0.015625,
  "answer_accuracy": 0.0078125,
  "avg_response_token_length": 823.8125,
  "rollout_seconds": 28.239400625228882,
  "mean_reward": 0.0078125,
  "std_reward": 0.08821486681699753,
  "min_reward": 0.0,
  "max_reward": 1.0,
  "mean_advantage": 0.0,
  "std_advantage": 0.16568300127983093,
  "num_groups": 32.0
}
