{
  "type": "rollout",
  "grpo_step": 153,
  "num_questions": 32,
  "group_size": 8.0,
  "num_rollouts": 256,
  "reward": 0.875,
  "format_accuracy": 0.96875,
  "answer_accuracy": 0.875,
  "avg_response_token_length": 436.6796875,
  "rollout_seconds": 14.439542770385742,
  "mean_reward": 0.875,
  "std_reward": 0.33136674761772156,
  "min_reward": 0.0,
  "max_reward": 1.0,
  "mean_advantage": -1.3969838619232178e-09,
  "std_advantage": 0.2869712710380554,
  "num_groups": 32.0
}
