{
  "type": "rollout",
  "grpo_step": 93,
  "num_questions": 32,
  "group_size": 8.0,
  "num_rollouts": 256,
  "reward": 0.72265625,
  "format_accuracy": 0.86328125,
  "answer_accuracy": 0.72265625,
  "avg_response_token_length": 464.25390625,
  "rollout_seconds": 15.591312885284424,
  "mean_reward": 0.72265625,
  "std_reward": 0.4485645592212677,
  "min_reward": 0.0,
  "max_reward": 1.0,
  "mean_advantage": 9.313225746154785e-10,
  "std_advantage": 0.5973784923553467,
  "num_groups": 32.0
}
