{
  "type": "rollout",
  "grpo_step": 159,
  "num_questions": 32,
  "group_size": 8.0,
  "num_rollouts": 256,
  "reward": 0.65625,
  "format_accuracy": 0.87890625,
  "answer_accuracy": 0.65625,
  "avg_response_token_length": 567.16796875,
  "rollout_seconds": 17.403232097625732,
  "mean_reward": 0.65625,
  "std_reward": 0.47588926553726196,
  "min_reward": 0.0,
  "max_reward": 1.0,
  "mean_advantage": 5.587935447692871e-09,
  "std_advantage": 0.5739427208900452,
  "num_groups": 32.0
}
