{
  "type": "rollout",
  "ei_step": 1,
  "num_questions": 512,
  "rollouts_per_question": 4,
  "num_rollouts": 2048,
  "num_accepted": 47,
  "accepted_fraction": 0.02294921875,
  "question_coverage_with_accept": 0.08203125,
  "reward": 0.02294921875,
  "format_accuracy": 0.1669921875,
  "answer_accuracy": 0.02294921875,
  "avg_token_entropy": 0.969630241394043,
  "avg_accepted_token_entropy": 0.7149684175531915,
  "avg_response_token_length": 340.537109375,
  "avg_accepted_response_token_length": 141.59574468085106,
  "rollout_seconds": 129.15255546569824
}
