{
  "type": "rollout",
  "grpo_step": 171,
  "num_questions": 32,
  "group_size": 8.0,
  "num_rollouts": 256,
  "reward": 0.8203125,
  "format_accuracy": 0.93359375,
  "answer_accuracy": 0.8203125,
  "avg_response_token_length": 437.83203125,
  "rollout_seconds": 11.067566633224487,
  "mean_reward": 0.8203125,
  "std_reward": 0.38467901945114136,
  "min_reward": 0.0,
  "max_reward": 1.0,
  "mean_advantage": -1.3969838619232178e-09,
  "std_advantage": 0.4058387577533722,
  "num_groups": 32.0
}
