{
  "type": "rollout",
  "grpo_step": 145,
  "num_questions": 32,
  "group_size": 8.0,
  "num_rollouts": 256,
  "reward": 0.7734375,
  "format_accuracy": 0.9609375,
  "answer_accuracy": 0.7734375,
  "avg_response_token_length": 520.76171875,
  "rollout_seconds": 16.649815320968628,
  "mean_reward": 0.7734375,
  "std_reward": 0.41942712664604187,
  "min_reward": 0.0,
  "max_reward": 1.0,
  "mean_advantage": 0.0,
  "std_advantage": 0.3019544184207916,
  "num_groups": 32.0
}
