{
  "type": "rollout",
  "grpo_step": 60,
  "num_questions": 32,
  "group_size": 8.0,
  "num_rollouts": 256,
  "reward": 0.33984375,
  "format_accuracy": 0.6953125,
  "answer_accuracy": 0.33984375,
  "avg_response_token_length": 311.83203125,
  "rollout_seconds": 11.833922147750854,
  "mean_reward": 0.33984375,
  "std_reward": 0.47458380460739136,
  "min_reward": 0.0,
  "max_reward": 1.0,
  "mean_advantage": 0.0,
  "std_advantage": 0.3465516269207001,
  "num_groups": 32.0
}
