{
  "type": "rollout",
  "grpo_step": 55,
  "num_questions": 32,
  "group_size": 8.0,
  "num_rollouts": 256,
  "reward": 0.609375,
  "format_accuracy": 0.9921875,
  "answer_accuracy": 0.609375,
  "avg_response_token_length": 181.0234375,
  "rollout_seconds": 9.171524286270142,
  "mean_reward": 0.609375,
  "std_reward": 0.48884618282318115,
  "min_reward": 0.0,
  "max_reward": 1.0,
  "mean_advantage": 0.0,
  "std_advantage": 0.7945876717567444,
  "num_groups": 32.0
}
