{
  "type": "rollout",
  "grpo_step": 15,
  "num_questions": 32,
  "group_size": 8.0,
  "num_rollouts": 256,
  "reward": 0.6328125,
  "format_accuracy": 0.921875,
  "answer_accuracy": 0.6328125,
  "avg_response_token_length": 298.6796875,
  "rollout_seconds": 11.130698442459106,
  "mean_reward": 0.6328125,
  "std_reward": 0.48298245668411255,
  "min_reward": 0.0,
  "max_reward": 1.0,
  "mean_advantage": 1.862645149230957e-09,
  "std_advantage": 0.7029333114624023,
  "num_groups": 32.0
}
