{
  "type": "rollout",
  "grpo_step": 172,
  "num_questions": 32,
  "group_size": 8.0,
  "num_rollouts": 256,
  "reward": 0.81640625,
  "format_accuracy": 0.94921875,
  "answer_accuracy": 0.81640625,
  "avg_response_token_length": 340.921875,
  "rollout_seconds": 12.460221529006958,
  "mean_reward": 0.81640625,
  "std_reward": 0.3879109025001526,
  "min_reward": 0.0,
  "max_reward": 1.0,
  "mean_advantage": 1.3969838619232178e-09,
  "std_advantage": 0.46862223744392395,
  "num_groups": 32.0
}
