{
  "type": "rollout",
  "grpo_step": 107,
  "num_questions": 32,
  "group_size": 8.0,
  "num_rollouts": 256,
  "reward": 0.66796875,
  "format_accuracy": 0.9140625,
  "answer_accuracy": 0.66796875,
  "avg_response_token_length": 295.7734375,
  "rollout_seconds": 11.793736696243286,
  "mean_reward": 0.66796875,
  "std_reward": 0.47186464071273804,
  "min_reward": 0.0,
  "max_reward": 1.0,
  "mean_advantage": 2.7939677238464355e-09,
  "std_advantage": 0.5495082139968872,
  "num_groups": 32.0
}
