{
  "type": "rollout",
  "grpo_step": 176,
  "num_questions": 32,
  "group_size": 8.0,
  "num_rollouts": 256,
  "reward": 0.359375,
  "format_accuracy": 0.73828125,
  "answer_accuracy": 0.359375,
  "avg_response_token_length": 291.5703125,
  "rollout_seconds": 11.746350765228271,
  "mean_reward": 0.359375,
  "std_reward": 0.4807571768760681,
  "min_reward": 0.0,
  "max_reward": 1.0,
  "mean_advantage": 0.0,
  "std_advantage": 0.3744276762008667,
  "num_groups": 32.0
}
