{
  "type": "rollout",
  "grpo_step": 38,
  "num_questions": 32,
  "group_size": 8.0,
  "num_rollouts": 256,
  "reward": 0.30859375,
  "format_accuracy": 0.69921875,
  "answer_accuracy": 0.30859375,
  "avg_response_token_length": 305.75,
  "rollout_seconds": 11.705514430999756,
  "mean_reward": 0.30859375,
  "std_reward": 0.46281784772872925,
  "min_reward": 0.0,
  "max_reward": 1.0,
  "mean_advantage": 6.51925802230835e-09,
  "std_advantage": 0.7771221399307251,
  "num_groups": 32.0
}
