{
  "type": "rollout",
  "grpo_step": 164,
  "num_questions": 32,
  "group_size": 8.0,
  "num_rollouts": 256,
  "reward": 0.65625,
  "format_accuracy": 0.87109375,
  "answer_accuracy": 0.65625,
  "avg_response_token_length": 462.87109375,
  "rollout_seconds": 31.34900665283203,
  "mean_reward": 0.65625,
  "std_reward": 0.47588926553726196,
  "min_reward": 0.0,
  "max_reward": 1.0,
  "mean_advantage": -4.6566128730773926e-09,
  "std_advantage": 0.4970489740371704,
  "num_groups": 32.0
}
