{
  "type": "rollout",
  "grpo_step": 14,
  "num_questions": 32,
  "group_size": 8.0,
  "num_rollouts": 256,
  "reward": 0.29296875,
  "format_accuracy": 0.83203125,
  "answer_accuracy": 0.29296875,
  "avg_response_token_length": 232.02734375,
  "rollout_seconds": 9.850752830505371,
  "mean_reward": 0.29296875,
  "std_reward": 0.45601576566696167,
  "min_reward": 0.0,
  "max_reward": 1.0,
  "mean_advantage": 2.7939677238464355e-09,
  "std_advantage": 0.7771220207214355,
  "num_groups": 32.0
}
