{
  "type": "rollout",
  "grpo_step": 35,
  "num_questions": 32,
  "group_size": 8.0,
  "num_rollouts": 256,
  "reward": 0.25,
  "format_accuracy": 0.81640625,
  "answer_accuracy": 0.25,
  "avg_response_token_length": 79.23046875,
  "rollout_seconds": 7.760965347290039,
  "mean_reward": 0.25,
  "std_reward": 0.4338609278202057,
  "min_reward": 0.0,
  "max_reward": 1.0,
  "mean_advantage": 3.725290298461914e-09,
  "std_advantage": 0.549508273601532,
  "num_groups": 32.0
}
