{
  "type": "rollout",
  "grpo_step": 35,
  "num_questions": 32,
  "group_size": 8.0,
  "num_rollouts": 256,
  "reward": 0.2421875,
  "format_accuracy": 0.86328125,
  "answer_accuracy": 0.2421875,
  "avg_response_token_length": 60.484375,
  "rollout_seconds": 6.785760402679443,
  "mean_reward": 0.2421875,
  "std_reward": 0.42924636602401733,
  "min_reward": 0.0,
  "max_reward": 1.0,
  "mean_advantage": -5.587935447692871e-09,
  "std_advantage": 0.662731945514679,
  "num_groups": 32.0
}
