{
  "type": "rollout",
  "grpo_step": 122,
  "num_questions": 32,
  "group_size": 8.0,
  "num_rollouts": 256,
  "reward": 0.5859375,
  "format_accuracy": 0.86328125,
  "answer_accuracy": 0.5859375,
  "avg_response_token_length": 502.8828125,
  "rollout_seconds": 12.639616012573242,
  "mean_reward": 0.5859375,
  "std_reward": 0.4935242533683777,
  "min_reward": 0.0,
  "max_reward": 1.0,
  "mean_advantage": 0.0,
  "std_advantage": 0.6627318859100342,
  "num_groups": 32.0
}
