{
  "type": "rollout",
  "grpo_step": 30,
  "num_questions": 32,
  "group_size": 8.0,
  "num_rollouts": 256,
  "reward": 0.5625,
  "format_accuracy": 0.93359375,
  "answer_accuracy": 0.5625,
  "avg_response_token_length": 305.62890625,
  "rollout_seconds": 22.774794816970825,
  "mean_reward": 0.5625,
  "std_reward": 0.49705013632774353,
  "min_reward": 0.0,
  "max_reward": 1.0,
  "mean_advantage": 5.587935447692871e-09,
  "std_advantage": 0.7221953272819519,
  "num_groups": 32.0
}
