{
  "num_examples": 3199,
  "reward": 0.34229446702094407,
  "format_accuracy": 0.909659268521413,
  "answer_accuracy": 0.34229446702094407,
  "temperature": 1.0,
  "top_p": 1.0,
  "max_tokens": 1024,
  "stop": "</answer>",
  "include_stop_str_in_output": true,
  "eval_seconds": 127.1051299571991
}
