{
  "num_examples": 3199,
  "reward": 0.3135354798374492,
  "format_accuracy": 0.8805876836511409,
  "answer_accuracy": 0.3135354798374492,
  "temperature": 1.0,
  "top_p": 1.0,
  "max_tokens": 1024,
  "stop": "</answer>",
  "include_stop_str_in_output": true,
  "eval_seconds": 120.36024904251099
}
