{
  "num_examples": 3199,
  "reward": 0.34635823694904655,
  "format_accuracy": 0.9193497968115036,
  "answer_accuracy": 0.34635823694904655,
  "temperature": 1.0,
  "top_p": 1.0,
  "max_tokens": 1024,
  "stop": "</answer>",
  "include_stop_str_in_output": true,
  "eval_seconds": 132.68814611434937
}
