{
  "type": "rollout",
  "grpo_step": 61,
  "num_questions": 32,
  "group_size": 8.0,
  "num_rollouts": 256,
  "reward": 0.2421875,
  "format_accuracy": 0.9765625,
  "answer_accuracy": 0.2421875,
  "avg_response_token_length": 31.578125,
  "rollout_seconds": 5.678973913192749,
  "mean_reward": 0.2421875,
  "std_reward": 0.42924636602401733,
  "min_reward": 0.0,
  "max_reward": 1.0,
  "mean_advantage": 2.7939677238464355e-09,
  "std_advantage": 0.4686221778392792,
  "num_groups": 32.0
}
