{
  "type": "rollout",
  "grpo_step": 347,
  "num_questions": 32,
  "group_size": 8.0,
  "num_rollouts": 256,
  "reward": 0.67578125,
  "format_accuracy": 0.890625,
  "answer_accuracy": 0.67578125,
  "avg_response_token_length": 480.5078125,
  "rollout_seconds": 12.216126680374146,
  "mean_reward": 0.67578125,
  "std_reward": 0.46899911761283875,
  "min_reward": 0.0,
  "max_reward": 1.0,
  "mean_advantage": -9.313225746154785e-10,
  "std_advantage": 0.46862226724624634,
  "num_groups": 32.0
}
