{
  "type": "rollout",
  "ei_step": 2,
  "num_questions": 512,
  "rollouts_per_question": 4,
  "num_rollouts": 2048,
  "num_accepted": 396,
  "accepted_fraction": 0.193359375,
  "question_coverage_with_accept": 0.4609375,
  "reward": 0.193359375,
  "format_accuracy": 0.73486328125,
  "answer_accuracy": 0.193359375,
  "avg_token_entropy": 0.966808557510376,
  "avg_accepted_token_entropy": 0.6503930910669192,
  "avg_response_token_length": 240.3837890625,
  "avg_accepted_response_token_length": 160.07323232323233,
  "rollout_seconds": 108.70762205123901
}
