{
  "type": "rollout",
  "ei_step": 2,
  "num_questions": 512,
  "rollouts_per_question": 4,
  "num_rollouts": 2048,
  "num_accepted": 393,
  "accepted_fraction": 0.19189453125,
  "question_coverage_with_accept": 0.4765625,
  "reward": 0.19189453125,
  "format_accuracy": 0.65380859375,
  "answer_accuracy": 0.19189453125,
  "avg_token_entropy": 1.309363842010498,
  "avg_accepted_token_entropy": 0.7644918893129771,
  "avg_response_token_length": 234.48388671875,
  "avg_accepted_response_token_length": 159.1908396946565,
  "rollout_seconds": 75.72172379493713
}
