{
  "type": "rollout",
  "grpo_step": 76,
  "num_questions": 32,
  "group_size": 8.0,
  "num_rollouts": 256,
  "reward": 0.26953125,
  "format_accuracy": 0.90234375,
  "answer_accuracy": 0.26953125,
  "avg_response_token_length": 61.14453125,
  "rollout_seconds": 6.365294933319092,
  "mean_reward": 0.26953125,
  "std_reward": 0.4445854723453522,
  "min_reward": 0.0,
  "max_reward": 1.0,
  "mean_advantage": 2.7939677238464355e-09,
  "std_advantage": 0.5973783731460571,
  "num_groups": 32.0
}
