{
  "type": "rollout",
  "grpo_step": 76,
  "num_questions": 32,
  "group_size": 8.0,
  "num_rollouts": 256,
  "reward": 0.546875,
  "format_accuracy": 0.83203125,
  "answer_accuracy": 0.546875,
  "avg_response_token_length": 344.5546875,
  "rollout_seconds": 12.550060749053955,
  "mean_reward": 0.546875,
  "std_reward": 0.4987730085849762,
  "min_reward": 0.0,
  "max_reward": 1.0,
  "mean_advantage": 0.0,
  "std_advantage": 0.2783001661300659,
  "num_groups": 32.0
}
