{
  "type": "rollout",
  "grpo_step": 199,
  "num_questions": 32,
  "group_size": 8.0,
  "num_rollouts": 256,
  "reward": 0.65234375,
  "format_accuracy": 0.94921875,
  "answer_accuracy": 0.65234375,
  "avg_response_token_length": 480.95703125,
  "rollout_seconds": 12.194678783416748,
  "mean_reward": 0.65234375,
  "std_reward": 0.4771590530872345,
  "min_reward": 0.0,
  "max_reward": 1.0,
  "mean_advantage": 1.862645149230957e-09,
  "std_advantage": 0.5239354372024536,
  "num_groups": 32.0
}
