{
  "type": "rollout",
  "grpo_step": 5,
  "num_questions": 32,
  "group_size": 8.0,
  "num_rollouts": 256,
  "reward": 0.26171875,
  "format_accuracy": 0.75390625,
  "answer_accuracy": 0.26171875,
  "avg_response_token_length": 173.41796875,
  "rollout_seconds": 8.970513343811035,
  "mean_reward": 0.26171875,
  "std_reward": 0.4404313564300537,
  "min_reward": 0.0,
  "max_reward": 1.0,
  "mean_advantage": 0.0,
  "std_advantage": 0.3750816881656647,
  "num_groups": 32.0
}
