{
  "type": "rollout",
  "grpo_step": 41,
  "num_questions": 32,
  "group_size": 8.0,
  "num_rollouts": 256,
  "reward": 0.53515625,
  "format_accuracy": 0.95703125,
  "answer_accuracy": 0.53515625,
  "avg_response_token_length": 235.99609375,
  "rollout_seconds": 9.893877506256104,
  "mean_reward": 0.53515625,
  "std_reward": 0.49973952770233154,
  "min_reward": 0.0,
  "max_reward": 1.0,
  "mean_advantage": -6.51925802230835e-09,
  "std_advantage": 0.7221953868865967,
  "num_groups": 32.0
}
