{
  "type": "rollout",
  "grpo_step": 116,
  "num_questions": 32,
  "group_size": 8.0,
  "num_rollouts": 256,
  "reward": 0.31640625,
  "format_accuracy": 0.86328125,
  "answer_accuracy": 0.31640625,
  "avg_response_token_length": 21.640625,
  "rollout_seconds": 4.219884157180786,
  "mean_reward": 0.31640625,
  "std_reward": 0.4659844934940338,
  "min_reward": 0.0,
  "max_reward": 1.0,
  "mean_advantage": -7.450580596923828e-09,
  "std_advantage": 0.6199288368225098,
  "num_groups": 32.0
}
