{
  "type": "rollout",
  "grpo_step": 46,
  "num_questions": 32,
  "group_size": 8.0,
  "num_rollouts": 256,
  "reward": 0.4140625,
  "format_accuracy": 0.8984375,
  "answer_accuracy": 0.4140625,
  "avg_response_token_length": 184.7578125,
  "rollout_seconds": 8.984866380691528,
  "mean_reward": 0.4140625,
  "std_reward": 0.4935242533683777,
  "min_reward": 0.0,
  "max_reward": 1.0,
  "mean_advantage": -2.7939677238464355e-09,
  "std_advantage": 0.6416873931884766,
  "num_groups": 32.0
}
