{
  "type": "rollout",
  "grpo_step": 46,
  "num_questions": 32,
  "group_size": 8.0,
  "num_rollouts": 256,
  "reward": 0.57421875,
  "format_accuracy": 0.87109375,
  "answer_accuracy": 0.57421875,
  "avg_response_token_length": 390.25,
  "rollout_seconds": 10.567427635192871,
  "mean_reward": 0.57421875,
  "std_reward": 0.49542948603630066,
  "min_reward": 0.0,
  "max_reward": 1.0,
  "mean_advantage": 5.587935447692871e-09,
  "std_advantage": 0.5739426016807556,
  "num_groups": 32.0
}
