{
  "type": "rollout",
  "grpo_step": 79,
  "num_questions": 32,
  "group_size": 8.0,
  "num_rollouts": 256,
  "reward": 0.43359375,
  "format_accuracy": 0.73046875,
  "answer_accuracy": 0.43359375,
  "avg_response_token_length": 312.8515625,
  "rollout_seconds": 12.20263147354126,
  "mean_reward": 0.43359375,
  "std_reward": 0.4965413510799408,
  "min_reward": 0.0,
  "max_reward": 1.0,
  "mean_advantage": 0.0,
  "std_advantage": 0.6416873931884766,
  "num_groups": 32.0
}
