{
  "type": "rollout",
  "grpo_step": 75,
  "num_questions": 32,
  "group_size": 8.0,
  "num_rollouts": 256,
  "reward": 0.54296875,
  "format_accuracy": 0.9765625,
  "answer_accuracy": 0.54296875,
  "avg_response_token_length": 225.9921875,
  "rollout_seconds": 9.65504264831543,
  "mean_reward": 0.54296875,
  "std_reward": 0.4991260766983032,
  "min_reward": 0.0,
  "max_reward": 1.0,
  "mean_advantage": 0.0,
  "std_advantage": 0.7029333710670471,
  "num_groups": 32.0
}
