{
  "type": "rollout",
  "grpo_step": 4,
  "num_questions": 32,
  "group_size": 8.0,
  "num_rollouts": 256,
  "reward": 0.1328125,
  "format_accuracy": 0.69921875,
  "answer_accuracy": 0.1328125,
  "avg_response_token_length": 306.234375,
  "rollout_seconds": 11.478763818740845,
  "mean_reward": 0.1328125,
  "std_reward": 0.3400367498397827,
  "min_reward": 0.0,
  "max_reward": 1.0,
  "mean_advantage": 4.6566128730773926e-09,
  "std_advantage": 0.6416873931884766,
  "num_groups": 32.0
}
