{
  "type": "rollout",
  "grpo_step": 150,
  "num_questions": 32,
  "group_size": 8.0,
  "num_rollouts": 256,
  "reward": 0.734375,
  "format_accuracy": 0.921875,
  "answer_accuracy": 0.734375,
  "avg_response_token_length": 410.5078125,
  "rollout_seconds": 30.490955114364624,
  "mean_reward": 0.734375,
  "std_reward": 0.4425306022167206,
  "min_reward": 0.0,
  "max_reward": 1.0,
  "mean_advantage": -7.450580596923828e-09,
  "std_advantage": 0.662731945514679,
  "num_groups": 32.0
}
