{
  "type": "rollout",
  "grpo_step": 73,
  "num_questions": 32,
  "group_size": 8.0,
  "num_rollouts": 256,
  "reward": 0.2578125,
  "format_accuracy": 0.9375,
  "answer_accuracy": 0.2578125,
  "avg_response_token_length": 56.49609375,
  "rollout_seconds": 6.221158266067505,
  "mean_reward": 0.2578125,
  "std_reward": 0.4382871091365814,
  "min_reward": 0.0,
  "max_reward": 1.0,
  "mean_advantage": 9.313225746154785e-10,
  "std_advantage": 0.438355952501297,
  "num_groups": 32.0
}
