{
  "type": "rollout",
  "grpo_step": 123,
  "num_questions": 32,
  "group_size": 8.0,
  "num_rollouts": 256,
  "reward": 0.66796875,
  "format_accuracy": 0.82421875,
  "answer_accuracy": 0.66796875,
  "avg_response_token_length": 531.3515625,
  "rollout_seconds": 16.64643907546997,
  "mean_reward": 0.66796875,
  "std_reward": 0.47186464071273804,
  "min_reward": 0.0,
  "max_reward": 1.0,
  "mean_advantage": 0.0,
  "std_advantage": 0.5239356160163879,
  "num_groups": 32.0
}
