{
  "type": "rollout",
  "grpo_step": 114,
  "num_questions": 32,
  "group_size": 8.0,
  "num_rollouts": 256,
  "reward": 0.58984375,
  "format_accuracy": 0.9140625,
  "answer_accuracy": 0.58984375,
  "avg_response_token_length": 311.59375,
  "rollout_seconds": 12.1443190574646,
  "mean_reward": 0.58984375,
  "std_reward": 0.49282535910606384,
  "min_reward": 0.0,
  "max_reward": 1.0,
  "mean_advantage": -9.313225746154785e-10,
  "std_advantage": 0.5739425420761108,
  "num_groups": 32.0
}
