{
  "type": "rollout",
  "grpo_step": 85,
  "num_questions": 32,
  "group_size": 8.0,
  "num_rollouts": 256,
  "reward": 0.71484375,
  "format_accuracy": 0.91796875,
  "answer_accuracy": 0.71484375,
  "avg_response_token_length": 473.30859375,
  "rollout_seconds": 15.23550271987915,
  "mean_reward": 0.71484375,
  "std_reward": 0.4523732364177704,
  "min_reward": 0.0,
  "max_reward": 1.0,
  "mean_advantage": -9.313225746154785e-10,
  "std_advantage": 0.5239356160163879,
  "num_groups": 32.0
}
