{
  "type": "rollout",
  "grpo_step": 173,
  "num_questions": 32,
  "group_size": 8.0,
  "num_rollouts": 256,
  "reward": 0.203125,
  "format_accuracy": 0.6640625,
  "answer_accuracy": 0.203125,
  "avg_response_token_length": 317.77734375,
  "rollout_seconds": 12.065707445144653,
  "mean_reward": 0.203125,
  "std_reward": 0.40311288833618164,
  "min_reward": 0.0,
  "max_reward": 1.0,
  "mean_advantage": -4.656612873077393e-10,
  "std_advantage": 0.5973784923553467,
  "num_groups": 32.0
}
