{
  "type": "rollout",
  "grpo_step": 164,
  "num_questions": 32,
  "group_size": 8.0,
  "num_rollouts": 256,
  "reward": 0.66015625,
  "format_accuracy": 0.953125,
  "answer_accuracy": 0.66015625,
  "avg_response_token_length": 433.12890625,
  "rollout_seconds": 14.68359088897705,
  "mean_reward": 0.66015625,
  "std_reward": 0.47458380460739136,
  "min_reward": 0.0,
  "max_reward": 1.0,
  "mean_advantage": 1.1641532182693481e-09,
  "std_advantage": 0.49704885482788086,
  "num_groups": 32.0
}
