{
  "type": "rollout",
  "grpo_step": 2,
  "num_questions": 32,
  "group_size": 8.0,
  "num_rollouts": 256,
  "reward": 0.2109375,
  "format_accuracy": 0.78125,
  "answer_accuracy": 0.2109375,
  "avg_response_token_length": 118.234375,
  "rollout_seconds": 7.8073248863220215,
  "mean_reward": 0.2109375,
  "std_reward": 0.408773273229599,
  "min_reward": 0.0,
  "max_reward": 1.0,
  "mean_advantage": 5.122274160385132e-09,
  "std_advantage": 0.7409569025039673,
  "num_groups": 32.0
}
