{
  "type": "rollout",
  "grpo_step": 9,
  "num_questions": 32,
  "group_size": 8.0,
  "num_rollouts": 256,
  "reward": 0.453125,
  "format_accuracy": 0.921875,
  "answer_accuracy": 0.453125,
  "avg_response_token_length": 167.1796875,
  "rollout_seconds": 8.591262102127075,
  "mean_reward": 0.453125,
  "std_reward": 0.4987730085849762,
  "min_reward": 0.0,
  "max_reward": 1.0,
  "mean_advantage": 0.0,
  "std_advantage": 0.7592548727989197,
  "num_groups": 32.0
}
