{
  "type": "rollout",
  "grpo_step": 171,
  "num_questions": 32,
  "group_size": 8.0,
  "num_rollouts": 256,
  "reward": 0.75390625,
  "format_accuracy": 0.9765625,
  "answer_accuracy": 0.75390625,
  "avg_response_token_length": 361.796875,
  "rollout_seconds": 12.618030786514282,
  "mean_reward": 0.75390625,
  "std_reward": 0.43157756328582764,
  "min_reward": 0.0,
  "max_reward": 1.0,
  "mean_advantage": 9.313225746154785e-10,
  "std_advantage": 0.3313659131526947,
  "num_groups": 32.0
}
