{
  "type": "rollout",
  "grpo_step": 139,
  "num_questions": 32,
  "group_size": 8.0,
  "num_rollouts": 256,
  "reward": 0.7890625,
  "format_accuracy": 0.94921875,
  "answer_accuracy": 0.7890625,
  "avg_response_token_length": 445.96484375,
  "rollout_seconds": 15.055338144302368,
  "mean_reward": 0.7890625,
  "std_reward": 0.408773273229599,
  "min_reward": 0.0,
  "max_reward": 1.0,
  "mean_advantage": 1.1641532182693481e-10,
  "std_advantage": 0.4058387875556946,
  "num_groups": 32.0
}
