{
  "type": "rollout",
  "grpo_step": 5,
  "num_questions": 32,
  "group_size": 8.0,
  "num_rollouts": 256,
  "reward": 0.2734375,
  "format_accuracy": 0.9296875,
  "answer_accuracy": 0.2734375,
  "avg_response_token_length": 124.75390625,
  "rollout_seconds": 13.57776403427124,
  "mean_reward": 0.2734375,
  "std_reward": 0.44659659266471863,
  "min_reward": 0.0,
  "max_reward": 1.0,
  "mean_advantage": 1.862645149230957e-09,
  "std_advantage": 0.7945878505706787,
  "num_groups": 32.0
}
