{
  "type": "rollout",
  "grpo_step": 40,
  "num_questions": 32,
  "group_size": 8.0,
  "num_rollouts": 256,
  "reward": 0.3359375,
  "format_accuracy": 0.9296875,
  "answer_accuracy": 0.3359375,
  "avg_response_token_length": 108.01171875,
  "rollout_seconds": 9.231844425201416,
  "mean_reward": 0.3359375,
  "std_reward": 0.4732423722743988,
  "min_reward": 0.0,
  "max_reward": 1.0,
  "mean_advantage": 0.0,
  "std_advantage": 0.3162277638912201,
  "num_groups": 32.0
}
