{
  "type": "rollout",
  "grpo_step": 190,
  "num_questions": 32,
  "group_size": 8.0,
  "num_rollouts": 256,
  "reward": 0.3046875,
  "format_accuracy": 0.90234375,
  "answer_accuracy": 0.3046875,
  "avg_response_token_length": 70.55859375,
  "rollout_seconds": 6.5992467403411865,
  "mean_reward": 0.3046875,
  "std_reward": 0.4611765742301941,
  "min_reward": 0.0,
  "max_reward": 1.0,
  "mean_advantage": -2.7939677238464355e-09,
  "std_advantage": 0.49704891443252563,
  "num_groups": 32.0
}
