{
  "type": "rollout",
  "grpo_step": 90,
  "num_questions": 32,
  "group_size": 8.0,
  "num_rollouts": 256,
  "reward": 0.58984375,
  "format_accuracy": 0.7578125,
  "answer_accuracy": 0.58984375,
  "avg_response_token_length": 387.7734375,
  "rollout_seconds": 13.48213267326355,
  "mean_reward": 0.58984375,
  "std_reward": 0.49282535910606384,
  "min_reward": 0.0,
  "max_reward": 1.0,
  "mean_advantage": 1.862645149230957e-09,
  "std_advantage": 0.7221955060958862,
  "num_groups": 32.0
}
