{
  "type": "rollout",
  "grpo_step": 46,
  "num_questions": 32,
  "group_size": 8.0,
  "num_rollouts": 256,
  "reward": 0.46875,
  "format_accuracy": 0.9765625,
  "answer_accuracy": 0.46875,
  "avg_response_token_length": 247.7265625,
  "rollout_seconds": 10.28247880935669,
  "mean_reward": 0.46875,
  "std_reward": 0.5,
  "min_reward": 0.0,
  "max_reward": 1.0,
  "mean_advantage": 3.725290298461914e-09,
  "std_advantage": 0.5973785519599915,
  "num_groups": 32.0
}
