{
  "type": "rollout",
  "grpo_step": 52,
  "num_questions": 32,
  "group_size": 8.0,
  "num_rollouts": 256,
  "reward": 0.5234375,
  "format_accuracy": 0.98046875,
  "answer_accuracy": 0.5234375,
  "avg_response_token_length": 161.359375,
  "rollout_seconds": 9.218752145767212,
  "mean_reward": 0.5234375,
  "std_reward": 0.5004287362098694,
  "min_reward": 0.0,
  "max_reward": 1.0,
  "mean_advantage": 6.51925802230835e-09,
  "std_advantage": 0.6831283569335938,
  "num_groups": 32.0
}
