{
  "type": "rollout",
  "grpo_step": 180,
  "num_questions": 32,
  "group_size": 8.0,
  "num_rollouts": 256,
  "reward": 0.78125,
  "format_accuracy": 0.96875,
  "answer_accuracy": 0.78125,
  "avg_response_token_length": 389.4375,
  "rollout_seconds": 13.68246865272522,
  "mean_reward": 0.78125,
  "std_reward": 0.41420844197273254,
  "min_reward": 0.0,
  "max_reward": 1.0,
  "mean_advantage": -2.7939677238464355e-09,
  "std_advantage": 0.5239356160163879,
  "num_groups": 32.0
}
