{
  "type": "rollout",
  "grpo_step": 88,
  "num_questions": 32,
  "group_size": 8.0,
  "num_rollouts": 256,
  "reward": 0.2421875,
  "format_accuracy": 0.9765625,
  "answer_accuracy": 0.2421875,
  "avg_response_token_length": 40.76953125,
  "rollout_seconds": 6.367900133132935,
  "mean_reward": 0.2421875,
  "std_reward": 0.42924636602401733,
  "min_reward": 0.0,
  "max_reward": 1.0,
  "mean_advantage": 9.313225746154785e-10,
  "std_advantage": 0.2869713008403778,
  "num_groups": 32.0
}
