{
  "type": "rollout",
  "grpo_step": 136,
  "num_questions": 32,
  "group_size": 8.0,
  "num_rollouts": 256,
  "reward": 0.71484375,
  "format_accuracy": 0.94140625,
  "answer_accuracy": 0.71484375,
  "avg_response_token_length": 408.40234375,
  "rollout_seconds": 22.844560384750366,
  "mean_reward": 0.71484375,
  "std_reward": 0.4523732364177704,
  "min_reward": 0.0,
  "max_reward": 1.0,
  "mean_advantage": -1.862645149230957e-09,
  "std_advantage": 0.6199288964271545,
  "num_groups": 32.0
}
