{
  "type": "rollout",
  "grpo_step": 159,
  "num_questions": 32,
  "group_size": 8.0,
  "num_rollouts": 256,
  "reward": 0.7734375,
  "format_accuracy": 0.9453125,
  "answer_accuracy": 0.7734375,
  "avg_response_token_length": 423.6484375,
  "rollout_seconds": 14.367093801498413,
  "mean_reward": 0.7734375,
  "std_reward": 0.41942712664604187,
  "min_reward": 0.0,
  "max_reward": 1.0,
  "mean_advantage": -3.725290298461914e-09,
  "std_advantage": 0.549508273601532,
  "num_groups": 32.0
}
