{
  "type": "rollout",
  "grpo_step": 374,
  "num_questions": 32,
  "group_size": 8.0,
  "num_rollouts": 256,
  "reward": 0.84765625,
  "format_accuracy": 0.97265625,
  "answer_accuracy": 0.84765625,
  "avg_response_token_length": 358.68359375,
  "rollout_seconds": 12.634107112884521,
  "mean_reward": 0.84765625,
  "std_reward": 0.36005768179893494,
  "min_reward": 0.0,
  "max_reward": 1.0,
  "mean_advantage": 4.656612873077393e-10,
  "std_advantage": 0.4970490038394928,
  "num_groups": 32.0
}
