{
  "type": "rollout",
  "grpo_step": 101,
  "num_questions": 32,
  "group_size": 8.0,
  "num_rollouts": 256,
  "reward": 0.18359375,
  "format_accuracy": 0.8046875,
  "answer_accuracy": 0.18359375,
  "avg_response_token_length": 177.859375,
  "rollout_seconds": 9.212377071380615,
  "mean_reward": 0.18359375,
  "std_reward": 0.3879109025001526,
  "min_reward": 0.0,
  "max_reward": 1.0,
  "mean_advantage": 2.7939677238464355e-09,
  "std_advantage": 0.6416874527931213,
  "num_groups": 32.0
}
