{
  "type": "rollout",
  "grpo_step": 127,
  "num_questions": 32,
  "group_size": 8.0,
  "num_rollouts": 256,
  "reward": 0.62890625,
  "format_accuracy": 0.94921875,
  "answer_accuracy": 0.62890625,
  "avg_response_token_length": 279.4140625,
  "rollout_seconds": 11.06004285812378,
  "mean_reward": 0.62890625,
  "std_reward": 0.48404380679130554,
  "min_reward": 0.0,
  "max_reward": 1.0,
  "mean_advantage": -1.979060471057892e-09,
  "std_advantage": 0.6627318263053894,
  "num_groups": 32.0
}
