{
  "type": "rollout",
  "grpo_step": 153,
  "num_questions": 32,
  "group_size": 8.0,
  "num_rollouts": 256,
  "reward": 0.83984375,
  "format_accuracy": 0.97265625,
  "answer_accuracy": 0.83984375,
  "avg_response_token_length": 381.22265625,
  "rollout_seconds": 13.239683389663696,
  "mean_reward": 0.83984375,
  "std_reward": 0.36746931076049805,
  "min_reward": 0.0,
  "max_reward": 1.0,
  "mean_advantage": -2.7939677238464355e-09,
  "std_advantage": 0.4970490336418152,
  "num_groups": 32.0
}
