{
  "num_examples": 1024,
  "reward": 0.5126953125,
  "format_accuracy": 0.701171875,
  "answer_accuracy": 0.5126953125,
  "temperature": 1.0,
  "top_p": 1.0,
  "max_tokens": 1024,
  "stop": "</answer>",
  "include_stop_str_in_output": true,
  "eval_seconds": 44.335424184799194
}
