{
  "type": "rollout",
  "grpo_step": 163,
  "num_questions": 32,
  "group_size": 8.0,
  "num_rollouts": 256,
  "reward": 0.80859375,
  "format_accuracy": 0.91015625,
  "answer_accuracy": 0.80859375,
  "avg_response_token_length": 391.0234375,
  "rollout_seconds": 14.11850357055664,
  "mean_reward": 0.80859375,
  "std_reward": 0.39417868852615356,
  "min_reward": 0.0,
  "max_reward": 1.0,
  "mean_advantage": 1.862645149230957e-09,
  "std_advantage": 0.4383560121059418,
  "num_groups": 32.0
}
