{
  "type": "rollout",
  "grpo_step": 91,
  "num_questions": 32,
  "group_size": 8.0,
  "num_rollouts": 256,
  "reward": 0.1796875,
  "format_accuracy": 0.56640625,
  "answer_accuracy": 0.1796875,
  "avg_response_token_length": 437.265625,
  "rollout_seconds": 15.110271453857422,
  "mean_reward": 0.1796875,
  "std_reward": 0.38467901945114136,
  "min_reward": 0.0,
  "max_reward": 1.0,
  "mean_advantage": 0.0,
  "std_advantage": 0.29538941383361816,
  "num_groups": 32.0
}
