{
  "type": "rollout",
  "grpo_step": 245,
  "num_questions": 32,
  "group_size": 8.0,
  "num_rollouts": 256,
  "reward": 0.875,
  "format_accuracy": 0.9765625,
  "answer_accuracy": 0.875,
  "avg_response_token_length": 414.16015625,
  "rollout_seconds": 11.039438962936401,
  "mean_reward": 0.875,
  "std_reward": 0.33136674761772156,
  "min_reward": 0.0,
  "max_reward": 1.0,
  "mean_advantage": -9.313225746154785e-10,
  "std_advantage": 0.4970489740371704,
  "num_groups": 32.0
}
