{
  "type": "rollout",
  "grpo_step": 245,
  "num_questions": 32,
  "group_size": 8.0,
  "num_rollouts": 256,
  "reward": 0.83984375,
  "format_accuracy": 0.96484375,
  "answer_accuracy": 0.83984375,
  "avg_response_token_length": 349.96875,
  "rollout_seconds": 12.974624395370483,
  "mean_reward": 0.83984375,
  "std_reward": 0.36746931076049805,
  "min_reward": 0.0,
  "max_reward": 1.0,
  "mean_advantage": -6.984919309616089e-10,
  "std_advantage": 0.5739426016807556,
  "num_groups": 32.0
}
