{
  "type": "rollout",
  "grpo_step": 122,
  "num_questions": 32,
  "group_size": 8.0,
  "num_rollouts": 256,
  "reward": 0.41796875,
  "format_accuracy": 0.9140625,
  "answer_accuracy": 0.41796875,
  "avg_response_token_length": 379.21484375,
  "rollout_seconds": 13.21195673942566,
  "mean_reward": 0.41796875,
  "std_reward": 0.49419113993644714,
  "min_reward": 0.0,
  "max_reward": 1.0,
  "mean_advantage": -2.3283064365386963e-09,
  "std_advantage": 0.7029333114624023,
  "num_groups": 32.0
}
