{
  "type": "rollout",
  "grpo_step": 136,
  "num_questions": 32,
  "group_size": 8.0,
  "num_rollouts": 256,
  "reward": 0.44921875,
  "format_accuracy": 1.0,
  "answer_accuracy": 0.44921875,
  "avg_response_token_length": 15.02734375,
  "rollout_seconds": 1.2082397937774658,
  "mean_reward": 0.44921875,
  "std_reward": 0.49838894605636597,
  "min_reward": 0.0,
  "max_reward": 1.0,
  "mean_advantage": -1.862645149230957e-09,
  "std_advantage": 0.5239356756210327,
  "num_groups": 32.0
}
