{
  "type": "rollout",
  "ei_step": 3,
  "num_questions": 512,
  "rollouts_per_question": 4,
  "num_rollouts": 2048,
  "num_accepted": 448,
  "accepted_fraction": 0.21875,
  "question_coverage_with_accept": 0.533203125,
  "reward": 0.21875,
  "format_accuracy": 0.7080078125,
  "answer_accuracy": 0.21875,
  "avg_token_entropy": 1.5896039009094238,
  "avg_accepted_token_entropy": 0.9913613455636161,
  "avg_response_token_length": 216.47216796875,
  "avg_accepted_response_token_length": 147.65848214285714,
  "rollout_seconds": 74.68454146385193
}
