{
  "type": "rollout",
  "grpo_step": 121,
  "num_questions": 32,
  "group_size": 8.0,
  "num_rollouts": 256,
  "reward": 0.53125,
  "format_accuracy": 0.640625,
  "answer_accuracy": 0.53125,
  "avg_response_token_length": 497.546875,
  "rollout_seconds": 15.961517572402954,
  "mean_reward": 0.53125,
  "std_reward": 0.5,
  "min_reward": 0.0,
  "max_reward": 1.0,
  "mean_advantage": -1.862645149230957e-09,
  "std_advantage": 0.5495082139968872,
  "num_groups": 32.0
}
