{
  "type": "rollout",
  "grpo_step": 121,
  "num_questions": 32,
  "group_size": 8.0,
  "num_rollouts": 256,
  "reward": 0.78515625,
  "format_accuracy": 0.92578125,
  "answer_accuracy": 0.78515625,
  "avg_response_token_length": 393.36328125,
  "rollout_seconds": 20.457267999649048,
  "mean_reward": 0.78515625,
  "std_reward": 0.4115184545516968,
  "min_reward": 0.0,
  "max_reward": 1.0,
  "mean_advantage": -1.3969838619232178e-09,
  "std_advantage": 0.4970490634441376,
  "num_groups": 32.0
}
