{
  "type": "rollout",
  "grpo_step": 36,
  "num_questions": 32,
  "group_size": 8.0,
  "num_rollouts": 256,
  "reward": 0.41015625,
  "format_accuracy": 0.9609375,
  "answer_accuracy": 0.41015625,
  "avg_response_token_length": 254.99609375,
  "rollout_seconds": 10.686788558959961,
  "mean_reward": 0.41015625,
  "std_reward": 0.49282535910606384,
  "min_reward": 0.0,
  "max_reward": 1.0,
  "mean_advantage": 0.0,
  "std_advantage": 0.6831284165382385,
  "num_groups": 32.0
}
