{
  "type": "rollout",
  "grpo_step": 49,
  "num_questions": 32,
  "group_size": 8.0,
  "num_rollouts": 256,
  "reward": 0.6328125,
  "format_accuracy": 0.9296875,
  "answer_accuracy": 0.6328125,
  "avg_response_token_length": 343.69140625,
  "rollout_seconds": 15.264972686767578,
  "mean_reward": 0.6328125,
  "std_reward": 0.48298245668411255,
  "min_reward": 0.0,
  "max_reward": 1.0,
  "mean_advantage": -4.6566128730773926e-09,
  "std_advantage": 0.7221953272819519,
  "num_groups": 32.0
}
