{
  "type": "rollout",
  "grpo_step": 194,
  "num_questions": 32,
  "group_size": 8.0,
  "num_rollouts": 256,
  "reward": 0.69921875,
  "format_accuracy": 0.95703125,
  "answer_accuracy": 0.69921875,
  "avg_response_token_length": 371.15625,
  "rollout_seconds": 13.148412942886353,
  "mean_reward": 0.69921875,
  "std_reward": 0.45949608087539673,
  "min_reward": 0.0,
  "max_reward": 1.0,
  "mean_advantage": 3.725290298461914e-09,
  "std_advantage": 0.5239354372024536,
  "num_groups": 32.0
}
