{
  "type": "rollout",
  "ei_step": 4,
  "num_questions": 512,
  "rollouts_per_question": 4,
  "num_rollouts": 2048,
  "num_accepted": 634,
  "accepted_fraction": 0.3095703125,
  "question_coverage_with_accept": 0.6171875,
  "reward": 0.3095703125,
  "format_accuracy": 0.8173828125,
  "answer_accuracy": 0.3095703125,
  "avg_token_entropy": 0.7651729583740234,
  "avg_accepted_token_entropy": 0.539594680352918,
  "avg_response_token_length": 205.65283203125,
  "avg_accepted_response_token_length": 141.70662460567823,
  "rollout_seconds": 68.30399513244629
}
