{
  "type": "rollout",
  "ei_step": 4,
  "num_questions": 512,
  "rollouts_per_question": 4,
  "num_rollouts": 2048,
  "num_accepted": 563,
  "accepted_fraction": 0.27490234375,
  "question_coverage_with_accept": 0.55859375,
  "reward": 0.27490234375,
  "format_accuracy": 0.8056640625,
  "answer_accuracy": 0.27490234375,
  "avg_token_entropy": 0.7884211540222168,
  "avg_accepted_token_entropy": 0.5803903474689165,
  "avg_response_token_length": 217.31884765625,
  "avg_accepted_response_token_length": 133.7886323268206,
  "rollout_seconds": 93.75844931602478
}
