{
  "type": "rollout",
  "grpo_step": 87,
  "num_questions": 32,
  "group_size": 8.0,
  "num_rollouts": 256,
  "reward": 0.3125,
  "format_accuracy": 0.83984375,
  "answer_accuracy": 0.3125,
  "avg_response_token_length": 148.98828125,
  "rollout_seconds": 8.102620601654053,
  "mean_reward": 0.3125,
  "std_reward": 0.4644203782081604,
  "min_reward": 0.0,
  "max_reward": 1.0,
  "mean_advantage": 9.313225746154785e-09,
  "std_advantage": 0.8116776943206787,
  "num_groups": 32.0
}
