{
  "type": "rollout",
  "grpo_step": 87,
  "num_questions": 32,
  "group_size": 8.0,
  "num_rollouts": 256,
  "reward": 0.52734375,
  "format_accuracy": 0.859375,
  "answer_accuracy": 0.52734375,
  "avg_response_token_length": 223.10546875,
  "rollout_seconds": 9.780978918075562,
  "mean_reward": 0.52734375,
  "std_reward": 0.5002297163009644,
  "min_reward": 0.0,
  "max_reward": 1.0,
  "mean_advantage": 2.7939677238464355e-09,
  "std_advantage": 0.7771220803260803,
  "num_groups": 32.0
}
