{
  "type": "rollout",
  "grpo_step": 127,
  "num_questions": 32,
  "group_size": 8.0,
  "num_rollouts": 256,
  "reward": 0.34375,
  "format_accuracy": 0.80859375,
  "answer_accuracy": 0.34375,
  "avg_response_token_length": 183.0234375,
  "rollout_seconds": 9.019651889801025,
  "mean_reward": 0.34375,
  "std_reward": 0.47588926553726196,
  "min_reward": 0.0,
  "max_reward": 1.0,
  "mean_advantage": 2.7939677238464355e-09,
  "std_advantage": 0.7771221399307251,
  "num_groups": 32.0
}
