{
  "type": "rollout",
  "grpo_step": 339,
  "num_questions": 32,
  "group_size": 8.0,
  "num_rollouts": 256,
  "reward": 0.87109375,
  "format_accuracy": 0.96484375,
  "answer_accuracy": 0.87109375,
  "avg_response_token_length": 370.99609375,
  "rollout_seconds": 10.082895517349243,
  "mean_reward": 0.87109375,
  "std_reward": 0.33575254678726196,
  "min_reward": 0.0,
  "max_reward": 1.0,
  "mean_advantage": -4.6566128730773926e-09,
  "std_advantage": 0.43835580348968506,
  "num_groups": 32.0
}
