{
  "type": "rollout",
  "grpo_step": 8,
  "num_questions": 32,
  "group_size": 8.0,
  "num_rollouts": 256,
  "reward": 0.4140625,
  "format_accuracy": 0.890625,
  "answer_accuracy": 0.4140625,
  "avg_response_token_length": 186.44921875,
  "rollout_seconds": 10.05431604385376,
  "mean_reward": 0.4140625,
  "std_reward": 0.4935242533683777,
  "min_reward": 0.0,
  "max_reward": 1.0,
  "mean_advantage": 4.6566128730773926e-09,
  "std_advantage": 0.7029334306716919,
  "num_groups": 32.0
}
