{
  "type": "rollout",
  "grpo_step": 8,
  "num_questions": 32,
  "group_size": 8.0,
  "num_rollouts": 256,
  "reward": 0.21484375,
  "format_accuracy": 0.96875,
  "answer_accuracy": 0.21484375,
  "avg_response_token_length": 44.55078125,
  "rollout_seconds": 7.125412702560425,
  "mean_reward": 0.21484375,
  "std_reward": 0.4115184545516968,
  "min_reward": 0.0,
  "max_reward": 1.0,
  "mean_advantage": -4.656612873077393e-10,
  "std_advantage": 0.5739427208900452,
  "num_groups": 32.0
}
