{
  "type": "rollout",
  "grpo_step": 57,
  "num_questions": 32,
  "group_size": 8.0,
  "num_rollouts": 256,
  "reward": 0.4765625,
  "format_accuracy": 0.765625,
  "answer_accuracy": 0.4765625,
  "avg_response_token_length": 221.40625,
  "rollout_seconds": 13.53599214553833,
  "mean_reward": 0.4765625,
  "std_reward": 0.5004287362098694,
  "min_reward": 0.0,
  "max_reward": 1.0,
  "mean_advantage": 0.0,
  "std_advantage": 0.6416875123977661,
  "num_groups": 32.0
}
