{
  "type": "rollout",
  "grpo_step": 57,
  "num_questions": 32,
  "group_size": 8.0,
  "num_rollouts": 256,
  "reward": 0.26171875,
  "format_accuracy": 0.71484375,
  "answer_accuracy": 0.26171875,
  "avg_response_token_length": 156.34765625,
  "rollout_seconds": 8.240565299987793,
  "mean_reward": 0.26171875,
  "std_reward": 0.4404313564300537,
  "min_reward": 0.0,
  "max_reward": 1.0,
  "mean_advantage": 1.862645149230957e-09,
  "std_advantage": 0.7771221399307251,
  "num_groups": 32.0
}
