{
  "type": "rollout",
  "grpo_step": 168,
  "num_questions": 32,
  "group_size": 8.0,
  "num_rollouts": 256,
  "reward": 0.3125,
  "format_accuracy": 0.79296875,
  "answer_accuracy": 0.3125,
  "avg_response_token_length": 177.38671875,
  "rollout_seconds": 8.999824523925781,
  "mean_reward": 0.3125,
  "std_reward": 0.4644203782081604,
  "min_reward": 0.0,
  "max_reward": 1.0,
  "mean_advantage": 4.6566128730773926e-09,
  "std_advantage": 0.7029333710670471,
  "num_groups": 32.0
}
