{
  "type": "rollout",
  "grpo_step": 7,
  "num_questions": 32,
  "group_size": 8.0,
  "num_rollouts": 256,
  "reward": 0.4921875,
  "format_accuracy": 0.765625,
  "answer_accuracy": 0.4921875,
  "avg_response_token_length": 313.875,
  "rollout_seconds": 11.542423725128174,
  "mean_reward": 0.4921875,
  "std_reward": 0.5009182691574097,
  "min_reward": 0.0,
  "max_reward": 1.0,
  "mean_advantage": 0.0,
  "std_advantage": 0.7945876717567444,
  "num_groups": 32.0
}
