{
  "type": "rollout",
  "grpo_step": 147,
  "num_questions": 32,
  "group_size": 8.0,
  "num_rollouts": 256,
  "reward": 0.78515625,
  "format_accuracy": 0.95703125,
  "answer_accuracy": 0.78515625,
  "avg_response_token_length": 410.23046875,
  "rollout_seconds": 13.906505107879639,
  "mean_reward": 0.78515625,
  "std_reward": 0.4115184545516968,
  "min_reward": 0.0,
  "max_reward": 1.0,
  "mean_advantage": -1.862645149230957e-09,
  "std_advantage": 0.5495081543922424,
  "num_groups": 32.0
}
