{
  "type": "rollout",
  "grpo_step": 103,
  "num_questions": 32,
  "group_size": 8.0,
  "num_rollouts": 256,
  "reward": 0.734375,
  "format_accuracy": 0.96484375,
  "answer_accuracy": 0.734375,
  "avg_response_token_length": 318.50390625,
  "rollout_seconds": 11.923781394958496,
  "mean_reward": 0.734375,
  "std_reward": 0.4425306022167206,
  "min_reward": 0.0,
  "max_reward": 1.0,
  "mean_advantage": 0.0,
  "std_advantage": 0.21236298978328705,
  "num_groups": 32.0
}
