{
  "type": "rollout",
  "grpo_step": 185,
  "num_questions": 32,
  "group_size": 8.0,
  "num_rollouts": 256,
  "reward": 0.84765625,
  "format_accuracy": 0.9609375,
  "answer_accuracy": 0.84765625,
  "avg_response_token_length": 422.58203125,
  "rollout_seconds": 15.17815089225769,
  "mean_reward": 0.84765625,
  "std_reward": 0.36005768179893494,
  "min_reward": 0.0,
  "max_reward": 1.0,
  "mean_advantage": -2.7939677238464355e-09,
  "std_advantage": 0.5495081543922424,
  "num_groups": 32.0
}
