{
  "type": "rollout",
  "ei_step": 4,
  "num_questions": 512,
  "rollouts_per_question": 4,
  "num_rollouts": 2048,
  "num_accepted": 511,
  "accepted_fraction": 0.24951171875,
  "question_coverage_with_accept": 0.54296875,
  "reward": 0.24951171875,
  "format_accuracy": 0.77978515625,
  "answer_accuracy": 0.24951171875,
  "avg_token_entropy": 1.1190369129180908,
  "avg_accepted_token_entropy": 0.7773857937866928,
  "avg_response_token_length": 253.64794921875,
  "avg_accepted_response_token_length": 152.720156555773,
  "rollout_seconds": 125.97403192520142
}
