{
  "type": "rollout",
  "grpo_step": 66,
  "num_questions": 32,
  "group_size": 8.0,
  "num_rollouts": 256,
  "reward": 0.80078125,
  "format_accuracy": 0.9765625,
  "answer_accuracy": 0.80078125,
  "avg_response_token_length": 528.4453125,
  "rollout_seconds": 24.82019591331482,
  "mean_reward": 0.80078125,
  "std_reward": 0.40019527077674866,
  "min_reward": 0.0,
  "max_reward": 1.0,
  "mean_advantage": 0.0,
  "std_advantage": 0.2394847422838211,
  "num_groups": 32.0
}
