{
  "type": "rollout",
  "grpo_step": 333,
  "num_questions": 32,
  "group_size": 8.0,
  "num_rollouts": 256,
  "reward": 0.72265625,
  "format_accuracy": 0.97265625,
  "answer_accuracy": 0.72265625,
  "avg_response_token_length": 438.15625,
  "rollout_seconds": 11.53376317024231,
  "mean_reward": 0.72265625,
  "std_reward": 0.4485645592212677,
  "min_reward": 0.0,
  "max_reward": 1.0,
  "mean_advantage": -3.725290298461914e-09,
  "std_advantage": 0.549508273601532,
  "num_groups": 32.0
}
