{
  "type": "rollout",
  "grpo_step": 333,
  "num_questions": 32,
  "group_size": 8.0,
  "num_rollouts": 256,
  "reward": 0.7890625,
  "format_accuracy": 0.9609375,
  "answer_accuracy": 0.7890625,
  "avg_response_token_length": 439.640625,
  "rollout_seconds": 14.476566553115845,
  "mean_reward": 0.7890625,
  "std_reward": 0.408773273229599,
  "min_reward": 0.0,
  "max_reward": 1.0,
  "mean_advantage": -3.725290298461914e-09,
  "std_advantage": 0.5739426612854004,
  "num_groups": 32.0
}
