{
  "type": "rollout",
  "grpo_step": 59,
  "num_questions": 32,
  "group_size": 8.0,
  "num_rollouts": 256,
  "reward": 0.7890625,
  "format_accuracy": 0.94140625,
  "answer_accuracy": 0.7890625,
  "avg_response_token_length": 524.8828125,
  "rollout_seconds": 16.122478246688843,
  "mean_reward": 0.7890625,
  "std_reward": 0.408773273229599,
  "min_reward": 0.0,
  "max_reward": 1.0,
  "mean_advantage": -3.725290298461914e-09,
  "std_advantage": 0.6831283569335938,
  "num_groups": 32.0
}
