{
  "type": "rollout",
  "grpo_step": 73,
  "num_questions": 32,
  "group_size": 8.0,
  "num_rollouts": 256,
  "reward": 0.69140625,
  "format_accuracy": 0.95703125,
  "answer_accuracy": 0.69140625,
  "avg_response_token_length": 357.96484375,
  "rollout_seconds": 13.282384157180786,
  "mean_reward": 0.69140625,
  "std_reward": 0.46281784772872925,
  "min_reward": 0.0,
  "max_reward": 1.0,
  "mean_advantage": 0.0,
  "std_advantage": 0.22902178764343262,
  "num_groups": 32.0
}
