{
  "type": "rollout",
  "grpo_step": 155,
  "num_questions": 32,
  "group_size": 8.0,
  "num_rollouts": 256,
  "reward": 0.72265625,
  "format_accuracy": 0.9453125,
  "answer_accuracy": 0.72265625,
  "avg_response_token_length": 388.61328125,
  "rollout_seconds": 13.293615102767944,
  "mean_reward": 0.72265625,
  "std_reward": 0.4485645592212677,
  "min_reward": 0.0,
  "max_reward": 1.0,
  "mean_advantage": 0.0,
  "std_advantage": 0.5739428400993347,
  "num_groups": 32.0
}
