{
  "type": "rollout",
  "grpo_step": 114,
  "num_questions": 32,
  "group_size": 8.0,
  "num_rollouts": 256,
  "reward": 0.265625,
  "format_accuracy": 0.984375,
  "answer_accuracy": 0.265625,
  "avg_response_token_length": 16.26953125,
  "rollout_seconds": 2.9472732543945312,
  "mean_reward": 0.265625,
  "std_reward": 0.4425306022167206,
  "min_reward": 0.0,
  "max_reward": 1.0,
  "mean_advantage": -4.656612873077393e-10,
  "std_advantage": 0.3704783320426941,
  "num_groups": 32.0
}
