{
  "type": "rollout",
  "grpo_step": 114,
  "num_questions": 32,
  "group_size": 8.0,
  "num_rollouts": 256,
  "reward": 0.33203125,
  "format_accuracy": 1.0,
  "answer_accuracy": 0.33203125,
  "avg_response_token_length": 18.03125,
  "rollout_seconds": 1.4323713779449463,
  "mean_reward": 0.33203125,
  "std_reward": 0.47186464071273804,
  "min_reward": 0.0,
  "max_reward": 1.0,
  "mean_advantage": -9.313225746154785e-10,
  "std_advantage": 0.4058386981487274,
  "num_groups": 32.0
}
