{
  "type": "rollout",
  "grpo_step": 13,
  "num_questions": 32,
  "group_size": 8.0,
  "num_rollouts": 256,
  "reward": 0.48828125,
  "format_accuracy": 0.984375,
  "answer_accuracy": 0.48828125,
  "avg_response_token_length": 206.375,
  "rollout_seconds": 10.569131851196289,
  "mean_reward": 0.48828125,
  "std_reward": 0.5008417963981628,
  "min_reward": 0.0,
  "max_reward": 1.0,
  "mean_advantage": -7.450580596923828e-09,
  "std_advantage": 0.7409568428993225,
  "num_groups": 32.0
}
