{
  "type": "rollout",
  "grpo_step": 337,
  "num_questions": 32,
  "group_size": 8.0,
  "num_rollouts": 256,
  "reward": 0.8125,
  "format_accuracy": 0.984375,
  "answer_accuracy": 0.8125,
  "avg_response_token_length": 422.25390625,
  "rollout_seconds": 12.045008420944214,
  "mean_reward": 0.8125,
  "std_reward": 0.3910769522190094,
  "min_reward": 0.0,
  "max_reward": 1.0,
  "mean_advantage": -3.725290298461914e-09,
  "std_advantage": 0.5973784923553467,
  "num_groups": 32.0
}
