{
  "type": "rollout",
  "grpo_step": 191,
  "num_questions": 32,
  "group_size": 8.0,
  "num_rollouts": 256,
  "reward": 0.703125,
  "format_accuracy": 0.90234375,
  "answer_accuracy": 0.703125,
  "avg_response_token_length": 399.6953125,
  "rollout_seconds": 14.381020307540894,
  "mean_reward": 0.703125,
  "std_reward": 0.45777595043182373,
  "min_reward": 0.0,
  "max_reward": 1.0,
  "mean_advantage": 0.0,
  "std_advantage": 0.2675231397151947,
  "num_groups": 32.0
}
