{
  "type": "rollout",
  "grpo_step": 186,
  "num_questions": 32,
  "group_size": 8.0,
  "num_rollouts": 256,
  "reward": 0.79296875,
  "format_accuracy": 0.9453125,
  "answer_accuracy": 0.79296875,
  "avg_response_token_length": 391.9765625,
  "rollout_seconds": 13.835695266723633,
  "mean_reward": 0.79296875,
  "std_reward": 0.40597182512283325,
  "min_reward": 0.0,
  "max_reward": 1.0,
  "mean_advantage": 1.3969838619232178e-09,
  "std_advantage": 0.497048944234848,
  "num_groups": 32.0
}
