{
  "num_examples": 3199,
  "reward": 0.3238512035010941,
  "format_accuracy": 0.9356048765239138,
  "answer_accuracy": 0.3238512035010941,
  "temperature": 1.0,
  "top_p": 1.0,
  "max_tokens": 1024,
  "stop": "</answer>",
  "include_stop_str_in_output": true
}
