{
  "num_examples": 3199,
  "reward": 0.3982494529540481,
  "format_accuracy": 0.9828071272272585,
  "answer_accuracy": 0.3982494529540481,
  "temperature": 1.0,
  "top_p": 1.0,
  "max_tokens": 1024,
  "stop": "</answer>",
  "include_stop_str_in_output": true
}
