{
  "num_examples": 3199,
  "reward": 0.3347921225382932,
  "format_accuracy": 0.9581119099718662,
  "answer_accuracy": 0.3347921225382932,
  "temperature": 1.0,
  "top_p": 1.0,
  "max_tokens": 1024,
  "stop": "</answer>",
  "include_stop_str_in_output": true
}
