{
  "type": "rollout",
  "grpo_step": 15,
  "num_questions": 32,
  "group_size": 8.0,
  "num_rollouts": 256,
  "reward": 0.6328125,
  "format_accuracy": 0.90625,
  "answer_accuracy": 0.6328125,
  "avg_response_token_length": 539.82421875,
  "rollout_seconds": 16.776413679122925,
  "mean_reward": 0.6328125,
  "std_reward": 0.48298245668411255,
  "min_reward": 0.0,
  "max_reward": 1.0,
  "mean_advantage": -1.3969838619232178e-09,
  "std_advantage": 0.5495083928108215,
  "num_groups": 32.0
}
