{
  "type": "rollout",
  "grpo_step": 111,
  "num_questions": 32,
  "group_size": 8.0,
  "num_rollouts": 256,
  "reward": 0.16796875,
  "format_accuracy": 0.9609375,
  "answer_accuracy": 0.16796875,
  "avg_response_token_length": 28.23828125,
  "rollout_seconds": 5.757995367050171,
  "mean_reward": 0.16796875,
  "std_reward": 0.3745708465576172,
  "min_reward": 0.0,
  "max_reward": 1.0,
  "mean_advantage": 0.0,
  "std_advantage": 0.49704882502555847,
  "num_groups": 32.0
}
