{
  "type": "rollout",
  "grpo_step": 80,
  "num_questions": 32,
  "group_size": 8.0,
  "num_rollouts": 256,
  "reward": 0.38671875,
  "format_accuracy": 0.9453125,
  "answer_accuracy": 0.38671875,
  "avg_response_token_length": 54.3359375,
  "rollout_seconds": 6.591163635253906,
  "mean_reward": 0.38671875,
  "std_reward": 0.4879522919654846,
  "min_reward": 0.0,
  "max_reward": 1.0,
  "mean_advantage": -4.656612873077393e-10,
  "std_advantage": 0.46862226724624634,
  "num_groups": 32.0
}
