{
  "type": "rollout",
  "grpo_step": 113,
  "num_questions": 32,
  "group_size": 8.0,
  "num_rollouts": 256,
  "reward": 0.73828125,
  "format_accuracy": 0.95703125,
  "answer_accuracy": 0.73828125,
  "avg_response_token_length": 362.5859375,
  "rollout_seconds": 12.933117866516113,
  "mean_reward": 0.73828125,
  "std_reward": 0.4404313564300537,
  "min_reward": 0.0,
  "max_reward": 1.0,
  "mean_advantage": -3.725290298461914e-09,
  "std_advantage": 0.5973784327507019,
  "num_groups": 32.0
}
