{
  "type": "rollout",
  "grpo_step": 168,
  "num_questions": 32,
  "group_size": 8.0,
  "num_rollouts": 256,
  "reward": 0.71875,
  "format_accuracy": 0.921875,
  "answer_accuracy": 0.71875,
  "avg_response_token_length": 423.99609375,
  "rollout_seconds": 14.252572298049927,
  "mean_reward": 0.71875,
  "std_reward": 0.45048993825912476,
  "min_reward": 0.0,
  "max_reward": 1.0,
  "mean_advantage": 4.190951585769653e-09,
  "std_advantage": 0.5495083332061768,
  "num_groups": 32.0
}
