{
  "type": "rollout",
  "grpo_step": 101,
  "num_questions": 32,
  "group_size": 8.0,
  "num_rollouts": 256,
  "reward": 0.33984375,
  "format_accuracy": 1.0,
  "answer_accuracy": 0.33984375,
  "avg_response_token_length": 15.91796875,
  "rollout_seconds": 1.29068922996521,
  "mean_reward": 0.33984375,
  "std_reward": 0.47458380460739136,
  "min_reward": 0.0,
  "max_reward": 1.0,
  "mean_advantage": 2.3283064365386963e-10,
  "std_advantage": 0.28697121143341064,
  "num_groups": 32.0
}
