{
  "type": "rollout",
  "grpo_step": 2,
  "num_questions": 32,
  "group_size": 8.0,
  "num_rollouts": 256,
  "reward": 0.14453125,
  "format_accuracy": 0.8046875,
  "answer_accuracy": 0.14453125,
  "avg_response_token_length": 136.359375,
  "rollout_seconds": 8.23432993888855,
  "mean_reward": 0.14453125,
  "std_reward": 0.35231637954711914,
  "min_reward": 0.0,
  "max_reward": 1.0,
  "mean_advantage": 6.51925802230835e-09,
  "std_advantage": 0.7029332518577576,
  "num_groups": 32.0
}
