{
  "type": "rollout",
  "grpo_step": 35,
  "num_questions": 32,
  "group_size": 8.0,
  "num_rollouts": 256,
  "reward": 0.24609375,
  "format_accuracy": 0.68359375,
  "answer_accuracy": 0.24609375,
  "avg_response_token_length": 300.4453125,
  "rollout_seconds": 11.222749948501587,
  "mean_reward": 0.24609375,
  "std_reward": 0.43157756328582764,
  "min_reward": 0.0,
  "max_reward": 1.0,
  "mean_advantage": 3.725290298461914e-09,
  "std_advantage": 0.7409569621086121,
  "num_groups": 32.0
}
