{
  "type": "rollout",
  "grpo_step": 38,
  "num_questions": 32,
  "group_size": 8.0,
  "num_rollouts": 256,
  "reward": 0.0625,
  "format_accuracy": 0.28515625,
  "answer_accuracy": 0.0625,
  "avg_response_token_length": 135.46484375,
  "rollout_seconds": 7.533603668212891,
  "mean_reward": 0.0625,
  "std_reward": 0.24253562092781067,
  "min_reward": 0.0,
  "max_reward": 1.0,
  "mean_advantage": 0.0,
  "std_advantage": 0.12909944355487823,
  "num_groups": 32.0
}
