{
  "type": "rollout",
  "grpo_step": 160,
  "num_questions": 32,
  "group_size": 8.0,
  "num_rollouts": 256,
  "reward": 0.68359375,
  "format_accuracy": 0.89453125,
  "answer_accuracy": 0.68359375,
  "avg_response_token_length": 564.41015625,
  "rollout_seconds": 17.449129343032837,
  "mean_reward": 0.68359375,
  "std_reward": 0.4659844934940338,
  "min_reward": 0.0,
  "max_reward": 1.0,
  "mean_advantage": 0.0,
  "std_advantage": 0.2268712967634201,
  "num_groups": 32.0
}
