{
  "type": "rollout",
  "grpo_step": 24,
  "num_questions": 32,
  "group_size": 8.0,
  "num_rollouts": 256,
  "reward": 0.5078125,
  "format_accuracy": 0.94140625,
  "answer_accuracy": 0.5078125,
  "avg_response_token_length": 228.9296875,
  "rollout_seconds": 20.163225650787354,
  "mean_reward": 0.5078125,
  "std_reward": 0.5009182691574097,
  "min_reward": 0.0,
  "max_reward": 1.0,
  "mean_advantage": 4.423782229423523e-09,
  "std_advantage": 0.6831283569335938,
  "num_groups": 32.0
}
