{
  "type": "rollout",
  "grpo_step": 145,
  "num_questions": 32,
  "group_size": 8.0,
  "num_rollouts": 256,
  "reward": 0.56640625,
  "format_accuracy": 0.94921875,
  "answer_accuracy": 0.56640625,
  "avg_response_token_length": 252.0078125,
  "rollout_seconds": 10.435777425765991,
  "mean_reward": 0.56640625,
  "std_reward": 0.4965413510799408,
  "min_reward": 0.0,
  "max_reward": 1.0,
  "mean_advantage": -2.7939677238464355e-09,
  "std_advantage": 0.5973786115646362,
  "num_groups": 32.0
}
