{
  "type": "rollout",
  "grpo_step": 55,
  "num_questions": 32,
  "group_size": 8.0,
  "num_rollouts": 256,
  "reward": 0.1875,
  "format_accuracy": 0.65625,
  "answer_accuracy": 0.1875,
  "avg_response_token_length": 196.55078125,
  "rollout_seconds": 9.427780628204346,
  "mean_reward": 0.1875,
  "std_reward": 0.3910769522190094,
  "min_reward": 0.0,
  "max_reward": 1.0,
  "mean_advantage": 0.0,
  "std_advantage": 0.7409568428993225,
  "num_groups": 32.0
}
