{
  "type": "rollout",
  "grpo_step": 120,
  "num_questions": 32,
  "group_size": 8.0,
  "num_rollouts": 256,
  "reward": 0.56640625,
  "format_accuracy": 0.9609375,
  "answer_accuracy": 0.56640625,
  "avg_response_token_length": 352.2421875,
  "rollout_seconds": 25.331121683120728,
  "mean_reward": 0.56640625,
  "std_reward": 0.4965413510799408,
  "min_reward": 0.0,
  "max_reward": 1.0,
  "mean_advantage": 5.587935447692871e-09,
  "std_advantage": 0.46862220764160156,
  "num_groups": 32.0
}
