{
  "type": "rollout",
  "grpo_step": 17,
  "num_questions": 32,
  "group_size": 8.0,
  "num_rollouts": 256,
  "reward": 0.453125,
  "format_accuracy": 0.9140625,
  "answer_accuracy": 0.453125,
  "avg_response_token_length": 209.9140625,
  "rollout_seconds": 9.510132789611816,
  "mean_reward": 0.453125,
  "std_reward": 0.4987730085849762,
  "min_reward": 0.0,
  "max_reward": 1.0,
  "mean_advantage": 2.7939677238464355e-09,
  "std_advantage": 0.662731945514679,
  "num_groups": 32.0
}
