{
  "type": "rollout",
  "grpo_step": 32,
  "num_questions": 32,
  "group_size": 8.0,
  "num_rollouts": 256,
  "reward": 0.4765625,
  "format_accuracy": 0.98828125,
  "answer_accuracy": 0.4765625,
  "avg_response_token_length": 68.09375,
  "rollout_seconds": 9.228972673416138,
  "mean_reward": 0.4765625,
  "std_reward": 0.5004287362098694,
  "min_reward": 0.0,
  "max_reward": 1.0,
  "mean_advantage": -2.7939677238464355e-09,
  "std_advantage": 0.5495083332061768,
  "num_groups": 32.0
}
