{
  "type": "rollout",
  "grpo_step": 166,
  "num_questions": 32,
  "group_size": 8.0,
  "num_rollouts": 256,
  "reward": 0.7890625,
  "format_accuracy": 0.9609375,
  "answer_accuracy": 0.7890625,
  "avg_response_token_length": 381.1875,
  "rollout_seconds": 26.642042636871338,
  "mean_reward": 0.7890625,
  "std_reward": 0.408773273229599,
  "min_reward": 0.0,
  "max_reward": 1.0,
  "mean_advantage": -2.7939677238464355e-09,
  "std_advantage": 0.5739425420761108,
  "num_groups": 32.0
}
