{
  "type": "rollout",
  "grpo_step": 168,
  "num_questions": 32,
  "group_size": 8.0,
  "num_rollouts": 256,
  "reward": 0.5703125,
  "format_accuracy": 0.9140625,
  "answer_accuracy": 0.5703125,
  "avg_response_token_length": 247.16015625,
  "rollout_seconds": 10.85051679611206,
  "mean_reward": 0.5703125,
  "std_reward": 0.49600115418434143,
  "min_reward": 0.0,
  "max_reward": 1.0,
  "mean_advantage": -3.725290298461914e-09,
  "std_advantage": 0.662731945514679,
  "num_groups": 32.0
}
