{
  "type": "rollout",
  "grpo_step": 44,
  "num_questions": 32,
  "group_size": 8.0,
  "num_rollouts": 256,
  "reward": 0.2890625,
  "format_accuracy": 0.8515625,
  "answer_accuracy": 0.2890625,
  "avg_response_token_length": 47.4453125,
  "rollout_seconds": 6.021202325820923,
  "mean_reward": 0.2890625,
  "std_reward": 0.45421501994132996,
  "min_reward": 0.0,
  "max_reward": 1.0,
  "mean_advantage": -4.6566128730773926e-09,
  "std_advantage": 0.549508273601532,
  "num_groups": 32.0
}
