{
  "type": "rollout",
  "grpo_step": 154,
  "num_questions": 32,
  "group_size": 8.0,
  "num_rollouts": 256,
  "reward": 0.64453125,
  "format_accuracy": 0.875,
  "answer_accuracy": 0.64453125,
  "avg_response_token_length": 532.7109375,
  "rollout_seconds": 16.695647716522217,
  "mean_reward": 0.64453125,
  "std_reward": 0.4795927405357361,
  "min_reward": 0.0,
  "max_reward": 1.0,
  "mean_advantage": 0.0,
  "std_advantage": 0.4686221778392792,
  "num_groups": 32.0
}
