{
  "type": "rollout",
  "grpo_step": 165,
  "num_questions": 32,
  "group_size": 8.0,
  "num_rollouts": 256,
  "reward": 0.30078125,
  "format_accuracy": 0.859375,
  "answer_accuracy": 0.30078125,
  "avg_response_token_length": 38.83203125,
  "rollout_seconds": 5.876512050628662,
  "mean_reward": 0.30078125,
  "std_reward": 0.45949608087539673,
  "min_reward": 0.0,
  "max_reward": 1.0,
  "mean_advantage": 2.7939677238464355e-09,
  "std_advantage": 0.6831284165382385,
  "num_groups": 32.0
}
