{
  "type": "rollout",
  "grpo_step": 35,
  "num_questions": 32,
  "group_size": 8.0,
  "num_rollouts": 256,
  "reward": 0.109375,
  "format_accuracy": 0.29296875,
  "answer_accuracy": 0.109375,
  "avg_response_token_length": 753.7265625,
  "rollout_seconds": 22.764346837997437,
  "mean_reward": 0.109375,
  "std_reward": 0.31272050738334656,
  "min_reward": 0.0,
  "max_reward": 1.0,
  "mean_advantage": 0.0,
  "std_advantage": 0.2783001661300659,
  "num_groups": 32.0
}
