{
  "type": "rollout",
  "grpo_step": 162,
  "num_questions": 32,
  "group_size": 8.0,
  "num_rollouts": 256,
  "reward": 0.3515625,
  "format_accuracy": 0.8515625,
  "answer_accuracy": 0.3515625,
  "avg_response_token_length": 155.703125,
  "rollout_seconds": 8.579476356506348,
  "mean_reward": 0.3515625,
  "std_reward": 0.47839346528053284,
  "min_reward": 0.0,
  "max_reward": 1.0,
  "mean_advantage": -5.587935447692871e-09,
  "std_advantage": 0.7592549324035645,
  "num_groups": 32.0
}
