{
  "type": "rollout",
  "grpo_step": 190,
  "num_questions": 32,
  "group_size": 8.0,
  "num_rollouts": 256,
  "reward": 0.77734375,
  "format_accuracy": 0.92578125,
  "answer_accuracy": 0.77734375,
  "avg_response_token_length": 506.0859375,
  "rollout_seconds": 16.156906843185425,
  "mean_reward": 0.77734375,
  "std_reward": 0.41684433817863464,
  "min_reward": 0.0,
  "max_reward": 1.0,
  "mean_advantage": -1.6298145055770874e-09,
  "std_advantage": 0.5495083928108215,
  "num_groups": 32.0
}
