{
  "type": "rollout",
  "grpo_step": 285,
  "num_questions": 32,
  "group_size": 8.0,
  "num_rollouts": 256,
  "reward": 0.7109375,
  "format_accuracy": 0.984375,
  "answer_accuracy": 0.7109375,
  "avg_response_token_length": 351.1953125,
  "rollout_seconds": 10.075808048248291,
  "mean_reward": 0.7109375,
  "std_reward": 0.45421501994132996,
  "min_reward": 0.0,
  "max_reward": 1.0,
  "mean_advantage": 1.862645149230957e-09,
  "std_advantage": 0.5495082139968872,
  "num_groups": 32.0
}
