{
  "type": "rollout",
  "grpo_step": 285,
  "num_questions": 32,
  "group_size": 8.0,
  "num_rollouts": 256,
  "reward": 0.71484375,
  "format_accuracy": 0.9375,
  "answer_accuracy": 0.71484375,
  "avg_response_token_length": 430.7890625,
  "rollout_seconds": 14.734738826751709,
  "mean_reward": 0.71484375,
  "std_reward": 0.4523732364177704,
  "min_reward": 0.0,
  "max_reward": 1.0,
  "mean_advantage": -1.862645149230957e-09,
  "std_advantage": 0.497048944234848,
  "num_groups": 32.0
}
