{
  "type": "rollout",
  "grpo_step": 15,
  "num_questions": 32,
  "group_size": 8.0,
  "num_rollouts": 256,
  "reward": 0.0859375,
  "format_accuracy": 1.0,
  "answer_accuracy": 0.0859375,
  "avg_response_token_length": 14.96875,
  "rollout_seconds": 1.3485546112060547,
  "mean_reward": 0.0859375,
  "std_reward": 0.28082075715065,
  "min_reward": 0.0,
  "max_reward": 1.0,
  "mean_advantage": -2.0954757928848267e-09,
  "std_advantage": 0.4058387875556946,
  "num_groups": 32.0
}
