{
  "type": "rollout",
  "grpo_step": 15,
  "num_questions": 32,
  "group_size": 8.0,
  "num_rollouts": 256,
  "reward": 0.1015625,
  "format_accuracy": 0.92578125,
  "answer_accuracy": 0.1015625,
  "avg_response_token_length": 86.578125,
  "rollout_seconds": 6.876240015029907,
  "mean_reward": 0.1015625,
  "std_reward": 0.3026638329029083,
  "min_reward": 0.0,
  "max_reward": 1.0,
  "mean_advantage": 2.7939677238464355e-09,
  "std_advantage": 0.5495083332061768,
  "num_groups": 32.0
}
