{
  "type": "rollout",
  "grpo_step": 23,
  "num_questions": 32,
  "group_size": 8.0,
  "num_rollouts": 256,
  "reward": 0.2734375,
  "format_accuracy": 0.97265625,
  "answer_accuracy": 0.2734375,
  "avg_response_token_length": 78.87109375,
  "rollout_seconds": 11.05105972290039,
  "mean_reward": 0.2734375,
  "std_reward": 0.44659659266471863,
  "min_reward": 0.0,
  "max_reward": 1.0,
  "mean_advantage": -3.725290298461914e-09,
  "std_advantage": 0.7221954464912415,
  "num_groups": 32.0
}
