{
  "type": "rollout",
  "grpo_step": 136,
  "num_questions": 32,
  "group_size": 8.0,
  "num_rollouts": 256,
  "reward": 0.59375,
  "format_accuracy": 0.79296875,
  "answer_accuracy": 0.59375,
  "avg_response_token_length": 375.60546875,
  "rollout_seconds": 13.353203535079956,
  "mean_reward": 0.59375,
  "std_reward": 0.49209436774253845,
  "min_reward": 0.0,
  "max_reward": 1.0,
  "mean_advantage": -1.862645149230957e-09,
  "std_advantage": 0.6627318263053894,
  "num_groups": 32.0
}
