{
  "type": "rollout",
  "ei_step": 5,
  "num_questions": 1024,
  "rollouts_per_question": 8,
  "num_rollouts": 8192,
  "num_accepted": 1555,
  "accepted_fraction": 0.1898193359375,
  "question_coverage_with_accept": 0.615234375,
  "reward": 0.1898193359375,
  "format_accuracy": 0.6903076171875,
  "answer_accuracy": 0.1898193359375,
  "avg_token_entropy": 0.9731934070587158,
  "avg_accepted_token_entropy": 0.7444671925241158,
  "avg_response_token_length": 311.15234375,
  "avg_accepted_response_token_length": 142.7710610932476,
  "rollout_seconds": 918.9039261341095
}
