{
  "type": "rollout",
  "grpo_step": 99,
  "num_questions": 32,
  "group_size": 8.0,
  "num_rollouts": 256,
  "reward": 0.2734375,
  "format_accuracy": 1.0,
  "answer_accuracy": 0.2734375,
  "avg_response_token_length": 16.2109375,
  "rollout_seconds": 1.3457539081573486,
  "mean_reward": 0.2734375,
  "std_reward": 0.44659659266471863,
  "min_reward": 0.0,
  "max_reward": 1.0,
  "mean_advantage": 4.6566128730773926e-09,
  "std_advantage": 0.4383559823036194,
  "num_groups": 32.0
}
