{
  "type": "rollout",
  "grpo_step": 37,
  "num_questions": 32,
  "group_size": 8.0,
  "num_rollouts": 256,
  "reward": 0.42578125,
  "format_accuracy": 1.0,
  "answer_accuracy": 0.42578125,
  "avg_response_token_length": 83.76171875,
  "rollout_seconds": 6.479567766189575,
  "mean_reward": 0.42578125,
  "std_reward": 0.49542948603630066,
  "min_reward": 0.0,
  "max_reward": 1.0,
  "mean_advantage": 0.0,
  "std_advantage": 0.7029334306716919,
  "num_groups": 32.0
}
