{
  "type": "rollout",
  "grpo_step": 44,
  "num_questions": 32,
  "group_size": 8.0,
  "num_rollouts": 256,
  "reward": 0.65625,
  "format_accuracy": 0.9375,
  "answer_accuracy": 0.65625,
  "avg_response_token_length": 510.37109375,
  "rollout_seconds": 23.948845624923706,
  "mean_reward": 0.65625,
  "std_reward": 0.47588926553726196,
  "min_reward": 0.0,
  "max_reward": 1.0,
  "mean_advantage": 0.0,
  "std_advantage": 0.27296483516693115,
  "num_groups": 32.0
}
