{
  "type": "rollout",
  "grpo_step": 128,
  "num_questions": 32,
  "group_size": 8.0,
  "num_rollouts": 256,
  "reward": 0.40625,
  "format_accuracy": 0.99609375,
  "answer_accuracy": 0.40625,
  "avg_response_token_length": 15.05078125,
  "rollout_seconds": 1.329092264175415,
  "mean_reward": 0.40625,
  "std_reward": 0.49209436774253845,
  "min_reward": 0.0,
  "max_reward": 1.0,
  "mean_advantage": 1.862645149230957e-09,
  "std_advantage": 0.49704885482788086,
  "num_groups": 32.0
}
