{
  "type": "rollout",
  "grpo_step": 39,
  "num_questions": 32,
  "group_size": 8.0,
  "num_rollouts": 256,
  "reward": 0.65234375,
  "format_accuracy": 0.9375,
  "answer_accuracy": 0.65234375,
  "avg_response_token_length": 182.45703125,
  "rollout_seconds": 9.281019926071167,
  "mean_reward": 0.65234375,
  "std_reward": 0.4771590530872345,
  "min_reward": 0.0,
  "max_reward": 1.0,
  "mean_advantage": 0.0,
  "std_advantage": 0.2702576816082001,
  "num_groups": 32.0
}
