{
  "type": "rollout",
  "grpo_step": 65,
  "num_questions": 32,
  "group_size": 8.0,
  "num_rollouts": 256,
  "reward": 0.4296875,
  "format_accuracy": 0.8671875,
  "answer_accuracy": 0.4296875,
  "avg_response_token_length": 231.01171875,
  "rollout_seconds": 14.2875075340271,
  "mean_reward": 0.4296875,
  "std_reward": 0.49600115418434143,
  "min_reward": 0.0,
  "max_reward": 1.0,
  "mean_advantage": -1.862645149230957e-09,
  "std_advantage": 0.7409568428993225,
  "num_groups": 32.0
}
