{
  "type": "rollout",
  "grpo_step": 157,
  "num_questions": 32,
  "group_size": 8.0,
  "num_rollouts": 256,
  "reward": 0.24609375,
  "format_accuracy": 0.75390625,
  "answer_accuracy": 0.24609375,
  "avg_response_token_length": 231.1796875,
  "rollout_seconds": 10.247440099716187,
  "mean_reward": 0.24609375,
  "std_reward": 0.43157756328582764,
  "min_reward": 0.0,
  "max_reward": 1.0,
  "mean_advantage": 5.587935447692871e-09,
  "std_advantage": 0.7221952676773071,
  "num_groups": 32.0
}
