{
  "type": "rollout",
  "grpo_step": 175,
  "num_questions": 32,
  "group_size": 8.0,
  "num_rollouts": 256,
  "reward": 0.65625,
  "format_accuracy": 0.9765625,
  "answer_accuracy": 0.65625,
  "avg_response_token_length": 362.6171875,
  "rollout_seconds": 12.726707458496094,
  "mean_reward": 0.65625,
  "std_reward": 0.47588926553726196,
  "min_reward": 0.0,
  "max_reward": 1.0,
  "mean_advantage": 3.725290298461914e-09,
  "std_advantage": 0.549508273601532,
  "num_groups": 32.0
}
