{
  "type": "rollout",
  "grpo_step": 150,
  "num_questions": 32,
  "group_size": 8.0,
  "num_rollouts": 256,
  "reward": 0.7578125,
  "format_accuracy": 0.921875,
  "answer_accuracy": 0.7578125,
  "avg_response_token_length": 448.3515625,
  "rollout_seconds": 14.704819202423096,
  "mean_reward": 0.7578125,
  "std_reward": 0.42924636602401733,
  "min_reward": 0.0,
  "max_reward": 1.0,
  "mean_advantage": 0.0,
  "std_advantage": 0.6199288964271545,
  "num_groups": 32.0
}
