{
  "type": "rollout",
  "grpo_step": 169,
  "num_questions": 32,
  "group_size": 8.0,
  "num_rollouts": 256,
  "reward": 0.3671875,
  "format_accuracy": 0.671875,
  "answer_accuracy": 0.3671875,
  "avg_response_token_length": 338.7578125,
  "rollout_seconds": 12.36987853050232,
  "mean_reward": 0.3671875,
  "std_reward": 0.48298245668411255,
  "min_reward": 0.0,
  "max_reward": 1.0,
  "mean_advantage": 0.0,
  "std_advantage": 0.3796283006668091,
  "num_groups": 32.0
}
