{
  "type": "rollout",
  "grpo_step": 147,
  "num_questions": 32,
  "group_size": 8.0,
  "num_rollouts": 256,
  "reward": 0.75,
  "format_accuracy": 0.953125,
  "answer_accuracy": 0.75,
  "avg_response_token_length": 391.19921875,
  "rollout_seconds": 13.617218494415283,
  "mean_reward": 0.75,
  "std_reward": 0.4338609278202057,
  "min_reward": 0.0,
  "max_reward": 1.0,
  "mean_advantage": 0.0,
  "std_advantage": 0.23845911026000977,
  "num_groups": 32.0
}
