{
  "type": "rollout",
  "grpo_step": 81,
  "num_questions": 32,
  "group_size": 8.0,
  "num_rollouts": 256,
  "reward": 0.53125,
  "format_accuracy": 0.87109375,
  "answer_accuracy": 0.53125,
  "avg_response_token_length": 244.52734375,
  "rollout_seconds": 15.51960301399231,
  "mean_reward": 0.53125,
  "std_reward": 0.5,
  "min_reward": 0.0,
  "max_reward": 1.0,
  "mean_advantage": -7.450580596923828e-09,
  "std_advantage": 0.6627320051193237,
  "num_groups": 32.0
}
