{
  "type": "rollout",
  "grpo_step": 22,
  "num_questions": 32,
  "group_size": 8.0,
  "num_rollouts": 256,
  "reward": 0.59375,
  "format_accuracy": 0.90625,
  "answer_accuracy": 0.59375,
  "avg_response_token_length": 328.89453125,
  "rollout_seconds": 10.248221397399902,
  "mean_reward": 0.59375,
  "std_reward": 0.49209436774253845,
  "min_reward": 0.0,
  "max_reward": 1.0,
  "mean_advantage": 1.862645149230957e-09,
  "std_advantage": 0.7029333710670471,
  "num_groups": 32.0
}
