{
  "type": "rollout",
  "grpo_step": 25,
  "num_questions": 32,
  "group_size": 8.0,
  "num_rollouts": 256,
  "reward": 0.6328125,
  "format_accuracy": 0.9375,
  "answer_accuracy": 0.6328125,
  "avg_response_token_length": 268.28515625,
  "rollout_seconds": 11.710524082183838,
  "mean_reward": 0.6328125,
  "std_reward": 0.48298245668411255,
  "min_reward": 0.0,
  "max_reward": 1.0,
  "mean_advantage": 2.0954757928848267e-09,
  "std_advantage": 0.6831284761428833,
  "num_groups": 32.0
}
