{
  "type": "rollout",
  "grpo_step": 156,
  "num_questions": 32,
  "group_size": 8.0,
  "num_rollouts": 256,
  "reward": 0.4765625,
  "format_accuracy": 0.6171875,
  "answer_accuracy": 0.4765625,
  "avg_response_token_length": 515.40234375,
  "rollout_seconds": 16.49564838409424,
  "mean_reward": 0.4765625,
  "std_reward": 0.5004287362098694,
  "min_reward": 0.0,
  "max_reward": 1.0,
  "mean_advantage": -3.725290298461914e-09,
  "std_advantage": 0.7409567832946777,
  "num_groups": 32.0
}
