{
  "type": "rollout",
  "grpo_step": 12,
  "num_questions": 32,
  "group_size": 8.0,
  "num_rollouts": 256,
  "reward": 0.54296875,
  "format_accuracy": 0.8984375,
  "answer_accuracy": 0.54296875,
  "avg_response_token_length": 180.4609375,
  "rollout_seconds": 8.76499629020691,
  "mean_reward": 0.54296875,
  "std_reward": 0.4991260766983032,
  "min_reward": 0.0,
  "max_reward": 1.0,
  "mean_advantage": -3.725290298461914e-09,
  "std_advantage": 0.7592548131942749,
  "num_groups": 32.0
}
