{
  "type": "rollout",
  "grpo_step": 140,
  "num_questions": 32,
  "group_size": 8.0,
  "num_rollouts": 256,
  "reward": 0.58984375,
  "format_accuracy": 0.90234375,
  "answer_accuracy": 0.58984375,
  "avg_response_token_length": 444.19921875,
  "rollout_seconds": 32.12604570388794,
  "mean_reward": 0.58984375,
  "std_reward": 0.49282535910606384,
  "min_reward": 0.0,
  "max_reward": 1.0,
  "mean_advantage": 2.3283064365386963e-09,
  "std_advantage": 0.4383559823036194,
  "num_groups": 32.0
}
