{
  "type": "rollout",
  "grpo_step": 135,
  "num_questions": 32,
  "group_size": 8.0,
  "num_rollouts": 256,
  "reward": 0.26953125,
  "format_accuracy": 0.73046875,
  "answer_accuracy": 0.26953125,
  "avg_response_token_length": 56.953125,
  "rollout_seconds": 6.31944727897644,
  "mean_reward": 0.26953125,
  "std_reward": 0.4445854723453522,
  "min_reward": 0.0,
  "max_reward": 1.0,
  "mean_advantage": 5.587935447692871e-09,
  "std_advantage": 0.5973786115646362,
  "num_groups": 32.0
}
