{
  "type": "rollout",
  "grpo_step": 69,
  "num_questions": 32,
  "group_size": 8.0,
  "num_rollouts": 256,
  "reward": 0.6796875,
  "format_accuracy": 0.96484375,
  "answer_accuracy": 0.6796875,
  "avg_response_token_length": 302.81640625,
  "rollout_seconds": 14.896212100982666,
  "mean_reward": 0.6796875,
  "std_reward": 0.4675106108188629,
  "min_reward": 0.0,
  "max_reward": 1.0,
  "mean_advantage": 9.313225746154785e-10,
  "std_advantage": 0.5739427208900452,
  "num_groups": 32.0
}
