{
  "type": "rollout",
  "grpo_step": 136,
  "num_questions": 32,
  "group_size": 8.0,
  "num_rollouts": 256,
  "reward": 0.859375,
  "format_accuracy": 0.95703125,
  "answer_accuracy": 0.859375,
  "avg_response_token_length": 370.0546875,
  "rollout_seconds": 19.565371990203857,
  "mean_reward": 0.859375,
  "std_reward": 0.3483152687549591,
  "min_reward": 0.0,
  "max_reward": 1.0,
  "mean_advantage": -2.7939677238464355e-09,
  "std_advantage": 0.46862220764160156,
  "num_groups": 32.0
}
