{
  "type": "rollout",
  "grpo_step": 51,
  "num_questions": 32,
  "group_size": 8.0,
  "num_rollouts": 256,
  "reward": 0.6796875,
  "format_accuracy": 0.94921875,
  "answer_accuracy": 0.6796875,
  "avg_response_token_length": 258.01171875,
  "rollout_seconds": 10.67859435081482,
  "mean_reward": 0.6796875,
  "std_reward": 0.4675106108188629,
  "min_reward": 0.0,
  "max_reward": 1.0,
  "mean_advantage": -3.725290298461914e-09,
  "std_advantage": 0.7029334902763367,
  "num_groups": 32.0
}
