{
  "type": "rollout",
  "grpo_step": 31,
  "num_questions": 32,
  "group_size": 8.0,
  "num_rollouts": 256,
  "reward": 0.421875,
  "format_accuracy": 0.81640625,
  "answer_accuracy": 0.421875,
  "avg_response_token_length": 318.0625,
  "rollout_seconds": 13.80451250076294,
  "mean_reward": 0.421875,
  "std_reward": 0.49482616782188416,
  "min_reward": 0.0,
  "max_reward": 1.0,
  "mean_advantage": -2.7939677238464355e-09,
  "std_advantage": 0.7409568428993225,
  "num_groups": 32.0
}
