{
  "type": "rollout",
  "grpo_step": 5,
  "num_questions": 32,
  "group_size": 8.0,
  "num_rollouts": 256,
  "reward": 0.33984375,
  "format_accuracy": 0.58203125,
  "answer_accuracy": 0.33984375,
  "avg_response_token_length": 295.91796875,
  "rollout_seconds": 11.313831329345703,
  "mean_reward": 0.33984375,
  "std_reward": 0.47458380460739136,
  "min_reward": 0.0,
  "max_reward": 1.0,
  "mean_advantage": 0.0,
  "std_advantage": 0.8116776943206787,
  "num_groups": 32.0
}
