{
  "type": "rollout",
  "grpo_step": 113,
  "num_questions": 32,
  "group_size": 8.0,
  "num_rollouts": 256,
  "reward": 0.515625,
  "format_accuracy": 0.859375,
  "answer_accuracy": 0.515625,
  "avg_response_token_length": 237.1484375,
  "rollout_seconds": 10.494211196899414,
  "mean_reward": 0.515625,
  "std_reward": 0.5007347464561462,
  "min_reward": 0.0,
  "max_reward": 1.0,
  "mean_advantage": -2.3283064365386963e-09,
  "std_advantage": 0.7771221399307251,
  "num_groups": 32.0
}
