{
  "type": "rollout",
  "grpo_step": 113,
  "num_questions": 32,
  "group_size": 8.0,
  "num_rollouts": 256,
  "reward": 0.328125,
  "format_accuracy": 0.81640625,
  "answer_accuracy": 0.328125,
  "avg_response_token_length": 161.37890625,
  "rollout_seconds": 11.55624794960022,
  "mean_reward": 0.328125,
  "std_reward": 0.47045034170150757,
  "min_reward": 0.0,
  "max_reward": 1.0,
  "mean_advantage": 3.725290298461914e-09,
  "std_advantage": 0.7592547535896301,
  "num_groups": 32.0
}
