{
  "type": "rollout",
  "grpo_step": 101,
  "num_questions": 32,
  "group_size": 8.0,
  "num_rollouts": 256,
  "reward": 0.61328125,
  "format_accuracy": 0.875,
  "answer_accuracy": 0.61328125,
  "avg_response_token_length": 486.296875,
  "rollout_seconds": 22.72762894630432,
  "mean_reward": 0.61328125,
  "std_reward": 0.4879522919654846,
  "min_reward": 0.0,
  "max_reward": 1.0,
  "mean_advantage": -9.313225746154785e-10,
  "std_advantage": 0.5739425420761108,
  "num_groups": 32.0
}
