{
  "type": "rollout",
  "grpo_step": 15,
  "num_questions": 32,
  "group_size": 8.0,
  "num_rollouts": 256,
  "reward": 0.5703125,
  "format_accuracy": 0.95703125,
  "answer_accuracy": 0.5703125,
  "avg_response_token_length": 214.640625,
  "rollout_seconds": 10.548159122467041,
  "mean_reward": 0.5703125,
  "std_reward": 0.49600115418434143,
  "min_reward": 0.0,
  "max_reward": 1.0,
  "mean_advantage": 2.7939677238464355e-09,
  "std_advantage": 0.8116773962974548,
  "num_groups": 32.0
}
