{
  "type": "rollout",
  "grpo_step": 104,
  "num_questions": 32,
  "group_size": 8.0,
  "num_rollouts": 256,
  "reward": 0.546875,
  "format_accuracy": 0.90625,
  "answer_accuracy": 0.546875,
  "avg_response_token_length": 237.9921875,
  "rollout_seconds": 10.041749000549316,
  "mean_reward": 0.546875,
  "std_reward": 0.4987730085849762,
  "min_reward": 0.0,
  "max_reward": 1.0,
  "mean_advantage": -1.6298145055770874e-09,
  "std_advantage": 0.6831285357475281,
  "num_groups": 32.0
}
