{
  "type": "rollout",
  "grpo_step": 97,
  "num_questions": 32,
  "group_size": 8.0,
  "num_rollouts": 256,
  "reward": 0.69140625,
  "format_accuracy": 0.9140625,
  "answer_accuracy": 0.69140625,
  "avg_response_token_length": 441.5234375,
  "rollout_seconds": 11.795279741287231,
  "mean_reward": 0.69140625,
  "std_reward": 0.46281784772872925,
  "min_reward": 0.0,
  "max_reward": 1.0,
  "mean_advantage": -3.725290298461914e-09,
  "std_advantage": 0.6416874527931213,
  "num_groups": 32.0
}
