{
  "type": "rollout",
  "grpo_step": 107,
  "num_questions": 32,
  "group_size": 8.0,
  "num_rollouts": 256,
  "reward": 0.71484375,
  "format_accuracy": 0.90625,
  "answer_accuracy": 0.71484375,
  "avg_response_token_length": 339.76953125,
  "rollout_seconds": 12.041499137878418,
  "mean_reward": 0.71484375,
  "std_reward": 0.4523732364177704,
  "min_reward": 0.0,
  "max_reward": 1.0,
  "mean_advantage": -2.3283064365386963e-10,
  "std_advantage": 0.4970489740371704,
  "num_groups": 32.0
}
