{
  "type": "rollout",
  "grpo_step": 23,
  "num_questions": 32,
  "group_size": 8.0,
  "num_rollouts": 256,
  "reward": 0.5234375,
  "format_accuracy": 0.921875,
  "answer_accuracy": 0.5234375,
  "avg_response_token_length": 247.765625,
  "rollout_seconds": 10.279913187026978,
  "mean_reward": 0.5234375,
  "std_reward": 0.5004287362098694,
  "min_reward": 0.0,
  "max_reward": 1.0,
  "mean_advantage": -4.6566128730773926e-09,
  "std_advantage": 0.7409567832946777,
  "num_groups": 32.0
}
