{
  "type": "rollout",
  "grpo_step": 160,
  "num_questions": 32,
  "group_size": 8.0,
  "num_rollouts": 256,
  "reward": 0.78515625,
  "format_accuracy": 0.9609375,
  "answer_accuracy": 0.78515625,
  "avg_response_token_length": 445.8671875,
  "rollout_seconds": 15.076066732406616,
  "mean_reward": 0.78515625,
  "std_reward": 0.4115184545516968,
  "min_reward": 0.0,
  "max_reward": 1.0,
  "mean_advantage": -9.313225746154785e-10,
  "std_advantage": 0.5239354968070984,
  "num_groups": 32.0
}
