{
  "type": "rollout",
  "grpo_step": 185,
  "num_questions": 32,
  "group_size": 8.0,
  "num_rollouts": 256,
  "reward": 0.8984375,
  "format_accuracy": 0.9765625,
  "answer_accuracy": 0.8984375,
  "avg_response_token_length": 339.3125,
  "rollout_seconds": 12.48740029335022,
  "mean_reward": 0.8984375,
  "std_reward": 0.3026638329029083,
  "min_reward": 0.0,
  "max_reward": 1.0,
  "mean_advantage": 0.0,
  "std_advantage": 0.16568337380886078,
  "num_groups": 32.0
}
