{
  "type": "rollout",
  "grpo_step": 356,
  "num_questions": 32,
  "group_size": 8.0,
  "num_rollouts": 256,
  "reward": 0.796875,
  "format_accuracy": 0.92578125,
  "answer_accuracy": 0.796875,
  "avg_response_token_length": 459.4140625,
  "rollout_seconds": 11.616358757019043,
  "mean_reward": 0.796875,
  "std_reward": 0.40311288833618164,
  "min_reward": 0.0,
  "max_reward": 1.0,
  "mean_advantage": -5.587935447692871e-09,
  "std_advantage": 0.5973784327507019,
  "num_groups": 32.0
}
