{
  "type": "rollout",
  "grpo_step": 80,
  "num_questions": 32,
  "group_size": 8.0,
  "num_rollouts": 256,
  "reward": 0.40625,
  "format_accuracy": 0.98046875,
  "answer_accuracy": 0.40625,
  "avg_response_token_length": 23.546875,
  "rollout_seconds": 5.359341621398926,
  "mean_reward": 0.40625,
  "std_reward": 0.49209436774253845,
  "min_reward": 0.0,
  "max_reward": 1.0,
  "mean_advantage": 1.862645149230957e-09,
  "std_advantage": 0.5239354968070984,
  "num_groups": 32.0
}
