{
  "type": "rollout",
  "grpo_step": 153,
  "num_questions": 32,
  "group_size": 8.0,
  "num_rollouts": 256,
  "reward": 0.78515625,
  "format_accuracy": 0.9296875,
  "answer_accuracy": 0.78515625,
  "avg_response_token_length": 435.57421875,
  "rollout_seconds": 14.308668613433838,
  "mean_reward": 0.78515625,
  "std_reward": 0.4115184545516968,
  "min_reward": 0.0,
  "max_reward": 1.0,
  "mean_advantage": -1.6298145055770874e-09,
  "std_advantage": 0.5739426016807556,
  "num_groups": 32.0
}
