{
  "type": "rollout",
  "grpo_step": 159,
  "num_questions": 32,
  "group_size": 8.0,
  "num_rollouts": 256,
  "reward": 0.328125,
  "format_accuracy": 1.0,
  "answer_accuracy": 0.328125,
  "avg_response_token_length": 15.33984375,
  "rollout_seconds": 1.238267421722412,
  "mean_reward": 0.328125,
  "std_reward": 0.47045034170150757,
  "min_reward": 0.0,
  "max_reward": 1.0,
  "mean_advantage": 1.862645149230957e-09,
  "std_advantage": 0.497048944234848,
  "num_groups": 32.0
}
