{
  "type": "rollout",
  "grpo_step": 1,
  "num_questions": 32,
  "group_size": 8.0,
  "num_rollouts": 256,
  "reward": 0.015625,
  "format_accuracy": 0.1796875,
  "answer_accuracy": 0.015625,
  "avg_response_token_length": 304.609375,
  "rollout_seconds": 11.793996334075928,
  "mean_reward": 0.015625,
  "std_reward": 0.12426253408193588,
  "min_reward": 0.0,
  "max_reward": 1.0,
  "mean_advantage": 1.3969838619232178e-09,
  "std_advantage": 0.33136579394340515,
  "num_groups": 32.0
}
