{
  "type": "rollout",
  "grpo_step": 2,
  "num_questions": 32,
  "group_size": 8.0,
  "num_rollouts": 256,
  "reward": 0.18359375,
  "format_accuracy": 0.75,
  "answer_accuracy": 0.18359375,
  "avg_response_token_length": 147.94140625,
  "rollout_seconds": 8.302480936050415,
  "mean_reward": 0.18359375,
  "std_reward": 0.3879109025001526,
  "min_reward": 0.0,
  "max_reward": 1.0,
  "mean_advantage": 0.0,
  "std_advantage": 0.3138939440250397,
  "num_groups": 32.0
}
