{
  "type": "rollout",
  "grpo_step": 2,
  "num_questions": 32,
  "group_size": 8.0,
  "num_rollouts": 256,
  "reward": 0.1328125,
  "format_accuracy": 0.71484375,
  "answer_accuracy": 0.1328125,
  "avg_response_token_length": 154.6328125,
  "rollout_seconds": 9.472413063049316,
  "mean_reward": 0.1328125,
  "std_reward": 0.3400367498397827,
  "min_reward": 0.0,
  "max_reward": 1.0,
  "mean_advantage": 3.725290298461914e-09,
  "std_advantage": 0.6199288368225098,
  "num_groups": 32.0
}
