{
  "type": "rollout",
  "grpo_step": 21,
  "num_questions": 32,
  "group_size": 8.0,
  "num_rollouts": 256,
  "reward": 0.4453125,
  "format_accuracy": 0.859375,
  "answer_accuracy": 0.4453125,
  "avg_response_token_length": 291.08984375,
  "rollout_seconds": 11.31646203994751,
  "mean_reward": 0.4453125,
  "std_reward": 0.49797382950782776,
  "min_reward": 0.0,
  "max_reward": 1.0,
  "mean_advantage": -1.862645149230957e-09,
  "std_advantage": 0.7592549324035645,
  "num_groups": 32.0
}
