{
  "type": "rollout",
  "grpo_step": 20,
  "num_questions": 32,
  "group_size": 8.0,
  "num_rollouts": 256,
  "reward": 0.35546875,
  "format_accuracy": 0.88671875,
  "answer_accuracy": 0.35546875,
  "avg_response_token_length": 242.28125,
  "rollout_seconds": 11.451506853103638,
  "mean_reward": 0.35546875,
  "std_reward": 0.4795927405357361,
  "min_reward": 0.0,
  "max_reward": 1.0,
  "mean_advantage": -5.587935447692871e-09,
  "std_advantage": 0.7945876717567444,
  "num_groups": 32.0
}
