{
  "type": "rollout",
  "grpo_step": 197,
  "num_questions": 32,
  "group_size": 8.0,
  "num_rollouts": 256,
  "reward": 0.78125,
  "format_accuracy": 0.9375,
  "answer_accuracy": 0.78125,
  "avg_response_token_length": 443.73046875,
  "rollout_seconds": 11.52046823501587,
  "mean_reward": 0.78125,
  "std_reward": 0.41420844197273254,
  "min_reward": 0.0,
  "max_reward": 1.0,
  "mean_advantage": 5.3551048040390015e-09,
  "std_advantage": 0.5973785519599915,
  "num_groups": 32.0
}
