{
  "type": "rollout",
  "grpo_step": 29,
  "num_questions": 32,
  "group_size": 8.0,
  "num_rollouts": 256,
  "reward": 0.453125,
  "format_accuracy": 0.87109375,
  "answer_accuracy": 0.453125,
  "avg_response_token_length": 312.609375,
  "rollout_seconds": 11.708462476730347,
  "mean_reward": 0.453125,
  "std_reward": 0.4987730085849762,
  "min_reward": 0.0,
  "max_reward": 1.0,
  "mean_advantage": -1.3969838619232178e-09,
  "std_advantage": 0.7029332518577576,
  "num_groups": 32.0
}
