{
  "type": "rollout",
  "grpo_step": 108,
  "num_questions": 32,
  "group_size": 8.0,
  "num_rollouts": 256,
  "reward": 0.359375,
  "format_accuracy": 1.0,
  "answer_accuracy": 0.359375,
  "avg_response_token_length": 15.9140625,
  "rollout_seconds": 1.3715615272521973,
  "mean_reward": 0.359375,
  "std_reward": 0.4807571768760681,
  "min_reward": 0.0,
  "max_reward": 1.0,
  "mean_advantage": 1.3969838619232178e-09,
  "std_advantage": 0.23431110382080078,
  "num_groups": 32.0
}
