{
  "type": "rollout",
  "grpo_step": 106,
  "num_questions": 32,
  "group_size": 8.0,
  "num_rollouts": 256,
  "reward": 0.46875,
  "format_accuracy": 0.99609375,
  "answer_accuracy": 0.46875,
  "avg_response_token_length": 16.12890625,
  "rollout_seconds": 1.3095200061798096,
  "mean_reward": 0.46875,
  "std_reward": 0.5,
  "min_reward": 0.0,
  "max_reward": 1.0,
  "mean_advantage": 1.862645149230957e-09,
  "std_advantage": 0.5739426612854004,
  "num_groups": 32.0
}
