{
  "type": "rollout",
  "grpo_step": 143,
  "num_questions": 32,
  "group_size": 8.0,
  "num_rollouts": 256,
  "reward": 0.79296875,
  "format_accuracy": 0.94140625,
  "answer_accuracy": 0.79296875,
  "avg_response_token_length": 350.42578125,
  "rollout_seconds": 24.55258321762085,
  "mean_reward": 0.79296875,
  "std_reward": 0.40597182512283325,
  "min_reward": 0.0,
  "max_reward": 1.0,
  "mean_advantage": -9.313225746154785e-10,
  "std_advantage": 0.33136609196662903,
  "num_groups": 32.0
}
