{
  "type": "rollout",
  "grpo_step": 155,
  "num_questions": 32,
  "group_size": 8.0,
  "num_rollouts": 256,
  "reward": 0.61328125,
  "format_accuracy": 0.7890625,
  "answer_accuracy": 0.61328125,
  "avg_response_token_length": 337.875,
  "rollout_seconds": 12.358401536941528,
  "mean_reward": 0.61328125,
  "std_reward": 0.4879522919654846,
  "min_reward": 0.0,
  "max_reward": 1.0,
  "mean_advantage": 5.587935447692871e-09,
  "std_advantage": 0.5973784923553467,
  "num_groups": 32.0
}
