{
  "type": "rollout",
  "grpo_step": 52,
  "num_questions": 32,
  "group_size": 8.0,
  "num_rollouts": 256,
  "reward": 0.25390625,
  "format_accuracy": 0.8828125,
  "answer_accuracy": 0.25390625,
  "avg_response_token_length": 73.2578125,
  "rollout_seconds": 6.9598307609558105,
  "mean_reward": 0.25390625,
  "std_reward": 0.4360972046852112,
  "min_reward": 0.0,
  "max_reward": 1.0,
  "mean_advantage": 9.313225746154785e-10,
  "std_advantage": 0.5495081543922424,
  "num_groups": 32.0
}
