{
  "type": "rollout",
  "grpo_step": 23,
  "num_questions": 32,
  "group_size": 8.0,
  "num_rollouts": 256,
  "reward": 0.2734375,
  "format_accuracy": 0.86328125,
  "answer_accuracy": 0.2734375,
  "avg_response_token_length": 138.4453125,
  "rollout_seconds": 9.53963589668274,
  "mean_reward": 0.2734375,
  "std_reward": 0.44659659266471863,
  "min_reward": 0.0,
  "max_reward": 1.0,
  "mean_advantage": 0.0,
  "std_advantage": 0.3298841118812561,
  "num_groups": 32.0
}
