{
  "type": "rollout",
  "grpo_step": 8,
  "num_questions": 32,
  "group_size": 8.0,
  "num_rollouts": 256,
  "reward": 0.625,
  "format_accuracy": 0.84765625,
  "answer_accuracy": 0.625,
  "avg_response_token_length": 581.31640625,
  "rollout_seconds": 18.85045027732849,
  "mean_reward": 0.625,
  "std_reward": 0.48507124185562134,
  "min_reward": 0.0,
  "max_reward": 1.0,
  "mean_advantage": -4.6566128730773926e-09,
  "std_advantage": 0.5973785519599915,
  "num_groups": 32.0
}
