{
  "type": "rollout",
  "grpo_step": 345,
  "num_questions": 32,
  "group_size": 8.0,
  "num_rollouts": 256,
  "reward": 0.765625,
  "format_accuracy": 0.87890625,
  "answer_accuracy": 0.765625,
  "avg_response_token_length": 521.484375,
  "rollout_seconds": 13.214625835418701,
  "mean_reward": 0.765625,
  "std_reward": 0.42443734407424927,
  "min_reward": 0.0,
  "max_reward": 1.0,
  "mean_advantage": -1.862645149230957e-09,
  "std_advantage": 0.5739426612854004,
  "num_groups": 32.0
}
