{
  "type": "rollout",
  "grpo_step": 182,
  "num_questions": 32,
  "group_size": 8.0,
  "num_rollouts": 256,
  "reward": 0.8125,
  "format_accuracy": 0.97265625,
  "answer_accuracy": 0.8125,
  "avg_response_token_length": 478.59375,
  "rollout_seconds": 15.711854219436646,
  "mean_reward": 0.8125,
  "std_reward": 0.3910769522190094,
  "min_reward": 0.0,
  "max_reward": 1.0,
  "mean_advantage": 1.862645149230957e-09,
  "std_advantage": 0.549508273601532,
  "num_groups": 32.0
}
