{
  "type": "rollout",
  "grpo_step": 161,
  "num_questions": 32,
  "group_size": 8.0,
  "num_rollouts": 256,
  "reward": 0.578125,
  "format_accuracy": 0.70703125,
  "answer_accuracy": 0.578125,
  "avg_response_token_length": 489.828125,
  "rollout_seconds": 16.314833879470825,
  "mean_reward": 0.578125,
  "std_reward": 0.49482616782188416,
  "min_reward": 0.0,
  "max_reward": 1.0,
  "mean_advantage": -3.725290298461914e-09,
  "std_advantage": 0.6199290156364441,
  "num_groups": 32.0
}
