{
  "type": "rollout",
  "grpo_step": 63,
  "num_questions": 32,
  "group_size": 8.0,
  "num_rollouts": 256,
  "reward": 0.31640625,
  "format_accuracy": 0.7109375,
  "answer_accuracy": 0.31640625,
  "avg_response_token_length": 303.8984375,
  "rollout_seconds": 15.297669649124146,
  "mean_reward": 0.31640625,
  "std_reward": 0.4659844934940338,
  "min_reward": 0.0,
  "max_reward": 1.0,
  "mean_advantage": 0.0,
  "std_advantage": 0.3408466875553131,
  "num_groups": 32.0
}
