{
  "type": "rollout",
  "grpo_step": 38,
  "num_questions": 32,
  "group_size": 8.0,
  "num_rollouts": 256,
  "reward": 0.12890625,
  "format_accuracy": 0.30859375,
  "answer_accuracy": 0.12890625,
  "avg_response_token_length": 750.20703125,
  "rollout_seconds": 22.936509609222412,
  "mean_reward": 0.12890625,
  "std_reward": 0.33575254678726196,
  "min_reward": 0.0,
  "max_reward": 1.0,
  "mean_advantage": 0.0,
  "std_advantage": 0.2878248393535614,
  "num_groups": 32.0
}
