{
  "type": "rollout",
  "grpo_step": 104,
  "num_questions": 32,
  "group_size": 8.0,
  "num_rollouts": 256,
  "reward": 0.1953125,
  "format_accuracy": 1.0,
  "answer_accuracy": 0.1953125,
  "avg_response_token_length": 15.546875,
  "rollout_seconds": 1.347771406173706,
  "mean_reward": 0.1953125,
  "std_reward": 0.39721766114234924,
  "min_reward": 0.0,
  "max_reward": 1.0,
  "mean_advantage": 0.0,
  "std_advantage": 0.28697144985198975,
  "num_groups": 32.0
}
