{
  "type": "rollout",
  "grpo_step": 194,
  "num_questions": 32,
  "group_size": 8.0,
  "num_rollouts": 256,
  "reward": 0.60546875,
  "format_accuracy": 0.921875,
  "answer_accuracy": 0.60546875,
  "avg_response_token_length": 225.3984375,
  "rollout_seconds": 10.1643967628479,
  "mean_reward": 0.60546875,
  "std_reward": 0.48970717191696167,
  "min_reward": 0.0,
  "max_reward": 1.0,
  "mean_advantage": -9.313225746154785e-10,
  "std_advantage": 0.4686222970485687,
  "num_groups": 32.0
}
