{
  "type": "rollout",
  "grpo_step": 14,
  "num_questions": 32,
  "group_size": 8.0,
  "num_rollouts": 256,
  "reward": 0.34765625,
  "format_accuracy": 0.671875,
  "answer_accuracy": 0.34765625,
  "avg_response_token_length": 270.94921875,
  "rollout_seconds": 11.262981653213501,
  "mean_reward": 0.34765625,
  "std_reward": 0.4771590530872345,
  "min_reward": 0.0,
  "max_reward": 1.0,
  "mean_advantage": -4.6566128730773926e-09,
  "std_advantage": 0.7592549324035645,
  "num_groups": 32.0
}
