{
  "type": "rollout",
  "grpo_step": 2,
  "num_questions": 32,
  "group_size": 8.0,
  "num_rollouts": 256,
  "reward": 0.2421875,
  "format_accuracy": 0.74609375,
  "answer_accuracy": 0.2421875,
  "avg_response_token_length": 175.7421875,
  "rollout_seconds": 6.8260040283203125,
  "mean_reward": 0.2421875,
  "std_reward": 0.42924636602401733,
  "min_reward": 0.0,
  "max_reward": 1.0,
  "mean_advantage": 1.3969838619232178e-09,
  "std_advantage": 0.7592548727989197,
  "num_groups": 32.0
}
