{
  "type": "rollout",
  "grpo_step": 91,
  "num_questions": 32,
  "group_size": 8.0,
  "num_rollouts": 256,
  "reward": 0.70703125,
  "format_accuracy": 0.921875,
  "answer_accuracy": 0.70703125,
  "avg_response_token_length": 447.40625,
  "rollout_seconds": 14.995691537857056,
  "mean_reward": 0.70703125,
  "std_reward": 0.45601576566696167,
  "min_reward": 0.0,
  "max_reward": 1.0,
  "mean_advantage": 9.313225746154785e-10,
  "std_advantage": 0.5239356756210327,
  "num_groups": 32.0
}
