{
  "type": "rollout",
  "grpo_step": 31,
  "num_questions": 32,
  "group_size": 8.0,
  "num_rollouts": 256,
  "reward": 0.41796875,
  "format_accuracy": 1.0,
  "answer_accuracy": 0.41796875,
  "avg_response_token_length": 63.84375,
  "rollout_seconds": 4.606885671615601,
  "mean_reward": 0.41796875,
  "std_reward": 0.49419113993644714,
  "min_reward": 0.0,
  "max_reward": 1.0,
  "mean_advantage": -1.862645149230957e-09,
  "std_advantage": 0.6416875123977661,
  "num_groups": 32.0
}
