{
  "type": "rollout",
  "grpo_step": 51,
  "num_questions": 32,
  "group_size": 8.0,
  "num_rollouts": 256,
  "reward": 0.0703125,
  "format_accuracy": 0.11328125,
  "answer_accuracy": 0.0703125,
  "avg_response_token_length": 917.828125,
  "rollout_seconds": 25.950893878936768,
  "mean_reward": 0.0703125,
  "std_reward": 0.2561737596988678,
  "min_reward": 0.0,
  "max_reward": 1.0,
  "mean_advantage": -1.3969838619232178e-09,
  "std_advantage": 0.3313659727573395,
  "num_groups": 32.0
}
