{
  "type": "rollout",
  "grpo_step": 114,
  "num_questions": 32,
  "group_size": 8.0,
  "num_rollouts": 256,
  "reward": 0.66015625,
  "format_accuracy": 0.9609375,
  "answer_accuracy": 0.66015625,
  "avg_response_token_length": 392.79296875,
  "rollout_seconds": 13.459229946136475,
  "mean_reward": 0.66015625,
  "std_reward": 0.47458380460739136,
  "min_reward": 0.0,
  "max_reward": 1.0,
  "mean_advantage": -4.6566128730773926e-09,
  "std_advantage": 0.5973784923553467,
  "num_groups": 32.0
}
