{
  "type": "rollout",
  "grpo_step": 143,
  "num_questions": 32,
  "group_size": 8.0,
  "num_rollouts": 256,
  "reward": 0.421875,
  "format_accuracy": 1.0,
  "answer_accuracy": 0.421875,
  "avg_response_token_length": 15.71484375,
  "rollout_seconds": 1.3790998458862305,
  "mean_reward": 0.421875,
  "std_reward": 0.49482616782188416,
  "min_reward": 0.0,
  "max_reward": 1.0,
  "mean_advantage": -2.7939677238464355e-09,
  "std_advantage": 0.5739426016807556,
  "num_groups": 32.0
}
