{
  "type": "rollout",
  "grpo_step": 13,
  "num_questions": 32,
  "group_size": 8.0,
  "num_rollouts": 256,
  "reward": 0.4453125,
  "format_accuracy": 0.90625,
  "answer_accuracy": 0.4453125,
  "avg_response_token_length": 241.796875,
  "rollout_seconds": 11.446071863174438,
  "mean_reward": 0.4453125,
  "std_reward": 0.49797382950782776,
  "min_reward": 0.0,
  "max_reward": 1.0,
  "mean_advantage": -1.1175870895385742e-08,
  "std_advantage": 0.6831285953521729,
  "num_groups": 32.0
}
