{
  "type": "rollout",
  "grpo_step": 12,
  "num_questions": 32,
  "group_size": 8.0,
  "num_rollouts": 256,
  "reward": 0.41796875,
  "format_accuracy": 0.9296875,
  "answer_accuracy": 0.41796875,
  "avg_response_token_length": 213.0546875,
  "rollout_seconds": 9.431441307067871,
  "mean_reward": 0.41796875,
  "std_reward": 0.49419113993644714,
  "min_reward": 0.0,
  "max_reward": 1.0,
  "mean_advantage": 1.862645149230957e-09,
  "std_advantage": 0.7029334902763367,
  "num_groups": 32.0
}
