{
  "type": "rollout",
  "grpo_step": 33,
  "num_questions": 32,
  "group_size": 8.0,
  "num_rollouts": 256,
  "reward": 0.66015625,
  "format_accuracy": 0.97265625,
  "answer_accuracy": 0.66015625,
  "avg_response_token_length": 273.10546875,
  "rollout_seconds": 10.99092149734497,
  "mean_reward": 0.66015625,
  "std_reward": 0.47458380460739136,
  "min_reward": 0.0,
  "max_reward": 1.0,
  "mean_advantage": -9.313225746154785e-10,
  "std_advantage": 0.6199288964271545,
  "num_groups": 32.0
}
