{
  "type": "rollout",
  "grpo_step": 15,
  "num_questions": 32,
  "group_size": 8.0,
  "num_rollouts": 256,
  "reward": 0.25,
  "format_accuracy": 0.9609375,
  "answer_accuracy": 0.25,
  "avg_response_token_length": 111.98828125,
  "rollout_seconds": 8.232245922088623,
  "mean_reward": 0.25,
  "std_reward": 0.4338609278202057,
  "min_reward": 0.0,
  "max_reward": 1.0,
  "mean_advantage": 4.6566128730773926e-09,
  "std_advantage": 0.6199290752410889,
  "num_groups": 32.0
}
