{
  "type": "rollout",
  "grpo_step": 112,
  "num_questions": 32,
  "group_size": 8.0,
  "num_rollouts": 256,
  "reward": 0.28515625,
  "format_accuracy": 1.0,
  "answer_accuracy": 0.28515625,
  "avg_response_token_length": 15.9921875,
  "rollout_seconds": 1.4133777618408203,
  "mean_reward": 0.28515625,
  "std_reward": 0.4523732364177704,
  "min_reward": 0.0,
  "max_reward": 1.0,
  "mean_advantage": 1.862645149230957e-09,
  "std_advantage": 0.33136603236198425,
  "num_groups": 32.0
}
