{
  "type": "rollout",
  "grpo_step": 173,
  "num_questions": 32,
  "group_size": 8.0,
  "num_rollouts": 256,
  "reward": 0.52734375,
  "format_accuracy": 0.890625,
  "answer_accuracy": 0.52734375,
  "avg_response_token_length": 262.2265625,
  "rollout_seconds": 10.843225479125977,
  "mean_reward": 0.52734375,
  "std_reward": 0.5002297163009644,
  "min_reward": 0.0,
  "max_reward": 1.0,
  "mean_advantage": -3.725290298461914e-09,
  "std_advantage": 0.7592548727989197,
  "num_groups": 32.0
}
