{
  "type": "rollout",
  "grpo_step": 266,
  "num_questions": 32,
  "group_size": 8.0,
  "num_rollouts": 256,
  "reward": 0.71484375,
  "format_accuracy": 0.92578125,
  "answer_accuracy": 0.71484375,
  "avg_response_token_length": 454.2421875,
  "rollout_seconds": 12.8701753616333,
  "mean_reward": 0.71484375,
  "std_reward": 0.4523732364177704,
  "min_reward": 0.0,
  "max_reward": 1.0,
  "mean_advantage": -9.313225746154785e-10,
  "std_advantage": 0.3704783320426941,
  "num_groups": 32.0
}
