{
  "type": "rollout",
  "grpo_step": 38,
  "num_questions": 32,
  "group_size": 8.0,
  "num_rollouts": 256,
  "reward": 0.6328125,
  "format_accuracy": 0.9140625,
  "answer_accuracy": 0.6328125,
  "avg_response_token_length": 294.0625,
  "rollout_seconds": 11.52092719078064,
  "mean_reward": 0.6328125,
  "std_reward": 0.48298245668411255,
  "min_reward": 0.0,
  "max_reward": 1.0,
  "mean_advantage": 5.587935447692871e-09,
  "std_advantage": 0.7771221399307251,
  "num_groups": 32.0
}
