{
  "type": "rollout",
  "grpo_step": 119,
  "num_questions": 32,
  "group_size": 8.0,
  "num_rollouts": 256,
  "reward": 0.6953125,
  "format_accuracy": 0.9609375,
  "answer_accuracy": 0.6953125,
  "avg_response_token_length": 395.421875,
  "rollout_seconds": 13.919474363327026,
  "mean_reward": 0.6953125,
  "std_reward": 0.4611765742301941,
  "min_reward": 0.0,
  "max_reward": 1.0,
  "mean_advantage": 3.725290298461914e-09,
  "std_advantage": 0.6416874527931213,
  "num_groups": 32.0
}
