{
  "type": "rollout",
  "grpo_step": 69,
  "num_questions": 32,
  "group_size": 8.0,
  "num_rollouts": 256,
  "reward": 0.76953125,
  "format_accuracy": 0.953125,
  "answer_accuracy": 0.76953125,
  "avg_response_token_length": 346.99609375,
  "rollout_seconds": 12.34637713432312,
  "mean_reward": 0.76953125,
  "std_reward": 0.4219578206539154,
  "min_reward": 0.0,
  "max_reward": 1.0,
  "mean_advantage": 0.0,
  "std_advantage": 0.28439822793006897,
  "num_groups": 32.0
}
