{
  "type": "rollout",
  "grpo_step": 172,
  "num_questions": 32,
  "group_size": 8.0,
  "num_rollouts": 256,
  "reward": 0.796875,
  "format_accuracy": 0.8828125,
  "answer_accuracy": 0.796875,
  "avg_response_token_length": 442.2421875,
  "rollout_seconds": 15.049774169921875,
  "mean_reward": 0.796875,
  "std_reward": 0.40311288833618164,
  "min_reward": 0.0,
  "max_reward": 1.0,
  "mean_advantage": -9.313225746154785e-10,
  "std_advantage": 0.37047845125198364,
  "num_groups": 32.0
}
