{
  "type": "rollout",
  "grpo_step": 90,
  "num_questions": 32,
  "group_size": 8.0,
  "num_rollouts": 256,
  "reward": 0.77734375,
  "format_accuracy": 0.97265625,
  "answer_accuracy": 0.77734375,
  "avg_response_token_length": 213.6484375,
  "rollout_seconds": 10.017837047576904,
  "mean_reward": 0.77734375,
  "std_reward": 0.41684433817863464,
  "min_reward": 0.0,
  "max_reward": 1.0,
  "mean_advantage": -9.313225746154785e-10,
  "std_advantage": 0.5973784327507019,
  "num_groups": 32.0
}
