{
  "type": "rollout",
  "grpo_step": 117,
  "num_questions": 32,
  "group_size": 8.0,
  "num_rollouts": 256,
  "reward": 0.75390625,
  "format_accuracy": 0.94140625,
  "answer_accuracy": 0.75390625,
  "avg_response_token_length": 341.3046875,
  "rollout_seconds": 9.732011079788208,
  "mean_reward": 0.75390625,
  "std_reward": 0.43157756328582764,
  "min_reward": 0.0,
  "max_reward": 1.0,
  "mean_advantage": -1.1641532182693481e-09,
  "std_advantage": 0.5239355564117432,
  "num_groups": 32.0
}
