{
  "type": "rollout",
  "grpo_step": 55,
  "num_questions": 32,
  "group_size": 8.0,
  "num_rollouts": 256,
  "reward": 0.80859375,
  "format_accuracy": 0.96875,
  "answer_accuracy": 0.80859375,
  "avg_response_token_length": 309.01953125,
  "rollout_seconds": 11.785355567932129,
  "mean_reward": 0.80859375,
  "std_reward": 0.39417868852615356,
  "min_reward": 0.0,
  "max_reward": 1.0,
  "mean_advantage": 0.0,
  "std_advantage": 0.24753688275814056,
  "num_groups": 32.0
}
