{
  "type": "rollout",
  "grpo_step": 94,
  "num_questions": 32,
  "group_size": 8.0,
  "num_rollouts": 256,
  "reward": 0.453125,
  "format_accuracy": 0.859375,
  "answer_accuracy": 0.453125,
  "avg_response_token_length": 233.63671875,
  "rollout_seconds": 10.300071716308594,
  "mean_reward": 0.453125,
  "std_reward": 0.4987730085849762,
  "min_reward": 0.0,
  "max_reward": 1.0,
  "mean_advantage": -3.725290298461914e-09,
  "std_advantage": 0.7945877313613892,
  "num_groups": 32.0
}
