{
  "type": "rollout",
  "grpo_step": 90,
  "num_questions": 32,
  "group_size": 8.0,
  "num_rollouts": 256,
  "reward": 0.8671875,
  "format_accuracy": 0.97265625,
  "answer_accuracy": 0.8671875,
  "avg_response_token_length": 354.50390625,
  "rollout_seconds": 9.810237169265747,
  "mean_reward": 0.8671875,
  "std_reward": 0.3400367498397827,
  "min_reward": 0.0,
  "max_reward": 1.0,
  "mean_advantage": 4.656612873077393e-10,
  "std_advantage": 0.5973783731460571,
  "num_groups": 32.0
}
