{
  "type": "rollout",
  "grpo_step": 90,
  "num_questions": 32,
  "group_size": 8.0,
  "num_rollouts": 256,
  "reward": 0.828125,
  "format_accuracy": 0.97265625,
  "answer_accuracy": 0.828125,
  "avg_response_token_length": 248.7578125,
  "rollout_seconds": 11.66979169845581,
  "mean_reward": 0.828125,
  "std_reward": 0.3780107796192169,
  "min_reward": 0.0,
  "max_reward": 1.0,
  "mean_advantage": -2.7939677238464355e-09,
  "std_advantage": 0.6831283569335938,
  "num_groups": 32.0
}
