{
  "type": "rollout",
  "grpo_step": 143,
  "num_questions": 32,
  "group_size": 8.0,
  "num_rollouts": 256,
  "reward": 0.71875,
  "format_accuracy": 0.91796875,
  "answer_accuracy": 0.71875,
  "avg_response_token_length": 481.796875,
  "rollout_seconds": 15.80047059059143,
  "mean_reward": 0.71875,
  "std_reward": 0.45048993825912476,
  "min_reward": 0.0,
  "max_reward": 1.0,
  "mean_advantage": 0.0,
  "std_advantage": 0.4686223268508911,
  "num_groups": 32.0
}
