{
  "type": "rollout",
  "grpo_step": 10,
  "num_questions": 32,
  "group_size": 8.0,
  "num_rollouts": 256,
  "reward": 0.375,
  "format_accuracy": 0.83984375,
  "answer_accuracy": 0.375,
  "avg_response_token_length": 224.26953125,
  "rollout_seconds": 9.760985136032104,
  "mean_reward": 0.375,
  "std_reward": 0.48507124185562134,
  "min_reward": 0.0,
  "max_reward": 1.0,
  "mean_advantage": -2.7939677238464355e-09,
  "std_advantage": 0.7945877909660339,
  "num_groups": 32.0
}
