{
  "type": "rollout",
  "grpo_step": 105,
  "num_questions": 32,
  "group_size": 8.0,
  "num_rollouts": 256,
  "reward": 0.82421875,
  "format_accuracy": 0.95703125,
  "answer_accuracy": 0.82421875,
  "avg_response_token_length": 481.59375,
  "rollout_seconds": 15.079369068145752,
  "mean_reward": 0.82421875,
  "std_reward": 0.38137954473495483,
  "min_reward": 0.0,
  "max_reward": 1.0,
  "mean_advantage": -2.561137080192566e-09,
  "std_advantage": 0.5973783731460571,
  "num_groups": 32.0
}
