{
  "type": "rollout",
  "grpo_step": 38,
  "num_questions": 32,
  "group_size": 8.0,
  "num_rollouts": 256,
  "reward": 0.0625,
  "format_accuracy": 0.1015625,
  "answer_accuracy": 0.0625,
  "avg_response_token_length": 915.90234375,
  "rollout_seconds": 26.144190788269043,
  "mean_reward": 0.0625,
  "std_reward": 0.24253562092781067,
  "min_reward": 0.0,
  "max_reward": 1.0,
  "mean_advantage": 4.656612873077393e-10,
  "std_advantage": 0.4058387577533722,
  "num_groups": 32.0
}
