{
  "type": "rollout",
  "grpo_step": 32,
  "num_questions": 32,
  "group_size": 8.0,
  "num_rollouts": 256,
  "reward": 0.62890625,
  "format_accuracy": 0.9453125,
  "answer_accuracy": 0.62890625,
  "avg_response_token_length": 259.89453125,
  "rollout_seconds": 20.58214569091797,
  "mean_reward": 0.62890625,
  "std_reward": 0.48404380679130554,
  "min_reward": 0.0,
  "max_reward": 1.0,
  "mean_advantage": -2.7939677238464355e-09,
  "std_advantage": 0.7029332518577576,
  "num_groups": 32.0
}
