{
  "type": "rollout",
  "grpo_step": 40,
  "num_questions": 32,
  "group_size": 8.0,
  "num_rollouts": 256,
  "reward": 0.08984375,
  "format_accuracy": 0.29296875,
  "answer_accuracy": 0.08984375,
  "avg_response_token_length": 747.0703125,
  "rollout_seconds": 27.690541982650757,
  "mean_reward": 0.08984375,
  "std_reward": 0.2865179181098938,
  "min_reward": 0.0,
  "max_reward": 1.0,
  "mean_advantage": 0.0,
  "std_advantage": 0.24554860591888428,
  "num_groups": 32.0
}
