{
  "type": "rollout",
  "grpo_step": 13,
  "num_questions": 32,
  "group_size": 8.0,
  "num_rollouts": 256,
  "reward": 0.40234375,
  "format_accuracy": 0.9375,
  "answer_accuracy": 0.40234375,
  "avg_response_token_length": 136.06640625,
  "rollout_seconds": 7.849754571914673,
  "mean_reward": 0.40234375,
  "std_reward": 0.4913311004638672,
  "min_reward": 0.0,
  "max_reward": 1.0,
  "mean_advantage": 1.862645149230957e-09,
  "std_advantage": 0.7029334902763367,
  "num_groups": 32.0
}
