{
  "type": "rollout",
  "grpo_step": 159,
  "num_questions": 32,
  "group_size": 8.0,
  "num_rollouts": 256,
  "reward": 0.71875,
  "format_accuracy": 0.953125,
  "answer_accuracy": 0.71875,
  "avg_response_token_length": 549.9140625,
  "rollout_seconds": 17.234426498413086,
  "mean_reward": 0.71875,
  "std_reward": 0.45048993825912476,
  "min_reward": 0.0,
  "max_reward": 1.0,
  "mean_advantage": 0.0,
  "std_advantage": 0.25243908166885376,
  "num_groups": 32.0
}
