{
  "num_examples": 1024,
  "reward": 0.8701171875,
  "format_accuracy": 0.9833984375,
  "answer_accuracy": 0.8701171875,
  "temperature": 1.0,
  "top_p": 1.0,
  "max_tokens": 1024,
  "stop": "</answer>",
  "include_stop_str_in_output": true,
  "eval_seconds": 83.53161430358887
}
