{
  "num_examples": 1024,
  "reward": 0.4638671875,
  "format_accuracy": 0.7939453125,
  "answer_accuracy": 0.4638671875,
  "temperature": 1.0,
  "top_p": 1.0,
  "max_tokens": 1024,
  "stop": "</answer>",
  "include_stop_str_in_output": true,
  "eval_seconds": 41.156338691711426
}
