{
  "num_examples": 1024,
  "reward": 0.7451171875,
  "format_accuracy": 0.9130859375,
  "answer_accuracy": 0.7451171875,
  "temperature": 1.0,
  "top_p": 1.0,
  "max_tokens": 1024,
  "stop": "</answer>",
  "include_stop_str_in_output": true,
  "eval_seconds": 54.52806282043457
}
