{
  "type": "rollout",
  "grpo_step": 74,
  "num_questions": 32,
  "group_size": 8.0,
  "num_rollouts": 256,
  "reward": 0.7421875,
  "format_accuracy": 0.95703125,
  "answer_accuracy": 0.7421875,
  "avg_response_token_length": 329.4140625,
  "rollout_seconds": 12.348140478134155,
  "mean_reward": 0.7421875,
  "std_reward": 0.4382871091365814,
  "min_reward": 0.0,
  "max_reward": 1.0,
  "mean_advantage": 0.0,
  "std_advantage": 0.21693046391010284,
  "num_groups": 32.0
}
