{
  "type": "rollout",
  "grpo_step": 36,
  "num_questions": 32,
  "group_size": 8.0,
  "num_rollouts": 256,
  "reward": 0.4375,
  "format_accuracy": 0.95703125,
  "answer_accuracy": 0.4375,
  "avg_response_token_length": 247.015625,
  "rollout_seconds": 11.283305168151855,
  "mean_reward": 0.4375,
  "std_reward": 0.49705013632774353,
  "min_reward": 0.0,
  "max_reward": 1.0,
  "mean_advantage": -3.026798367500305e-09,
  "std_advantage": 0.662731945514679,
  "num_groups": 32.0
}
