{
  "type": "rollout",
  "grpo_step": 102,
  "num_questions": 32,
  "group_size": 8.0,
  "num_rollouts": 256,
  "reward": 0.5078125,
  "format_accuracy": 1.0,
  "answer_accuracy": 0.5078125,
  "avg_response_token_length": 15.90234375,
  "rollout_seconds": 1.3362162113189697,
  "mean_reward": 0.5078125,
  "std_reward": 0.5009182691574097,
  "min_reward": 0.0,
  "max_reward": 1.0,
  "mean_advantage": -9.313225746154785e-10,
  "std_advantage": 0.23431110382080078,
  "num_groups": 32.0
}
