{
  "type": "rollout",
  "grpo_step": 187,
  "num_questions": 32,
  "group_size": 8.0,
  "num_rollouts": 256,
  "reward": 0.4375,
  "format_accuracy": 0.99609375,
  "answer_accuracy": 0.4375,
  "avg_response_token_length": 23.5234375,
  "rollout_seconds": 4.726175546646118,
  "mean_reward": 0.4375,
  "std_reward": 0.49705013632774353,
  "min_reward": 0.0,
  "max_reward": 1.0,
  "mean_advantage": -1.3969838619232178e-09,
  "std_advantage": 0.2869712710380554,
  "num_groups": 32.0
}
