{
  "type": "rollout",
  "grpo_step": 107,
  "num_questions": 32,
  "group_size": 8.0,
  "num_rollouts": 256,
  "reward": 0.35546875,
  "format_accuracy": 0.625,
  "answer_accuracy": 0.35546875,
  "avg_response_token_length": 434.828125,
  "rollout_seconds": 15.085462093353271,
  "mean_reward": 0.35546875,
  "std_reward": 0.4795927405357361,
  "min_reward": 0.0,
  "max_reward": 1.0,
  "mean_advantage": 0.0,
  "std_advantage": 0.3549371659755707,
  "num_groups": 32.0
}
