{
  "type": "rollout",
  "grpo_step": 35,
  "num_questions": 32,
  "group_size": 8.0,
  "num_rollouts": 256,
  "reward": 0.66015625,
  "format_accuracy": 0.8828125,
  "answer_accuracy": 0.66015625,
  "avg_response_token_length": 582.87890625,
  "rollout_seconds": 21.19191074371338,
  "mean_reward": 0.66015625,
  "std_reward": 0.47458380460739136,
  "min_reward": 0.0,
  "max_reward": 1.0,
  "mean_advantage": -5.587935447692871e-09,
  "std_advantage": 0.6627318263053894,
  "num_groups": 32.0
}
