{
  "type": "rollout",
  "grpo_step": 2,
  "num_questions": 32,
  "group_size": 8.0,
  "num_rollouts": 256,
  "reward": 0.19140625,
  "format_accuracy": 0.62890625,
  "answer_accuracy": 0.19140625,
  "avg_response_token_length": 183.4765625,
  "rollout_seconds": 8.742527484893799,
  "mean_reward": 0.19140625,
  "std_reward": 0.39417868852615356,
  "min_reward": 0.0,
  "max_reward": 1.0,
  "mean_advantage": 5.587935447692871e-09,
  "std_advantage": 0.6831284761428833,
  "num_groups": 32.0
}
