{
  "type": "rollout",
  "grpo_step": 8,
  "num_questions": 32,
  "group_size": 8.0,
  "num_rollouts": 256,
  "reward": 0.32421875,
  "format_accuracy": 0.92578125,
  "answer_accuracy": 0.32421875,
  "avg_response_token_length": 91.45703125,
  "rollout_seconds": 7.100335359573364,
  "mean_reward": 0.32421875,
  "std_reward": 0.46899911761283875,
  "min_reward": 0.0,
  "max_reward": 1.0,
  "mean_advantage": 0.0,
  "std_advantage": 0.6627318859100342,
  "num_groups": 32.0
}
