{
  "type": "rollout",
  "grpo_step": 59,
  "num_questions": 32,
  "group_size": 8.0,
  "num_rollouts": 256,
  "reward": 0.58203125,
  "format_accuracy": 0.9921875,
  "answer_accuracy": 0.58203125,
  "avg_response_token_length": 225.35546875,
  "rollout_seconds": 9.866771936416626,
  "mean_reward": 0.58203125,
  "std_reward": 0.49419113993644714,
  "min_reward": 0.0,
  "max_reward": 1.0,
  "mean_advantage": -4.656612873077393e-10,
  "std_advantage": 0.6416874527931213,
  "num_groups": 32.0
}
