{
  "type": "rollout",
  "grpo_step": 64,
  "num_questions": 32,
  "group_size": 8.0,
  "num_rollouts": 256,
  "reward": 0.59765625,
  "format_accuracy": 0.9375,
  "answer_accuracy": 0.59765625,
  "avg_response_token_length": 319.0703125,
  "rollout_seconds": 12.03460955619812,
  "mean_reward": 0.59765625,
  "std_reward": 0.4913311004638672,
  "min_reward": 0.0,
  "max_reward": 1.0,
  "mean_advantage": 0.0,
  "std_advantage": 0.2912111282348633,
  "num_groups": 32.0
}
