{
  "type": "rollout",
  "grpo_step": 26,
  "num_questions": 32,
  "group_size": 8.0,
  "num_rollouts": 256,
  "reward": 0.5859375,
  "format_accuracy": 0.9453125,
  "answer_accuracy": 0.5859375,
  "avg_response_token_length": 258.15234375,
  "rollout_seconds": 12.748795747756958,
  "mean_reward": 0.5859375,
  "std_reward": 0.4935242533683777,
  "min_reward": 0.0,
  "max_reward": 1.0,
  "mean_advantage": -5.587935447692871e-09,
  "std_advantage": 0.6199288964271545,
  "num_groups": 32.0
}
