{
  "type": "rollout",
  "grpo_step": 119,
  "num_questions": 32,
  "group_size": 8.0,
  "num_rollouts": 256,
  "reward": 0.61328125,
  "format_accuracy": 0.953125,
  "answer_accuracy": 0.61328125,
  "avg_response_token_length": 409.765625,
  "rollout_seconds": 13.795035123825073,
  "mean_reward": 0.61328125,
  "std_reward": 0.4879522919654846,
  "min_reward": 0.0,
  "max_reward": 1.0,
  "mean_advantage": 2.3283064365386963e-10,
  "std_advantage": 0.6199288964271545,
  "num_groups": 32.0
}
