{
  "type": "rollout",
  "grpo_step": 182,
  "num_questions": 32,
  "group_size": 8.0,
  "num_rollouts": 256,
  "reward": 0.83203125,
  "format_accuracy": 0.97265625,
  "answer_accuracy": 0.83203125,
  "avg_response_token_length": 372.8671875,
  "rollout_seconds": 12.941457033157349,
  "mean_reward": 0.83203125,
  "std_reward": 0.3745708465576172,
  "min_reward": 0.0,
  "max_reward": 1.0,
  "mean_advantage": 0.0,
  "std_advantage": 0.2495093196630478,
  "num_groups": 32.0
}
