{
  "type": "rollout",
  "grpo_step": 19,
  "num_questions": 32,
  "group_size": 8.0,
  "num_rollouts": 256,
  "reward": 0.4609375,
  "format_accuracy": 0.8671875,
  "answer_accuracy": 0.4609375,
  "avg_response_token_length": 216.09765625,
  "rollout_seconds": 9.727650880813599,
  "mean_reward": 0.4609375,
  "std_reward": 0.4994482398033142,
  "min_reward": 0.0,
  "max_reward": 1.0,
  "mean_advantage": -1.862645149230957e-09,
  "std_advantage": 0.7771221399307251,
  "num_groups": 32.0
}
