{
  "type": "rollout",
  "grpo_step": 19,
  "num_questions": 32,
  "group_size": 8.0,
  "num_rollouts": 256,
  "reward": 0.359375,
  "format_accuracy": 0.95703125,
  "answer_accuracy": 0.359375,
  "avg_response_token_length": 106.76953125,
  "rollout_seconds": 12.811488151550293,
  "mean_reward": 0.359375,
  "std_reward": 0.4807571768760681,
  "min_reward": 0.0,
  "max_reward": 1.0,
  "mean_advantage": 4.656612873077393e-10,
  "std_advantage": 0.7221954464912415,
  "num_groups": 32.0
}
