{
  "type": "rollout",
  "grpo_step": 36,
  "num_questions": 32,
  "group_size": 8.0,
  "num_rollouts": 256,
  "reward": 0.47265625,
  "format_accuracy": 0.87109375,
  "answer_accuracy": 0.47265625,
  "avg_response_token_length": 305.5703125,
  "rollout_seconds": 12.210810899734497,
  "mean_reward": 0.47265625,
  "std_reward": 0.5002297163009644,
  "min_reward": 0.0,
  "max_reward": 1.0,
  "mean_advantage": 0.0,
  "std_advantage": 0.3170018792152405,
  "num_groups": 32.0
}
