{
  "type": "rollout",
  "grpo_step": 183,
  "num_questions": 32,
  "group_size": 8.0,
  "num_rollouts": 256,
  "reward": 0.765625,
  "format_accuracy": 0.921875,
  "answer_accuracy": 0.765625,
  "avg_response_token_length": 429.8359375,
  "rollout_seconds": 14.289982795715332,
  "mean_reward": 0.765625,
  "std_reward": 0.42443734407424927,
  "min_reward": 0.0,
  "max_reward": 1.0,
  "mean_advantage": -3.725290298461914e-09,
  "std_advantage": 0.6199288964271545,
  "num_groups": 32.0
}
