{
  "type": "rollout",
  "grpo_step": 110,
  "num_questions": 32,
  "group_size": 8.0,
  "num_rollouts": 256,
  "reward": 0.7734375,
  "format_accuracy": 0.96875,
  "answer_accuracy": 0.7734375,
  "avg_response_token_length": 325.0625,
  "rollout_seconds": 12.19492220878601,
  "mean_reward": 0.7734375,
  "std_reward": 0.41942712664604187,
  "min_reward": 0.0,
  "max_reward": 1.0,
  "mean_advantage": -3.725290298461914e-09,
  "std_advantage": 0.4970490336418152,
  "num_groups": 32.0
}
