{
  "type": "rollout",
  "grpo_step": 45,
  "num_questions": 32,
  "group_size": 8.0,
  "num_rollouts": 256,
  "reward": 0.6015625,
  "format_accuracy": 0.8984375,
  "answer_accuracy": 0.6015625,
  "avg_response_token_length": 378.7890625,
  "rollout_seconds": 10.375909805297852,
  "mean_reward": 0.6015625,
  "std_reward": 0.4905354082584381,
  "min_reward": 0.0,
  "max_reward": 1.0,
  "mean_advantage": 0.0,
  "std_advantage": 0.5739426016807556,
  "num_groups": 32.0
}
