{
  "type": "rollout",
  "grpo_step": 142,
  "num_questions": 32,
  "group_size": 8.0,
  "num_rollouts": 256,
  "reward": 0.38671875,
  "format_accuracy": 0.98828125,
  "answer_accuracy": 0.38671875,
  "avg_response_token_length": 19.31640625,
  "rollout_seconds": 4.195644378662109,
  "mean_reward": 0.38671875,
  "std_reward": 0.4879522919654846,
  "min_reward": 0.0,
  "max_reward": 1.0,
  "mean_advantage": 0.0,
  "std_advantage": 0.3704783320426941,
  "num_groups": 32.0
}
