{
  "type": "rollout",
  "grpo_step": 25,
  "num_questions": 32,
  "group_size": 8.0,
  "num_rollouts": 256,
  "reward": 0.46484375,
  "format_accuracy": 0.89453125,
  "answer_accuracy": 0.46484375,
  "avg_response_token_length": 209.05859375,
  "rollout_seconds": 9.451026678085327,
  "mean_reward": 0.46484375,
  "std_reward": 0.49973952770233154,
  "min_reward": 0.0,
  "max_reward": 1.0,
  "mean_advantage": 1.1175870895385742e-08,
  "std_advantage": 0.7771220803260803,
  "num_groups": 32.0
}
