{
  "type": "rollout",
  "grpo_step": 35,
  "num_questions": 32,
  "group_size": 8.0,
  "num_rollouts": 256,
  "reward": 0.5546875,
  "format_accuracy": 0.9453125,
  "answer_accuracy": 0.5546875,
  "avg_response_token_length": 318.6171875,
  "rollout_seconds": 12.052544832229614,
  "mean_reward": 0.5546875,
  "std_reward": 0.49797382950782776,
  "min_reward": 0.0,
  "max_reward": 1.0,
  "mean_advantage": 0.0,
  "std_advantage": 0.31311213970184326,
  "num_groups": 32.0
}
