{
  "type": "rollout",
  "grpo_step": 186,
  "num_questions": 32,
  "group_size": 8.0,
  "num_rollouts": 256,
  "reward": 0.8359375,
  "format_accuracy": 0.95703125,
  "answer_accuracy": 0.8359375,
  "avg_response_token_length": 393.953125,
  "rollout_seconds": 13.358587503433228,
  "mean_reward": 0.8359375,
  "std_reward": 0.3710577189922333,
  "min_reward": 0.0,
  "max_reward": 1.0,
  "mean_advantage": 0.0,
  "std_advantage": 0.2322101891040802,
  "num_groups": 32.0
}
