{
  "type": "rollout",
  "grpo_step": 125,
  "num_questions": 32,
  "group_size": 8.0,
  "num_rollouts": 256,
  "reward": 0.78515625,
  "format_accuracy": 0.9765625,
  "answer_accuracy": 0.78515625,
  "avg_response_token_length": 415.21875,
  "rollout_seconds": 23.538260459899902,
  "mean_reward": 0.78515625,
  "std_reward": 0.4115184545516968,
  "min_reward": 0.0,
  "max_reward": 1.0,
  "mean_advantage": 0.0,
  "std_advantage": 0.2311522662639618,
  "num_groups": 32.0
}
