{
  "type": "rollout",
  "grpo_step": 85,
  "num_questions": 32,
  "group_size": 8.0,
  "num_rollouts": 256,
  "reward": 0.3515625,
  "format_accuracy": 0.97265625,
  "answer_accuracy": 0.3515625,
  "avg_response_token_length": 24.28125,
  "rollout_seconds": 5.3932671546936035,
  "mean_reward": 0.3515625,
  "std_reward": 0.47839346528053284,
  "min_reward": 0.0,
  "max_reward": 1.0,
  "mean_advantage": -4.656612873077393e-10,
  "std_advantage": 0.4058387279510498,
  "num_groups": 32.0
}
