{
  "type": "rollout",
  "grpo_step": 3,
  "num_questions": 32,
  "group_size": 8.0,
  "num_rollouts": 256,
  "reward": 0.1328125,
  "format_accuracy": 0.70703125,
  "answer_accuracy": 0.1328125,
  "avg_response_token_length": 177.03515625,
  "rollout_seconds": 9.226582288742065,
  "mean_reward": 0.1328125,
  "std_reward": 0.3400367498397827,
  "min_reward": 0.0,
  "max_reward": 1.0,
  "mean_advantage": 3.958120942115784e-09,
  "std_advantage": 0.6416874527931213,
  "num_groups": 32.0
}
