{
  "type": "rollout",
  "grpo_step": 38,
  "num_questions": 32,
  "group_size": 8.0,
  "num_rollouts": 256,
  "reward": 0.66796875,
  "format_accuracy": 0.953125,
  "answer_accuracy": 0.66796875,
  "avg_response_token_length": 336.33984375,
  "rollout_seconds": 9.819418907165527,
  "mean_reward": 0.66796875,
  "std_reward": 0.47186464071273804,
  "min_reward": 0.0,
  "max_reward": 1.0,
  "mean_advantage": -2.0954757928848267e-09,
  "std_advantage": 0.6199288964271545,
  "num_groups": 32.0
}
