{
  "type": "rollout",
  "grpo_step": 42,
  "num_questions": 32,
  "group_size": 8.0,
  "num_rollouts": 256,
  "reward": 0.46484375,
  "format_accuracy": 0.9296875,
  "answer_accuracy": 0.46484375,
  "avg_response_token_length": 132.00390625,
  "rollout_seconds": 7.7765045166015625,
  "mean_reward": 0.46484375,
  "std_reward": 0.49973952770233154,
  "min_reward": 0.0,
  "max_reward": 1.0,
  "mean_advantage": 0.0,
  "std_advantage": 0.3408466875553131,
  "num_groups": 32.0
}
