{
  "type": "rollout",
  "grpo_step": 141,
  "num_questions": 32,
  "group_size": 8.0,
  "num_rollouts": 256,
  "reward": 0.41796875,
  "format_accuracy": 1.0,
  "answer_accuracy": 0.41796875,
  "avg_response_token_length": 15.77734375,
  "rollout_seconds": 1.3971340656280518,
  "mean_reward": 0.41796875,
  "std_reward": 0.49419113993644714,
  "min_reward": 0.0,
  "max_reward": 1.0,
  "mean_advantage": 2.3283064365386963e-09,
  "std_advantage": 0.5973784327507019,
  "num_groups": 32.0
}
