{
  "type": "rollout",
  "grpo_step": 141,
  "num_questions": 32,
  "group_size": 8.0,
  "num_rollouts": 256,
  "reward": 0.47265625,
  "format_accuracy": 0.97265625,
  "answer_accuracy": 0.47265625,
  "avg_response_token_length": 23.55078125,
  "rollout_seconds": 2.6731483936309814,
  "mean_reward": 0.47265625,
  "std_reward": 0.5002297163009644,
  "min_reward": 0.0,
  "max_reward": 1.0,
  "mean_advantage": 7.450580596923828e-09,
  "std_advantage": 0.5739424824714661,
  "num_groups": 32.0
}
