{
  "type": "rollout",
  "grpo_step": 130,
  "num_questions": 32,
  "group_size": 8.0,
  "num_rollouts": 256,
  "reward": 0.796875,
  "format_accuracy": 0.95703125,
  "answer_accuracy": 0.796875,
  "avg_response_token_length": 470.14453125,
  "rollout_seconds": 15.219046115875244,
  "mean_reward": 0.796875,
  "std_reward": 0.40311288833618164,
  "min_reward": 0.0,
  "max_reward": 1.0,
  "mean_advantage": 0.0,
  "std_advantage": 0.2600904703140259,
  "num_groups": 32.0
}
