{
  "type": "rollout",
  "grpo_step": 81,
  "num_questions": 32,
  "group_size": 8.0,
  "num_rollouts": 256,
  "reward": 0.48828125,
  "format_accuracy": 0.703125,
  "answer_accuracy": 0.48828125,
  "avg_response_token_length": 345.81640625,
  "rollout_seconds": 12.405027389526367,
  "mean_reward": 0.48828125,
  "std_reward": 0.5008417963981628,
  "min_reward": 0.0,
  "max_reward": 1.0,
  "mean_advantage": -7.450580596923828e-09,
  "std_advantage": 0.7221953868865967,
  "num_groups": 32.0
}
