{
  "type": "rollout",
  "grpo_step": 18,
  "num_questions": 32,
  "group_size": 8.0,
  "num_rollouts": 256,
  "reward": 0.453125,
  "format_accuracy": 0.93359375,
  "answer_accuracy": 0.453125,
  "avg_response_token_length": 260.125,
  "rollout_seconds": 10.86707353591919,
  "mean_reward": 0.453125,
  "std_reward": 0.4987730085849762,
  "min_reward": 0.0,
  "max_reward": 1.0,
  "mean_advantage": -6.05359673500061e-09,
  "std_advantage": 0.6831284761428833,
  "num_groups": 32.0
}
