{
  "type": "rollout",
  "grpo_step": 194,
  "num_questions": 32,
  "group_size": 8.0,
  "num_rollouts": 256,
  "reward": 0.734375,
  "format_accuracy": 0.8984375,
  "answer_accuracy": 0.734375,
  "avg_response_token_length": 510.60546875,
  "rollout_seconds": 16.037039756774902,
  "mean_reward": 0.734375,
  "std_reward": 0.4425306022167206,
  "min_reward": 0.0,
  "max_reward": 1.0,
  "mean_advantage": 0.0,
  "std_advantage": 0.4970489740371704,
  "num_groups": 32.0
}
