{
  "type": "rollout",
  "grpo_step": 8,
  "num_questions": 32,
  "group_size": 8.0,
  "num_rollouts": 256,
  "reward": 0.33984375,
  "format_accuracy": 0.96484375,
  "answer_accuracy": 0.33984375,
  "avg_response_token_length": 165.5546875,
  "rollout_seconds": 8.426642894744873,
  "mean_reward": 0.33984375,
  "std_reward": 0.47458380460739136,
  "min_reward": 0.0,
  "max_reward": 1.0,
  "mean_advantage": 4.6566128730773926e-09,
  "std_advantage": 0.7029332518577576,
  "num_groups": 32.0
}
