{
  "type": "rollout",
  "grpo_step": 35,
  "num_questions": 32,
  "group_size": 8.0,
  "num_rollouts": 256,
  "reward": 0.1484375,
  "format_accuracy": 0.42578125,
  "answer_accuracy": 0.1484375,
  "avg_response_token_length": 95.44921875,
  "rollout_seconds": 6.836939811706543,
  "mean_reward": 0.1484375,
  "std_reward": 0.3562295734882355,
  "min_reward": 0.0,
  "max_reward": 1.0,
  "mean_advantage": 0.0,
  "std_advantage": 0.27116307616233826,
  "num_groups": 32.0
}
