{
  "type": "rollout",
  "grpo_step": 331,
  "num_questions": 32,
  "group_size": 8.0,
  "num_rollouts": 256,
  "reward": 0.7109375,
  "format_accuracy": 0.9375,
  "answer_accuracy": 0.7109375,
  "avg_response_token_length": 484.453125,
  "rollout_seconds": 16.051634073257446,
  "mean_reward": 0.7109375,
  "std_reward": 0.45421501994132996,
  "min_reward": 0.0,
  "max_reward": 1.0,
  "mean_advantage": 3.725290298461914e-09,
  "std_advantage": 0.5739426612854004,
  "num_groups": 32.0
}
