{
  "type": "rollout",
  "grpo_step": 152,
  "num_questions": 32,
  "group_size": 8.0,
  "num_rollouts": 256,
  "reward": 0.6953125,
  "format_accuracy": 0.92578125,
  "answer_accuracy": 0.6953125,
  "avg_response_token_length": 405.87109375,
  "rollout_seconds": 28.46768808364868,
  "mean_reward": 0.6953125,
  "std_reward": 0.4611765742301941,
  "min_reward": 0.0,
  "max_reward": 1.0,
  "mean_advantage": -3.725290298461914e-09,
  "std_advantage": 0.7029333114624023,
  "num_groups": 32.0
}
