{
  "type": "rollout",
  "grpo_step": 92,
  "num_questions": 32,
  "group_size": 8.0,
  "num_rollouts": 256,
  "reward": 0.609375,
  "format_accuracy": 0.8984375,
  "answer_accuracy": 0.609375,
  "avg_response_token_length": 461.33203125,
  "rollout_seconds": 15.200124263763428,
  "mean_reward": 0.609375,
  "std_reward": 0.48884618282318115,
  "min_reward": 0.0,
  "max_reward": 1.0,
  "mean_advantage": -3.725290298461914e-09,
  "std_advantage": 0.6831285357475281,
  "num_groups": 32.0
}
