{
  "type": "rollout",
  "grpo_step": 183,
  "num_questions": 32,
  "group_size": 8.0,
  "num_rollouts": 256,
  "reward": 0.875,
  "format_accuracy": 0.95703125,
  "answer_accuracy": 0.875,
  "avg_response_token_length": 426.0546875,
  "rollout_seconds": 14.391137599945068,
  "mean_reward": 0.875,
  "std_reward": 0.33136674761772156,
  "min_reward": 0.0,
  "max_reward": 1.0,
  "mean_advantage": -9.313225746154785e-10,
  "std_advantage": 0.438355952501297,
  "num_groups": 32.0
}
