{
  "type": "rollout",
  "grpo_step": 183,
  "num_questions": 32,
  "group_size": 8.0,
  "num_rollouts": 256,
  "reward": 0.55078125,
  "format_accuracy": 0.6640625,
  "answer_accuracy": 0.55078125,
  "avg_response_token_length": 482.609375,
  "rollout_seconds": 16.258896827697754,
  "mean_reward": 0.55078125,
  "std_reward": 0.49838894605636597,
  "min_reward": 0.0,
  "max_reward": 1.0,
  "mean_advantage": 9.313225746154785e-10,
  "std_advantage": 0.7592548131942749,
  "num_groups": 32.0
}
