{
  "type": "rollout",
  "grpo_step": 86,
  "num_questions": 32,
  "group_size": 8.0,
  "num_rollouts": 256,
  "reward": 0.609375,
  "format_accuracy": 0.921875,
  "answer_accuracy": 0.609375,
  "avg_response_token_length": 358.47265625,
  "rollout_seconds": 12.664820909500122,
  "mean_reward": 0.609375,
  "std_reward": 0.48884618282318115,
  "min_reward": 0.0,
  "max_reward": 1.0,
  "mean_advantage": -2.3283064365386963e-09,
  "std_advantage": 0.7221953868865967,
  "num_groups": 32.0
}
