{
  "type": "rollout",
  "grpo_step": 280,
  "num_questions": 32,
  "group_size": 8.0,
  "num_rollouts": 256,
  "reward": 0.578125,
  "format_accuracy": 0.90625,
  "answer_accuracy": 0.578125,
  "avg_response_token_length": 484.9453125,
  "rollout_seconds": 16.093878746032715,
  "mean_reward": 0.578125,
  "std_reward": 0.49482616782188416,
  "min_reward": 0.0,
  "max_reward": 1.0,
  "mean_advantage": 9.313225746154785e-10,
  "std_advantage": 0.5239356756210327,
  "num_groups": 32.0
}
