{
  "type": "rollout",
  "grpo_step": 161,
  "num_questions": 32,
  "group_size": 8.0,
  "num_rollouts": 256,
  "reward": 0.38671875,
  "format_accuracy": 1.0,
  "answer_accuracy": 0.38671875,
  "avg_response_token_length": 14.91015625,
  "rollout_seconds": 1.1965458393096924,
  "mean_reward": 0.38671875,
  "std_reward": 0.4879522919654846,
  "min_reward": 0.0,
  "max_reward": 1.0,
  "mean_advantage": 1.3969838619232178e-09,
  "std_advantage": 0.43835610151290894,
  "num_groups": 32.0
}
