{
  "type": "rollout",
  "ei_step": 3,
  "num_questions": 512,
  "rollouts_per_question": 2,
  "num_rollouts": 1024,
  "num_accepted": 336,
  "accepted_fraction": 0.328125,
  "question_coverage_with_accept": 0.490234375,
  "reward": 0.328125,
  "format_accuracy": 0.8505859375,
  "answer_accuracy": 0.328125,
  "avg_token_entropy": 0.6609153747558594,
  "avg_accepted_token_entropy": 0.492431640625,
  "avg_response_token_length": 258.384765625,
  "avg_accepted_response_token_length": 190.26488095238096,
  "rollout_seconds": 41.86730146408081
}
