{
  "type": "rollout",
  "grpo_step": 90,
  "num_questions": 32,
  "group_size": 8.0,
  "num_rollouts": 256,
  "reward": 0.85546875,
  "format_accuracy": 0.984375,
  "answer_accuracy": 0.85546875,
  "avg_response_token_length": 253.984375,
  "rollout_seconds": 12.406699657440186,
  "mean_reward": 0.85546875,
  "std_reward": 0.35231637954711914,
  "min_reward": 0.0,
  "max_reward": 1.0,
  "mean_advantage": -3.259629011154175e-09,
  "std_advantage": 0.5239354968070984,
  "num_groups": 32.0
}
