{
  "type": "rollout",
  "grpo_step": 258,
  "num_questions": 32,
  "group_size": 8.0,
  "num_rollouts": 256,
  "reward": 0.74609375,
  "format_accuracy": 0.93359375,
  "answer_accuracy": 0.74609375,
  "avg_response_token_length": 465.31640625,
  "rollout_seconds": 15.282488346099854,
  "mean_reward": 0.74609375,
  "std_reward": 0.4360972046852112,
  "min_reward": 0.0,
  "max_reward": 1.0,
  "mean_advantage": -3.725290298461914e-09,
  "std_advantage": 0.5973784923553467,
  "num_groups": 32.0
}
