{
  "type": "rollout",
  "grpo_step": 258,
  "num_questions": 32,
  "group_size": 8.0,
  "num_rollouts": 256,
  "reward": 0.8046875,
  "format_accuracy": 0.9765625,
  "answer_accuracy": 0.8046875,
  "avg_response_token_length": 457.2734375,
  "rollout_seconds": 12.60896921157837,
  "mean_reward": 0.8046875,
  "std_reward": 0.39721766114234924,
  "min_reward": 0.0,
  "max_reward": 1.0,
  "mean_advantage": -1.862645149230957e-09,
  "std_advantage": 0.5239354372024536,
  "num_groups": 32.0
}
