{
  "type": "rollout",
  "grpo_step": 59,
  "num_questions": 32,
  "group_size": 8.0,
  "num_rollouts": 256,
  "reward": 0.21484375,
  "format_accuracy": 0.74609375,
  "answer_accuracy": 0.21484375,
  "avg_response_token_length": 186.69921875,
  "rollout_seconds": 9.37593698501587,
  "mean_reward": 0.21484375,
  "std_reward": 0.4115184545516968,
  "min_reward": 0.0,
  "max_reward": 1.0,
  "mean_advantage": 1.862645149230957e-09,
  "std_advantage": 0.777121901512146,
  "num_groups": 32.0
}
