{
  "type": "rollout",
  "grpo_step": 286,
  "num_questions": 32,
  "group_size": 8.0,
  "num_rollouts": 256,
  "reward": 0.8671875,
  "format_accuracy": 1.0,
  "answer_accuracy": 0.8671875,
  "avg_response_token_length": 292.3203125,
  "rollout_seconds": 8.071739196777344,
  "mean_reward": 0.8671875,
  "std_reward": 0.3400367498397827,
  "min_reward": 0.0,
  "max_reward": 1.0,
  "mean_advantage": -2.7939677238464355e-09,
  "std_advantage": 0.5239355564117432,
  "num_groups": 32.0
}
