{
  "type": "rollout",
  "grpo_step": 286,
  "num_questions": 32,
  "group_size": 8.0,
  "num_rollouts": 256,
  "reward": 0.8984375,
  "format_accuracy": 0.9921875,
  "answer_accuracy": 0.8984375,
  "avg_response_token_length": 350.68359375,
  "rollout_seconds": 31.748956203460693,
  "mean_reward": 0.8984375,
  "std_reward": 0.3026638329029083,
  "min_reward": 0.0,
  "max_reward": 1.0,
  "mean_advantage": -9.313225746154785e-10,
  "std_advantage": 0.4383559823036194,
  "num_groups": 32.0
}
