{
  "type": "rollout",
  "grpo_step": 143,
  "num_questions": 32,
  "group_size": 8.0,
  "num_rollouts": 256,
  "reward": 0.76171875,
  "format_accuracy": 0.87109375,
  "answer_accuracy": 0.76171875,
  "avg_response_token_length": 274.921875,
  "rollout_seconds": 10.995016098022461,
  "mean_reward": 0.76171875,
  "std_reward": 0.4268665611743927,
  "min_reward": 0.0,
  "max_reward": 1.0,
  "mean_advantage": -6.51925802230835e-09,
  "std_advantage": 0.5739426016807556,
  "num_groups": 32.0
}
