{
  "type": "rollout",
  "grpo_step": 78,
  "num_questions": 32,
  "group_size": 8.0,
  "num_rollouts": 256,
  "reward": 0.25,
  "format_accuracy": 0.7734375,
  "answer_accuracy": 0.25,
  "avg_response_token_length": 169.65234375,
  "rollout_seconds": 8.782021284103394,
  "mean_reward": 0.25,
  "std_reward": 0.4338609278202057,
  "min_reward": 0.0,
  "max_reward": 1.0,
  "mean_advantage": 7.450580596923828e-09,
  "std_advantage": 0.8284148573875427,
  "num_groups": 32.0
}
