{
  "type": "rollout",
  "grpo_step": 35,
  "num_questions": 32,
  "group_size": 8.0,
  "num_rollouts": 256,
  "reward": 0.296875,
  "format_accuracy": 0.98828125,
  "answer_accuracy": 0.296875,
  "avg_response_token_length": 92.0234375,
  "rollout_seconds": 7.469640016555786,
  "mean_reward": 0.296875,
  "std_reward": 0.45777595043182373,
  "min_reward": 0.0,
  "max_reward": 1.0,
  "mean_advantage": 5.587935447692871e-09,
  "std_advantage": 0.7771221399307251,
  "num_groups": 32.0
}
