{
  "type": "rollout",
  "grpo_step": 134,
  "num_questions": 32,
  "group_size": 8.0,
  "num_rollouts": 256,
  "reward": 0.6640625,
  "format_accuracy": 0.94921875,
  "answer_accuracy": 0.6640625,
  "avg_response_token_length": 372.890625,
  "rollout_seconds": 13.22610878944397,
  "mean_reward": 0.6640625,
  "std_reward": 0.4732423722743988,
  "min_reward": 0.0,
  "max_reward": 1.0,
  "mean_advantage": -9.313225746154785e-10,
  "std_advantage": 0.5739426016807556,
  "num_groups": 32.0
}
