{
  "type": "rollout",
  "grpo_step": 40,
  "num_questions": 32,
  "group_size": 8.0,
  "num_rollouts": 256,
  "reward": 0.56640625,
  "format_accuracy": 0.92578125,
  "answer_accuracy": 0.56640625,
  "avg_response_token_length": 302.56640625,
  "rollout_seconds": 21.008365392684937,
  "mean_reward": 0.56640625,
  "std_reward": 0.4965413510799408,
  "min_reward": 0.0,
  "max_reward": 1.0,
  "mean_advantage": 1.862645149230957e-09,
  "std_advantage": 0.7592548727989197,
  "num_groups": 32.0
}
