{
  "type": "rollout",
  "grpo_step": 6,
  "num_questions": 32,
  "group_size": 8.0,
  "num_rollouts": 256,
  "reward": 0.2421875,
  "format_accuracy": 0.72265625,
  "answer_accuracy": 0.2421875,
  "avg_response_token_length": 217.58984375,
  "rollout_seconds": 9.718213319778442,
  "mean_reward": 0.2421875,
  "std_reward": 0.42924636602401733,
  "min_reward": 0.0,
  "max_reward": 1.0,
  "mean_advantage": 0.0,
  "std_advantage": 0.3268986642360687,
  "num_groups": 32.0
}
