{
  "type": "rollout",
  "grpo_step": 150,
  "num_questions": 32,
  "group_size": 8.0,
  "num_rollouts": 256,
  "reward": 0.21875,
  "format_accuracy": 1.0,
  "answer_accuracy": 0.21875,
  "avg_response_token_length": 16.3671875,
  "rollout_seconds": 1.4451899528503418,
  "mean_reward": 0.21875,
  "std_reward": 0.41420844197273254,
  "min_reward": 0.0,
  "max_reward": 1.0,
  "mean_advantage": 0.0,
  "std_advantage": 0.3313659131526947,
  "num_groups": 32.0
}
