{
  "type": "rollout",
  "grpo_step": 150,
  "num_questions": 32,
  "group_size": 8.0,
  "num_rollouts": 256,
  "reward": 0.30859375,
  "format_accuracy": 0.93359375,
  "answer_accuracy": 0.30859375,
  "avg_response_token_length": 64.5546875,
  "rollout_seconds": 6.893047094345093,
  "mean_reward": 0.30859375,
  "std_reward": 0.46281784772872925,
  "min_reward": 0.0,
  "max_reward": 1.0,
  "mean_advantage": 2.7939677238464355e-09,
  "std_advantage": 0.5239354968070984,
  "num_groups": 32.0
}
