{
  "type": "rollout",
  "grpo_step": 105,
  "num_questions": 32,
  "group_size": 8.0,
  "num_rollouts": 256,
  "reward": 0.8671875,
  "format_accuracy": 0.984375,
  "answer_accuracy": 0.8671875,
  "avg_response_token_length": 488.92578125,
  "rollout_seconds": 26.740434169769287,
  "mean_reward": 0.8671875,
  "std_reward": 0.3400367498397827,
  "min_reward": 0.0,
  "max_reward": 1.0,
  "mean_advantage": 0.0,
  "std_advantage": 0.21004201471805573,
  "num_groups": 32.0
}
