{
  "type": "rollout",
  "grpo_step": 59,
  "num_questions": 32,
  "group_size": 8.0,
  "num_rollouts": 256,
  "reward": 0.140625,
  "format_accuracy": 0.86328125,
  "answer_accuracy": 0.140625,
  "avg_response_token_length": 56.83203125,
  "rollout_seconds": 6.65584135055542,
  "mean_reward": 0.140625,
  "std_reward": 0.3483152687549591,
  "min_reward": 0.0,
  "max_reward": 1.0,
  "mean_advantage": -4.656612873077393e-10,
  "std_advantage": 0.4058386981487274,
  "num_groups": 32.0
}
