{
  "type": "rollout",
  "grpo_step": 103,
  "num_questions": 32,
  "group_size": 8.0,
  "num_rollouts": 256,
  "reward": 0.80859375,
  "format_accuracy": 0.97265625,
  "answer_accuracy": 0.80859375,
  "avg_response_token_length": 461.96875,
  "rollout_seconds": 15.603837966918945,
  "mean_reward": 0.80859375,
  "std_reward": 0.39417868852615356,
  "min_reward": 0.0,
  "max_reward": 1.0,
  "mean_advantage": -3.725290298461914e-09,
  "std_advantage": 0.5239356160163879,
  "num_groups": 32.0
}
