{
  "type": "rollout",
  "grpo_step": 64,
  "num_questions": 32,
  "group_size": 8.0,
  "num_rollouts": 256,
  "reward": 0.38671875,
  "format_accuracy": 0.875,
  "answer_accuracy": 0.38671875,
  "avg_response_token_length": 33.1015625,
  "rollout_seconds": 5.690181255340576,
  "mean_reward": 0.38671875,
  "std_reward": 0.4879522919654846,
  "min_reward": 0.0,
  "max_reward": 1.0,
  "mean_advantage": -9.313225746154785e-10,
  "std_advantage": 0.5973783731460571,
  "num_groups": 32.0
}
