{
  "type": "rollout",
  "ei_step": 1,
  "num_questions": 512,
  "rollouts_per_question": 2,
  "num_rollouts": 1024,
  "num_accepted": 27,
  "accepted_fraction": 0.0263671875,
  "question_coverage_with_accept": 0.05078125,
  "reward": 0.0263671875,
  "format_accuracy": 0.1513671875,
  "answer_accuracy": 0.0263671875,
  "avg_token_entropy": 0.9116458892822266,
  "avg_accepted_token_entropy": 0.7477213541666666,
  "avg_response_token_length": 365.310546875,
  "avg_accepted_response_token_length": 130.0,
  "rollout_seconds": 55.92089557647705
}
