{
  "type": "rollout",
  "grpo_step": 80,
  "num_questions": 32,
  "group_size": 8.0,
  "num_rollouts": 256,
  "reward": 0.76171875,
  "format_accuracy": 0.984375,
  "answer_accuracy": 0.76171875,
  "avg_response_token_length": 275.96484375,
  "rollout_seconds": 14.692792654037476,
  "mean_reward": 0.76171875,
  "std_reward": 0.4268665611743927,
  "min_reward": 0.0,
  "max_reward": 1.0,
  "mean_advantage": -1.862645149230957e-09,
  "std_advantage": 0.5239354968070984,
  "num_groups": 32.0
}
