{
  "type": "rollout",
  "grpo_step": 176,
  "num_questions": 32,
  "group_size": 8.0,
  "num_rollouts": 256,
  "reward": 0.6953125,
  "format_accuracy": 0.91015625,
  "answer_accuracy": 0.6953125,
  "avg_response_token_length": 460.14453125,
  "rollout_seconds": 31.54542088508606,
  "mean_reward": 0.6953125,
  "std_reward": 0.4611765742301941,
  "min_reward": 0.0,
  "max_reward": 1.0,
  "mean_advantage": 4.190951585769653e-09,
  "std_advantage": 0.497048944234848,
  "num_groups": 32.0
}
