{
  "type": "rollout",
  "grpo_step": 190,
  "num_questions": 32,
  "group_size": 8.0,
  "num_rollouts": 256,
  "reward": 0.796875,
  "format_accuracy": 0.96484375,
  "answer_accuracy": 0.796875,
  "avg_response_token_length": 395.90625,
  "rollout_seconds": 14.146503925323486,
  "mean_reward": 0.796875,
  "std_reward": 0.40311288833618164,
  "min_reward": 0.0,
  "max_reward": 1.0,
  "mean_advantage": -1.862645149230957e-09,
  "std_advantage": 0.4383560121059418,
  "num_groups": 32.0
}
