{
  "type": "rollout",
  "grpo_step": 92,
  "num_questions": 32,
  "group_size": 8.0,
  "num_rollouts": 256,
  "reward": 0.27734375,
  "format_accuracy": 0.65625,
  "answer_accuracy": 0.27734375,
  "avg_response_token_length": 370.6796875,
  "rollout_seconds": 13.419999599456787,
  "mean_reward": 0.27734375,
  "std_reward": 0.4485645592212677,
  "min_reward": 0.0,
  "max_reward": 1.0,
  "mean_advantage": 0.0,
  "std_advantage": 0.32007965445518494,
  "num_groups": 32.0
}
