{
  "type": "rollout",
  "grpo_step": 2,
  "num_questions": 32,
  "group_size": 8.0,
  "num_rollouts": 256,
  "reward": 0.05078125,
  "format_accuracy": 0.12109375,
  "answer_accuracy": 0.05078125,
  "avg_response_token_length": 460.98046875,
  "rollout_seconds": 15.688027143478394,
  "mean_reward": 0.05078125,
  "std_reward": 0.21998077630996704,
  "min_reward": 0.0,
  "max_reward": 1.0,
  "mean_advantage": 5.587935447692871e-09,
  "std_advantage": 0.5239354372024536,
  "num_groups": 32.0
}
