{
  "type": "rollout",
  "grpo_step": 201,
  "num_questions": 32,
  "group_size": 8.0,
  "num_rollouts": 256,
  "reward": 0.73046875,
  "format_accuracy": 0.94921875,
  "answer_accuracy": 0.73046875,
  "avg_response_token_length": 341.02734375,
  "rollout_seconds": 12.74846601486206,
  "mean_reward": 0.73046875,
  "std_reward": 0.4445854723453522,
  "min_reward": 0.0,
  "max_reward": 1.0,
  "mean_advantage": 4.656612873077393e-10,
  "std_advantage": 0.5739427804946899,
  "num_groups": 32.0
}
