{
  "type": "rollout",
  "grpo_step": 210,
  "num_questions": 32,
  "group_size": 8.0,
  "num_rollouts": 256,
  "reward": 0.77734375,
  "format_accuracy": 0.9453125,
  "answer_accuracy": 0.77734375,
  "avg_response_token_length": 391.5703125,
  "rollout_seconds": 13.254359722137451,
  "mean_reward": 0.77734375,
  "std_reward": 0.41684433817863464,
  "min_reward": 0.0,
  "max_reward": 1.0,
  "mean_advantage": 9.313225746154785e-10,
  "std_advantage": 0.4970490336418152,
  "num_groups": 32.0
}
