{
  "type": "rollout",
  "grpo_step": 11,
  "num_questions": 32,
  "group_size": 8.0,
  "num_rollouts": 256,
  "reward": 0.34765625,
  "format_accuracy": 0.85546875,
  "answer_accuracy": 0.34765625,
  "avg_response_token_length": 171.70703125,
  "rollout_seconds": 8.725328922271729,
  "mean_reward": 0.34765625,
  "std_reward": 0.4771590530872345,
  "min_reward": 0.0,
  "max_reward": 1.0,
  "mean_advantage": 0.0,
  "std_advantage": 0.3321055769920349,
  "num_groups": 32.0
}
