{
  "type": "rollout",
  "grpo_step": 31,
  "num_questions": 32,
  "group_size": 8.0,
  "num_rollouts": 256,
  "reward": 0.62109375,
  "format_accuracy": 0.95703125,
  "answer_accuracy": 0.62109375,
  "avg_response_token_length": 252.54296875,
  "rollout_seconds": 20.84272837638855,
  "mean_reward": 0.62109375,
  "std_reward": 0.48606500029563904,
  "min_reward": 0.0,
  "max_reward": 1.0,
  "mean_advantage": 0.0,
  "std_advantage": 0.7592548727989197,
  "num_groups": 32.0
}
