{
  "num_examples": 3199,
  "reward": 0.7036573929352923,
  "format_accuracy": 0.9427946233197875,
  "answer_accuracy": 0.7036573929352923,
  "temperature": 1.0,
  "top_p": 1.0,
  "max_tokens": 1024,
  "stop": "</answer>",
  "include_stop_str_in_output": true,
  "eval_seconds": 172.77993535995483
}
