{
  "num_examples": 3199,
  "reward": 0.7246014379493592,
  "format_accuracy": 0.939043451078462,
  "answer_accuracy": 0.7246014379493592,
  "temperature": 1.0,
  "top_p": 1.0,
  "max_tokens": 1024,
  "stop": "</answer>",
  "include_stop_str_in_output": true,
  "eval_seconds": 170.8993844985962
}
