{
  "num_examples": 3199,
  "reward": 0.7249140356361363,
  "format_accuracy": 0.9577993122850891,
  "answer_accuracy": 0.7249140356361363,
  "temperature": 1.0,
  "top_p": 1.0,
  "max_tokens": 1024,
  "stop": "</answer>",
  "include_stop_str_in_output": true,
  "eval_seconds": 173.18063759803772
}
