{
  "num_examples": 3199,
  "reward": 0.7327289778055642,
  "format_accuracy": 0.9290403251015943,
  "answer_accuracy": 0.7327289778055642,
  "temperature": 1.0,
  "top_p": 1.0,
  "max_tokens": 1024,
  "stop": "</answer>",
  "include_stop_str_in_output": true,
  "eval_seconds": 193.5276665687561
}
