{
  "num_examples": 3199,
  "reward": 0.7120975304782745,
  "format_accuracy": 0.9537355423569865,
  "answer_accuracy": 0.7120975304782745,
  "temperature": 1.0,
  "top_p": 1.0,
  "max_tokens": 1024,
  "stop": "</answer>",
  "include_stop_str_in_output": true,
  "eval_seconds": 170.47202920913696
}
