{
  "num_examples": 3199,
  "reward": 0.7371053454204439,
  "format_accuracy": 0.9562363238512035,
  "answer_accuracy": 0.7371053454204439,
  "temperature": 1.0,
  "top_p": 1.0,
  "max_tokens": 1024,
  "stop": "</answer>",
  "include_stop_str_in_output": true,
  "eval_seconds": 181.01764488220215
}
