{
  "num_examples": 3199,
  "reward": 0.7258518286964677,
  "format_accuracy": 0.9459206001875586,
  "answer_accuracy": 0.7258518286964677,
  "temperature": 1.0,
  "top_p": 1.0,
  "max_tokens": 1024,
  "stop": "</answer>",
  "include_stop_str_in_output": true,
  "eval_seconds": 180.49502110481262
}
