{
  "num_examples": 3199,
  "reward": 0.7277274148171303,
  "format_accuracy": 0.9474835886214442,
  "answer_accuracy": 0.7277274148171303,
  "temperature": 1.0,
  "top_p": 1.0,
  "max_tokens": 1024,
  "stop": "</answer>",
  "include_stop_str_in_output": true,
  "eval_seconds": 200.9903359413147
}
