{
  "num_examples": 3199,
  "reward": 0.5633010315723663,
  "format_accuracy": 0.8677711784932791,
  "answer_accuracy": 0.5633010315723663,
  "temperature": 1.0,
  "top_p": 1.0,
  "max_tokens": 1024,
  "stop": "</answer>",
  "include_stop_str_in_output": true,
  "eval_seconds": 137.2687168121338
}
