{
  "num_examples": 3199,
  "reward": 0.6670834635823695,
  "format_accuracy": 0.933729290403251,
  "answer_accuracy": 0.6670834635823695,
  "temperature": 1.0,
  "top_p": 1.0,
  "max_tokens": 1024,
  "stop": "</answer>",
  "include_stop_str_in_output": true,
  "eval_seconds": 143.84338188171387
}
