{
  "num_examples": 3199,
  "reward": 0.7355423569865583,
  "format_accuracy": 0.9321663019693655,
  "answer_accuracy": 0.7355423569865583,
  "temperature": 1.0,
  "top_p": 1.0,
  "max_tokens": 1024,
  "stop": "</answer>",
  "include_stop_str_in_output": true,
  "eval_seconds": 196.43174934387207
}
