{
  "num_examples": 3199,
  "reward": 0.02938418255704908,
  "format_accuracy": 0.180368865270397,
  "answer_accuracy": 0.02938418255704908,
  "temperature": 1.0,
  "top_p": 1.0,
  "max_tokens": 1024,
  "stop": "</answer>",
  "include_stop_str_in_output": true,
  "eval_seconds": 143.42066287994385
}
