{
  "type": "rollout",
  "grpo_step": 148,
  "num_questions": 32,
  "group_size": 8.0,
  "num_rollouts": 256,
  "reward": 0.70703125,
  "format_accuracy": 0.8984375,
  "answer_accuracy": 0.70703125,
  "avg_response_token_length": 409.703125,
  "rollout_seconds": 29.373138666152954,
  "mean_reward": 0.70703125,
  "std_reward": 0.45601576566696167,
  "min_reward": 0.0,
  "max_reward": 1.0,
  "mean_advantage": 9.313225746154785e-10,
  "std_advantage": 0.46862226724624634,
  "num_groups": 32.0
}
