{
  "type": "rollout",
  "grpo_step": 193,
  "num_questions": 32,
  "group_size": 8.0,
  "num_rollouts": 256,
  "reward": 0.38671875,
  "format_accuracy": 0.76171875,
  "answer_accuracy": 0.38671875,
  "avg_response_token_length": 271.10546875,
  "rollout_seconds": 11.40514063835144,
  "mean_reward": 0.38671875,
  "std_reward": 0.4879522919654846,
  "min_reward": 0.0,
  "max_reward": 1.0,
  "mean_advantage": 0.0,
  "std_advantage": 0.34796327352523804,
  "num_groups": 32.0
}
