{
  "type": "rollout",
  "ei_step": 4,
  "num_questions": 512,
  "rollouts_per_question": 2,
  "num_rollouts": 1024,
  "num_accepted": 231,
  "accepted_fraction": 0.2255859375,
  "question_coverage_with_accept": 0.34375,
  "reward": 0.2255859375,
  "format_accuracy": 0.90234375,
  "answer_accuracy": 0.2255859375,
  "avg_token_entropy": 1.130385398864746,
  "avg_accepted_token_entropy": 0.8681091044372294,
  "avg_response_token_length": 86.91796875,
  "avg_accepted_response_token_length": 72.74891774891775,
  "rollout_seconds": 24.645982027053833
}
