{
  "type": "rollout",
  "grpo_step": 193,
  "num_questions": 32,
  "group_size": 8.0,
  "num_rollouts": 256,
  "reward": 0.8125,
  "format_accuracy": 0.984375,
  "answer_accuracy": 0.8125,
  "avg_response_token_length": 457.34765625,
  "rollout_seconds": 14.922558307647705,
  "mean_reward": 0.8125,
  "std_reward": 0.3910769522190094,
  "min_reward": 0.0,
  "max_reward": 1.0,
  "mean_advantage": -2.3283064365386963e-09,
  "std_advantage": 0.5739427208900452,
  "num_groups": 32.0
}
