{
  "type": "rollout",
  "grpo_step": 149,
  "num_questions": 32,
  "group_size": 8.0,
  "num_rollouts": 256,
  "reward": 0.58203125,
  "format_accuracy": 0.76171875,
  "answer_accuracy": 0.58203125,
  "avg_response_token_length": 484.80078125,
  "rollout_seconds": 16.33330488204956,
  "mean_reward": 0.58203125,
  "std_reward": 0.49419113993644714,
  "min_reward": 0.0,
  "max_reward": 1.0,
  "mean_advantage": 0.0,
  "std_advantage": 0.2995094060897827,
  "num_groups": 32.0
}
