{
  "type": "rollout",
  "grpo_step": 106,
  "num_questions": 32,
  "group_size": 8.0,
  "num_rollouts": 256,
  "reward": 0.76171875,
  "format_accuracy": 0.97265625,
  "answer_accuracy": 0.76171875,
  "avg_response_token_length": 361.93359375,
  "rollout_seconds": 13.126878261566162,
  "mean_reward": 0.76171875,
  "std_reward": 0.4268665611743927,
  "min_reward": 0.0,
  "max_reward": 1.0,
  "mean_advantage": 0.0,
  "std_advantage": 0.5739426016807556,
  "num_groups": 32.0
}
