{
  "type": "rollout",
  "grpo_step": 182,
  "num_questions": 32,
  "group_size": 8.0,
  "num_rollouts": 256,
  "reward": 0.39453125,
  "format_accuracy": 0.81640625,
  "answer_accuracy": 0.39453125,
  "avg_response_token_length": 208.28125,
  "rollout_seconds": 9.776887655258179,
  "mean_reward": 0.39453125,
  "std_reward": 0.48970717191696167,
  "min_reward": 0.0,
  "max_reward": 1.0,
  "mean_advantage": 0.0,
  "std_advantage": 0.8116776347160339,
  "num_groups": 32.0
}
