{
  "type": "rollout",
  "grpo_step": 167,
  "num_questions": 32,
  "group_size": 8.0,
  "num_rollouts": 256,
  "reward": 0.59765625,
  "format_accuracy": 0.85546875,
  "answer_accuracy": 0.59765625,
  "avg_response_token_length": 275.00390625,
  "rollout_seconds": 11.859723329544067,
  "mean_reward": 0.59765625,
  "std_reward": 0.4913311004638672,
  "min_reward": 0.0,
  "max_reward": 1.0,
  "mean_advantage": -3.259629011154175e-09,
  "std_advantage": 0.5973784923553467,
  "num_groups": 32.0
}
