{
  "type": "rollout",
  "grpo_step": 17,
  "num_questions": 32,
  "group_size": 8.0,
  "num_rollouts": 256,
  "reward": 0.4140625,
  "format_accuracy": 0.953125,
  "answer_accuracy": 0.4140625,
  "avg_response_token_length": 254.40625,
  "rollout_seconds": 12.150875806808472,
  "mean_reward": 0.4140625,
  "std_reward": 0.4935242533683777,
  "min_reward": 0.0,
  "max_reward": 1.0,
  "mean_advantage": -2.3283064365386963e-09,
  "std_advantage": 0.7771220803260803,
  "num_groups": 32.0
}
