{
  "type": "rollout",
  "grpo_step": 192,
  "num_questions": 32,
  "group_size": 8.0,
  "num_rollouts": 256,
  "reward": 0.29296875,
  "format_accuracy": 0.80859375,
  "answer_accuracy": 0.29296875,
  "avg_response_token_length": 190.609375,
  "rollout_seconds": 16.32291054725647,
  "mean_reward": 0.29296875,
  "std_reward": 0.45601576566696167,
  "min_reward": 0.0,
  "max_reward": 1.0,
  "mean_advantage": 7.450580596923828e-09,
  "std_advantage": 0.8116773962974548,
  "num_groups": 32.0
}
