{
  "type": "rollout",
  "grpo_step": 15,
  "num_questions": 32,
  "group_size": 8.0,
  "num_rollouts": 256,
  "reward": 0.3125,
  "format_accuracy": 0.9140625,
  "answer_accuracy": 0.3125,
  "avg_response_token_length": 109.765625,
  "rollout_seconds": 9.907454490661621,
  "mean_reward": 0.3125,
  "std_reward": 0.4644203782081604,
  "min_reward": 0.0,
  "max_reward": 1.0,
  "mean_advantage": 0.0,
  "std_advantage": 0.3528594672679901,
  "num_groups": 32.0
}
