{
  "type": "rollout",
  "grpo_step": 41,
  "num_questions": 32,
  "group_size": 8.0,
  "num_rollouts": 256,
  "reward": 0.50390625,
  "format_accuracy": 0.9453125,
  "answer_accuracy": 0.50390625,
  "avg_response_token_length": 277.51953125,
  "rollout_seconds": 13.778889179229736,
  "mean_reward": 0.50390625,
  "std_reward": 0.5009641647338867,
  "min_reward": 0.0,
  "max_reward": 1.0,
  "mean_advantage": -9.313225746154785e-10,
  "std_advantage": 0.6627318859100342,
  "num_groups": 32.0
}
