{
  "type": "rollout",
  "grpo_step": 4,
  "num_questions": 32,
  "group_size": 8.0,
  "num_rollouts": 256,
  "reward": 0.28515625,
  "format_accuracy": 0.90234375,
  "answer_accuracy": 0.28515625,
  "avg_response_token_length": 128.359375,
  "rollout_seconds": 7.753217935562134,
  "mean_reward": 0.28515625,
  "std_reward": 0.4523732364177704,
  "min_reward": 0.0,
  "max_reward": 1.0,
  "mean_advantage": 1.862645149230957e-09,
  "std_advantage": 0.7771220803260803,
  "num_groups": 32.0
}
