{
  "type": "rollout",
  "grpo_step": 18,
  "num_questions": 32,
  "group_size": 8.0,
  "num_rollouts": 256,
  "reward": 0.08984375,
  "format_accuracy": 0.33984375,
  "answer_accuracy": 0.08984375,
  "avg_response_token_length": 333.078125,
  "rollout_seconds": 11.98146939277649,
  "mean_reward": 0.08984375,
  "std_reward": 0.2865179181098938,
  "min_reward": 0.0,
  "max_reward": 1.0,
  "mean_advantage": 1.862645149230957e-09,
  "std_advantage": 0.5495082139968872,
  "num_groups": 32.0
}
