{
  "type": "rollout",
  "grpo_step": 326,
  "num_questions": 32,
  "group_size": 8.0,
  "num_rollouts": 256,
  "reward": 0.85546875,
  "format_accuracy": 0.9921875,
  "answer_accuracy": 0.85546875,
  "avg_response_token_length": 347.05859375,
  "rollout_seconds": 9.930299043655396,
  "mean_reward": 0.85546875,
  "std_reward": 0.35231637954711914,
  "min_reward": 0.0,
  "max_reward": 1.0,
  "mean_advantage": -2.3283064365386963e-09,
  "std_advantage": 0.4383558928966522,
  "num_groups": 32.0
}
