{
  "type": "rollout",
  "grpo_step": 326,
  "num_questions": 32,
  "group_size": 8.0,
  "num_rollouts": 256,
  "reward": 0.828125,
  "format_accuracy": 0.9609375,
  "answer_accuracy": 0.828125,
  "avg_response_token_length": 354.01953125,
  "rollout_seconds": 34.76273822784424,
  "mean_reward": 0.828125,
  "std_reward": 0.3780107796192169,
  "min_reward": 0.0,
  "max_reward": 1.0,
  "mean_advantage": 4.656612873077393e-10,
  "std_advantage": 0.4686221480369568,
  "num_groups": 32.0
}
