{
  "type": "rollout",
  "grpo_step": 5,
  "num_questions": 32,
  "group_size": 8.0,
  "num_rollouts": 256,
  "reward": 0.265625,
  "format_accuracy": 0.875,
  "answer_accuracy": 0.265625,
  "avg_response_token_length": 184.49609375,
  "rollout_seconds": 8.879454851150513,
  "mean_reward": 0.265625,
  "std_reward": 0.4425306022167206,
  "min_reward": 0.0,
  "max_reward": 1.0,
  "mean_advantage": 1.862645149230957e-09,
  "std_advantage": 0.7029334902763367,
  "num_groups": 32.0
}
