{
  "type": "rollout",
  "grpo_step": 8,
  "num_questions": 32,
  "group_size": 8.0,
  "num_rollouts": 256,
  "reward": 0.140625,
  "format_accuracy": 0.3984375,
  "answer_accuracy": 0.140625,
  "avg_response_token_length": 286.2734375,
  "rollout_seconds": 12.083363056182861,
  "mean_reward": 0.140625,
  "std_reward": 0.3483152687549591,
  "min_reward": 0.0,
  "max_reward": 1.0,
  "mean_advantage": 6.51925802230835e-09,
  "std_advantage": 0.6831284165382385,
  "num_groups": 32.0
}
