{
  "type": "rollout",
  "grpo_step": 129,
  "num_questions": 32,
  "group_size": 8.0,
  "num_rollouts": 256,
  "reward": 0.21484375,
  "format_accuracy": 1.0,
  "answer_accuracy": 0.21484375,
  "avg_response_token_length": 16.0,
  "rollout_seconds": 1.3474171161651611,
  "mean_reward": 0.21484375,
  "std_reward": 0.4115184545516968,
  "min_reward": 0.0,
  "max_reward": 1.0,
  "mean_advantage": 3.4924596548080444e-10,
  "std_advantage": 0.2343110740184784,
  "num_groups": 32.0
}
