{
  "type": "rollout",
  "grpo_step": 129,
  "num_questions": 32,
  "group_size": 8.0,
  "num_rollouts": 256,
  "reward": 0.62109375,
  "format_accuracy": 0.87109375,
  "answer_accuracy": 0.62109375,
  "avg_response_token_length": 377.69140625,
  "rollout_seconds": 13.355751037597656,
  "mean_reward": 0.62109375,
  "std_reward": 0.48606500029563904,
  "min_reward": 0.0,
  "max_reward": 1.0,
  "mean_advantage": 0.0,
  "std_advantage": 0.32614803314208984,
  "num_groups": 32.0
}
