{
  "type": "rollout",
  "grpo_step": 90,
  "num_questions": 32,
  "group_size": 8.0,
  "num_rollouts": 256,
  "reward": 0.71875,
  "format_accuracy": 0.9296875,
  "answer_accuracy": 0.71875,
  "avg_response_token_length": 352.6875,
  "rollout_seconds": 12.308264255523682,
  "mean_reward": 0.71875,
  "std_reward": 0.45048993825912476,
  "min_reward": 0.0,
  "max_reward": 1.0,
  "mean_advantage": -2.3283064365386963e-09,
  "std_advantage": 0.4970490038394928,
  "num_groups": 32.0
}
