{
  "type": "rollout",
  "grpo_step": 19,
  "num_questions": 32,
  "group_size": 8.0,
  "num_rollouts": 256,
  "reward": 0.453125,
  "format_accuracy": 0.84765625,
  "answer_accuracy": 0.453125,
  "avg_response_token_length": 288.4921875,
  "rollout_seconds": 11.107298851013184,
  "mean_reward": 0.453125,
  "std_reward": 0.4987730085849762,
  "min_reward": 0.0,
  "max_reward": 1.0,
  "mean_advantage": -1.862645149230957e-09,
  "std_advantage": 0.8609139919281006,
  "num_groups": 32.0
}
