{
  "type": "rollout",
  "grpo_step": 158,
  "num_questions": 32,
  "group_size": 8.0,
  "num_rollouts": 256,
  "reward": 0.78515625,
  "format_accuracy": 0.9609375,
  "answer_accuracy": 0.78515625,
  "avg_response_token_length": 340.73046875,
  "rollout_seconds": 12.144002676010132,
  "mean_reward": 0.78515625,
  "std_reward": 0.4115184545516968,
  "min_reward": 0.0,
  "max_reward": 1.0,
  "mean_advantage": 0.0,
  "std_advantage": 0.24753688275814056,
  "num_groups": 32.0
}
