{
  "type": "rollout",
  "grpo_step": 128,
  "num_questions": 32,
  "group_size": 8.0,
  "num_rollouts": 256,
  "reward": 0.80859375,
  "format_accuracy": 0.921875,
  "answer_accuracy": 0.80859375,
  "avg_response_token_length": 520.09375,
  "rollout_seconds": 16.06024694442749,
  "mean_reward": 0.80859375,
  "std_reward": 0.39417868852615356,
  "min_reward": 0.0,
  "max_reward": 1.0,
  "mean_advantage": -3.026798367500305e-09,
  "std_advantage": 0.6416873335838318,
  "num_groups": 32.0
}
