{
  "type": "rollout",
  "grpo_step": 113,
  "num_questions": 32,
  "group_size": 8.0,
  "num_rollouts": 256,
  "reward": 0.71875,
  "format_accuracy": 0.95703125,
  "answer_accuracy": 0.71875,
  "avg_response_token_length": 353.98828125,
  "rollout_seconds": 9.691424131393433,
  "mean_reward": 0.71875,
  "std_reward": 0.45048993825912476,
  "min_reward": 0.0,
  "max_reward": 1.0,
  "mean_advantage": -1.862645149230957e-09,
  "std_advantage": 0.4383559823036194,
  "num_groups": 32.0
}
