{
  "type": "rollout",
  "grpo_step": 110,
  "num_questions": 32,
  "group_size": 8.0,
  "num_rollouts": 256,
  "reward": 0.2890625,
  "format_accuracy": 1.0,
  "answer_accuracy": 0.2890625,
  "avg_response_token_length": 15.890625,
  "rollout_seconds": 3.5289342403411865,
  "mean_reward": 0.2890625,
  "std_reward": 0.45421501994132996,
  "min_reward": 0.0,
  "max_reward": 1.0,
  "mean_advantage": -1.3969838619232178e-09,
  "std_advantage": 0.2869713604450226,
  "num_groups": 32.0
}
