{
  "type": "rollout",
  "grpo_step": 7,
  "num_questions": 32,
  "group_size": 8.0,
  "num_rollouts": 256,
  "reward": 0.16015625,
  "format_accuracy": 0.859375,
  "answer_accuracy": 0.16015625,
  "avg_response_token_length": 62.9140625,
  "rollout_seconds": 6.791306018829346,
  "mean_reward": 0.16015625,
  "std_reward": 0.36746931076049805,
  "min_reward": 0.0,
  "max_reward": 1.0,
  "mean_advantage": 2.3283064365386963e-09,
  "std_advantage": 0.4383558928966522,
  "num_groups": 32.0
}
