{
  "type": "rollout",
  "grpo_step": 187,
  "num_questions": 32,
  "group_size": 8.0,
  "num_rollouts": 256,
  "reward": 0.30859375,
  "format_accuracy": 0.76171875,
  "answer_accuracy": 0.30859375,
  "avg_response_token_length": 279.98046875,
  "rollout_seconds": 11.284118175506592,
  "mean_reward": 0.30859375,
  "std_reward": 0.46281784772872925,
  "min_reward": 0.0,
  "max_reward": 1.0,
  "mean_advantage": 0.0,
  "std_advantage": 0.3535533845424652,
  "num_groups": 32.0
}
