{
  "type": "rollout",
  "grpo_step": 140,
  "num_questions": 32,
  "group_size": 8.0,
  "num_rollouts": 256,
  "reward": 0.73046875,
  "format_accuracy": 0.92578125,
  "answer_accuracy": 0.73046875,
  "avg_response_token_length": 405.109375,
  "rollout_seconds": 13.67116665840149,
  "mean_reward": 0.73046875,
  "std_reward": 0.4445854723453522,
  "min_reward": 0.0,
  "max_reward": 1.0,
  "mean_advantage": -6.51925802230835e-09,
  "std_advantage": 0.6627317070960999,
  "num_groups": 32.0
}
