{
  "type": "rollout",
  "grpo_step": 272,
  "num_questions": 32,
  "group_size": 8.0,
  "num_rollouts": 256,
  "reward": 0.8046875,
  "format_accuracy": 0.91796875,
  "answer_accuracy": 0.8046875,
  "avg_response_token_length": 425.1796875,
  "rollout_seconds": 14.98166561126709,
  "mean_reward": 0.8046875,
  "std_reward": 0.39721766114234924,
  "min_reward": 0.0,
  "max_reward": 1.0,
  "mean_advantage": -1.862645149230957e-09,
  "std_advantage": 0.549508273601532,
  "num_groups": 32.0
}
