{
  "type": "rollout",
  "grpo_step": 5,
  "num_questions": 32,
  "group_size": 8.0,
  "num_rollouts": 256,
  "reward": 0.42578125,
  "format_accuracy": 0.60546875,
  "answer_accuracy": 0.42578125,
  "avg_response_token_length": 339.53125,
  "rollout_seconds": 12.454822063446045,
  "mean_reward": 0.42578125,
  "std_reward": 0.49542948603630066,
  "min_reward": 0.0,
  "max_reward": 1.0,
  "mean_advantage": -3.725290298461914e-09,
  "std_advantage": 0.8116776943206787,
  "num_groups": 32.0
}
