{
  "type": "rollout",
  "grpo_step": 67,
  "num_questions": 32,
  "group_size": 8.0,
  "num_rollouts": 256,
  "reward": 0.109375,
  "format_accuracy": 0.9296875,
  "answer_accuracy": 0.109375,
  "avg_response_token_length": 49.15625,
  "rollout_seconds": 6.145130634307861,
  "mean_reward": 0.109375,
  "std_reward": 0.31272050738334656,
  "min_reward": 0.0,
  "max_reward": 1.0,
  "mean_advantage": 1.862645149230957e-09,
  "std_advantage": 0.4383559823036194,
  "num_groups": 32.0
}
