{
  "type": "rollout",
  "grpo_step": 8,
  "num_questions": 32,
  "group_size": 8.0,
  "num_rollouts": 256,
  "reward": 0.14453125,
  "format_accuracy": 0.859375,
  "answer_accuracy": 0.14453125,
  "avg_response_token_length": 76.0546875,
  "rollout_seconds": 7.080601692199707,
  "mean_reward": 0.14453125,
  "std_reward": 0.35231637954711914,
  "min_reward": 0.0,
  "max_reward": 1.0,
  "mean_advantage": 4.656612873077393e-10,
  "std_advantage": 0.23431117832660675,
  "num_groups": 32.0
}
