{
  "type": "rollout",
  "grpo_step": 147,
  "num_questions": 32,
  "group_size": 8.0,
  "num_rollouts": 256,
  "reward": 0.6640625,
  "format_accuracy": 0.84765625,
  "answer_accuracy": 0.6640625,
  "avg_response_token_length": 480.0625,
  "rollout_seconds": 15.770557403564453,
  "mean_reward": 0.6640625,
  "std_reward": 0.4732423722743988,
  "min_reward": 0.0,
  "max_reward": 1.0,
  "mean_advantage": -3.725290298461914e-09,
  "std_advantage": 0.6416874527931213,
  "num_groups": 32.0
}
