{
  "type": "rollout",
  "grpo_step": 43,
  "num_questions": 32,
  "group_size": 8.0,
  "num_rollouts": 256,
  "reward": 0.5625,
  "format_accuracy": 0.953125,
  "answer_accuracy": 0.5625,
  "avg_response_token_length": 325.6640625,
  "rollout_seconds": 11.963711261749268,
  "mean_reward": 0.5625,
  "std_reward": 0.49705013632774353,
  "min_reward": 0.0,
  "max_reward": 1.0,
  "mean_advantage": -9.313225746154785e-10,
  "std_advantage": 0.7221955060958862,
  "num_groups": 32.0
}
