{
  "type": "rollout",
  "grpo_step": 4,
  "num_questions": 32,
  "group_size": 8.0,
  "num_rollouts": 256,
  "reward": 0.0390625,
  "format_accuracy": 0.1171875,
  "answer_accuracy": 0.0390625,
  "avg_response_token_length": 589.25,
  "rollout_seconds": 18.884161233901978,
  "mean_reward": 0.0390625,
  "std_reward": 0.19412322342395782,
  "min_reward": 0.0,
  "max_reward": 1.0,
  "mean_advantage": 3.725290298461914e-09,
  "std_advantage": 0.468622088432312,
  "num_groups": 32.0
}
