{
  "type": "rollout",
  "grpo_step": 36,
  "num_questions": 32,
  "group_size": 8.0,
  "num_rollouts": 256,
  "reward": 0.15625,
  "format_accuracy": 0.69921875,
  "answer_accuracy": 0.15625,
  "avg_response_token_length": 176.125,
  "rollout_seconds": 10.195435285568237,
  "mean_reward": 0.15625,
  "std_reward": 0.3638034462928772,
  "min_reward": 0.0,
  "max_reward": 1.0,
  "mean_advantage": -1.6298145055770874e-09,
  "std_advantage": 0.5495083332061768,
  "num_groups": 32.0
}
