{
  "type": "rollout",
  "grpo_step": 148,
  "num_questions": 32,
  "group_size": 8.0,
  "num_rollouts": 256,
  "reward": 0.6015625,
  "format_accuracy": 0.96875,
  "answer_accuracy": 0.6015625,
  "avg_response_token_length": 241.671875,
  "rollout_seconds": 10.08005404472351,
  "mean_reward": 0.6015625,
  "std_reward": 0.4905354082584381,
  "min_reward": 0.0,
  "max_reward": 1.0,
  "mean_advantage": 4.6566128730773926e-09,
  "std_advantage": 0.6416873335838318,
  "num_groups": 32.0
}
