{
  "type": "rollout",
  "grpo_step": 49,
  "num_questions": 32,
  "group_size": 8.0,
  "num_rollouts": 256,
  "reward": 0.24609375,
  "format_accuracy": 0.953125,
  "answer_accuracy": 0.24609375,
  "avg_response_token_length": 37.390625,
  "rollout_seconds": 5.050534009933472,
  "mean_reward": 0.24609375,
  "std_reward": 0.43157756328582764,
  "min_reward": 0.0,
  "max_reward": 1.0,
  "mean_advantage": 0.0,
  "std_advantage": 0.5495080947875977,
  "num_groups": 32.0
}
