{
  "type": "rollout",
  "grpo_step": 187,
  "num_questions": 32,
  "group_size": 8.0,
  "num_rollouts": 256,
  "reward": 0.66796875,
  "format_accuracy": 0.91015625,
  "answer_accuracy": 0.66796875,
  "avg_response_token_length": 232.6328125,
  "rollout_seconds": 9.922706127166748,
  "mean_reward": 0.66796875,
  "std_reward": 0.47186464071273804,
  "min_reward": 0.0,
  "max_reward": 1.0,
  "mean_advantage": -4.6566128730773926e-09,
  "std_advantage": 0.6627321243286133,
  "num_groups": 32.0
}
