{
  "type": "rollout",
  "grpo_step": 189,
  "num_questions": 32,
  "group_size": 8.0,
  "num_rollouts": 256,
  "reward": 0.8359375,
  "format_accuracy": 0.9609375,
  "answer_accuracy": 0.8359375,
  "avg_response_token_length": 400.04296875,
  "rollout_seconds": 26.294296503067017,
  "mean_reward": 0.8359375,
  "std_reward": 0.3710577189922333,
  "min_reward": 0.0,
  "max_reward": 1.0,
  "mean_advantage": 0.0,
  "std_advantage": 0.246544748544693,
  "num_groups": 32.0
}
