{
  "type": "rollout",
  "grpo_step": 2,
  "num_questions": 32,
  "group_size": 8.0,
  "num_rollouts": 256,
  "reward": 0.16796875,
  "format_accuracy": 0.8046875,
  "answer_accuracy": 0.16796875,
  "avg_response_token_length": 130.89453125,
  "rollout_seconds": 7.9731667041778564,
  "mean_reward": 0.16796875,
  "std_reward": 0.3745708465576172,
  "min_reward": 0.0,
  "max_reward": 1.0,
  "mean_advantage": 0.0,
  "std_advantage": 0.301141619682312,
  "num_groups": 32.0
}
