{
  "type": "rollout",
  "grpo_step": 140,
  "num_questions": 32,
  "group_size": 8.0,
  "num_rollouts": 256,
  "reward": 0.43359375,
  "format_accuracy": 0.8515625,
  "answer_accuracy": 0.43359375,
  "avg_response_token_length": 305.32421875,
  "rollout_seconds": 11.749844312667847,
  "mean_reward": 0.43359375,
  "std_reward": 0.4965413510799408,
  "min_reward": 0.0,
  "max_reward": 1.0,
  "mean_advantage": 4.6566128730773926e-09,
  "std_advantage": 0.6416875720024109,
  "num_groups": 32.0
}
