{
  "type": "rollout",
  "grpo_step": 14,
  "num_questions": 32,
  "group_size": 8.0,
  "num_rollouts": 256,
  "reward": 0.578125,
  "format_accuracy": 0.90625,
  "answer_accuracy": 0.578125,
  "avg_response_token_length": 285.01953125,
  "rollout_seconds": 10.974589586257935,
  "mean_reward": 0.578125,
  "std_reward": 0.49482616782188416,
  "min_reward": 0.0,
  "max_reward": 1.0,
  "mean_advantage": 5.587935447692871e-09,
  "std_advantage": 0.7221953272819519,
  "num_groups": 32.0
}
