{
  "type": "rollout",
  "grpo_step": 131,
  "num_questions": 32,
  "group_size": 8.0,
  "num_rollouts": 256,
  "reward": 0.36328125,
  "format_accuracy": 0.99609375,
  "answer_accuracy": 0.36328125,
  "avg_response_token_length": 15.640625,
  "rollout_seconds": 1.3345589637756348,
  "mean_reward": 0.36328125,
  "std_reward": 0.48188698291778564,
  "min_reward": 0.0,
  "max_reward": 1.0,
  "mean_advantage": -9.313225746154785e-10,
  "std_advantage": 0.438355952501297,
  "num_groups": 32.0
}
