{
  "type": "rollout",
  "grpo_step": 172,
  "num_questions": 32,
  "group_size": 8.0,
  "num_rollouts": 256,
  "reward": 0.796875,
  "format_accuracy": 0.98046875,
  "answer_accuracy": 0.796875,
  "avg_response_token_length": 464.53515625,
  "rollout_seconds": 14.807077884674072,
  "mean_reward": 0.796875,
  "std_reward": 0.40311288833618164,
  "min_reward": 0.0,
  "max_reward": 1.0,
  "mean_advantage": 4.656612873077393e-10,
  "std_advantage": 0.4686222970485687,
  "num_groups": 32.0
}
