{
  "type": "rollout",
  "grpo_step": 172,
  "num_questions": 32,
  "group_size": 8.0,
  "num_rollouts": 256,
  "reward": 0.81640625,
  "format_accuracy": 0.9921875,
  "answer_accuracy": 0.81640625,
  "avg_response_token_length": 478.078125,
  "rollout_seconds": 15.592637062072754,
  "mean_reward": 0.81640625,
  "std_reward": 0.3879109025001526,
  "min_reward": 0.0,
  "max_reward": 1.0,
  "mean_advantage": 0.0,
  "std_advantage": 0.2311522662639618,
  "num_groups": 32.0
}
