{
  "type": "rollout",
  "grpo_step": 40,
  "num_questions": 32,
  "group_size": 8.0,
  "num_rollouts": 256,
  "reward": 0.171875,
  "format_accuracy": 0.73828125,
  "answer_accuracy": 0.171875,
  "avg_response_token_length": 92.85546875,
  "rollout_seconds": 7.322022914886475,
  "mean_reward": 0.171875,
  "std_reward": 0.3780107796192169,
  "min_reward": 0.0,
  "max_reward": 1.0,
  "mean_advantage": -1.862645149230957e-09,
  "std_advantage": 0.6416875123977661,
  "num_groups": 32.0
}
