{
  "type": "rollout",
  "grpo_step": 183,
  "num_questions": 32,
  "group_size": 8.0,
  "num_rollouts": 256,
  "reward": 0.84765625,
  "format_accuracy": 0.98046875,
  "answer_accuracy": 0.84765625,
  "avg_response_token_length": 447.96875,
  "rollout_seconds": 14.83643126487732,
  "mean_reward": 0.84765625,
  "std_reward": 0.36005768179893494,
  "min_reward": 0.0,
  "max_reward": 1.0,
  "mean_advantage": 0.0,
  "std_advantage": 0.20412415266036987,
  "num_groups": 32.0
}
