{
  "type": "rollout",
  "grpo_step": 143,
  "num_questions": 32,
  "group_size": 8.0,
  "num_rollouts": 256,
  "reward": 0.75,
  "format_accuracy": 0.8984375,
  "answer_accuracy": 0.75,
  "avg_response_token_length": 413.15234375,
  "rollout_seconds": 13.846655130386353,
  "mean_reward": 0.75,
  "std_reward": 0.4338609278202057,
  "min_reward": 0.0,
  "max_reward": 1.0,
  "mean_advantage": -1.280568540096283e-09,
  "std_advantage": 0.5239354372024536,
  "num_groups": 32.0
}
