{
  "type": "rollout",
  "grpo_step": 173,
  "num_questions": 32,
  "group_size": 8.0,
  "num_rollouts": 256,
  "reward": 0.78125,
  "format_accuracy": 0.94140625,
  "answer_accuracy": 0.78125,
  "avg_response_token_length": 385.05078125,
  "rollout_seconds": 13.635052919387817,
  "mean_reward": 0.78125,
  "std_reward": 0.41420844197273254,
  "min_reward": 0.0,
  "max_reward": 1.0,
  "mean_advantage": 2.7939677238464355e-09,
  "std_advantage": 0.438355952501297,
  "num_groups": 32.0
}
