{
  "type": "rollout",
  "grpo_step": 194,
  "num_questions": 32,
  "group_size": 8.0,
  "num_rollouts": 256,
  "reward": 0.703125,
  "format_accuracy": 0.91796875,
  "answer_accuracy": 0.703125,
  "avg_response_token_length": 469.23828125,
  "rollout_seconds": 15.656755447387695,
  "mean_reward": 0.703125,
  "std_reward": 0.45777595043182373,
  "min_reward": 0.0,
  "max_reward": 1.0,
  "mean_advantage": 1.862645149230957e-09,
  "std_advantage": 0.438355952501297,
  "num_groups": 32.0
}
