{
  "type": "rollout",
  "grpo_step": 185,
  "num_questions": 32,
  "group_size": 8.0,
  "num_rollouts": 256,
  "reward": 0.83984375,
  "format_accuracy": 0.97265625,
  "answer_accuracy": 0.83984375,
  "avg_response_token_length": 370.54296875,
  "rollout_seconds": 10.536577939987183,
  "mean_reward": 0.83984375,
  "std_reward": 0.36746931076049805,
  "min_reward": 0.0,
  "max_reward": 1.0,
  "mean_advantage": -1.862645149230957e-09,
  "std_advantage": 0.549508273601532,
  "num_groups": 32.0
}
