{
  "type": "rollout",
  "grpo_step": 29,
  "num_questions": 32,
  "group_size": 8.0,
  "num_rollouts": 256,
  "reward": 0.55859375,
  "format_accuracy": 0.9140625,
  "answer_accuracy": 0.55859375,
  "avg_response_token_length": 283.2578125,
  "rollout_seconds": 13.646768569946289,
  "mean_reward": 0.55859375,
  "std_reward": 0.4975275993347168,
  "min_reward": 0.0,
  "max_reward": 1.0,
  "mean_advantage": 0.0,
  "std_advantage": 0.30276504158973694,
  "num_groups": 32.0
}
