{
  "type": "rollout",
  "grpo_step": 6,
  "num_questions": 32,
  "group_size": 8.0,
  "num_rollouts": 256,
  "reward": 0.3359375,
  "format_accuracy": 0.828125,
  "answer_accuracy": 0.3359375,
  "avg_response_token_length": 171.828125,
  "rollout_seconds": 8.470041036605835,
  "mean_reward": 0.3359375,
  "std_reward": 0.4732423722743988,
  "min_reward": 0.0,
  "max_reward": 1.0,
  "mean_advantage": -5.587935447692871e-09,
  "std_advantage": 0.7221953868865967,
  "num_groups": 32.0
}
