{
  "type": "rollout",
  "grpo_step": 23,
  "num_questions": 32,
  "group_size": 8.0,
  "num_rollouts": 256,
  "reward": 0.6328125,
  "format_accuracy": 0.92578125,
  "answer_accuracy": 0.6328125,
  "avg_response_token_length": 373.70703125,
  "rollout_seconds": 13.09248661994934,
  "mean_reward": 0.6328125,
  "std_reward": 0.48298245668411255,
  "min_reward": 0.0,
  "max_reward": 1.0,
  "mean_advantage": 3.725290298461914e-09,
  "std_advantage": 0.7221953868865967,
  "num_groups": 32.0
}
