{
  "type": "rollout",
  "grpo_step": 165,
  "num_questions": 32,
  "group_size": 8.0,
  "num_rollouts": 256,
  "reward": 0.6796875,
  "format_accuracy": 0.94921875,
  "answer_accuracy": 0.6796875,
  "avg_response_token_length": 444.60546875,
  "rollout_seconds": 14.563340187072754,
  "mean_reward": 0.6796875,
  "std_reward": 0.4675106108188629,
  "min_reward": 0.0,
  "max_reward": 1.0,
  "mean_advantage": 0.0,
  "std_advantage": 0.5239355564117432,
  "num_groups": 32.0
}
