{
  "type": "rollout",
  "grpo_step": 49,
  "num_questions": 32,
  "group_size": 8.0,
  "num_rollouts": 256,
  "reward": 0.28125,
  "format_accuracy": 0.97265625,
  "answer_accuracy": 0.28125,
  "avg_response_token_length": 33.83984375,
  "rollout_seconds": 5.6268744468688965,
  "mean_reward": 0.28125,
  "std_reward": 0.45048993825912476,
  "min_reward": 0.0,
  "max_reward": 1.0,
  "mean_advantage": 2.3283064365386963e-09,
  "std_advantage": 0.4970489740371704,
  "num_groups": 32.0
}
