{
  "type": "rollout",
  "grpo_step": 5,
  "num_questions": 32,
  "group_size": 8.0,
  "num_rollouts": 256,
  "reward": 0.3125,
  "format_accuracy": 0.8671875,
  "answer_accuracy": 0.3125,
  "avg_response_token_length": 149.31640625,
  "rollout_seconds": 8.108914613723755,
  "mean_reward": 0.3125,
  "std_reward": 0.4644203782081604,
  "min_reward": 0.0,
  "max_reward": 1.0,
  "mean_advantage": 5.587935447692871e-09,
  "std_advantage": 0.8116775751113892,
  "num_groups": 32.0
}
