{
  "type": "rollout",
  "grpo_step": 29,
  "num_questions": 32,
  "group_size": 8.0,
  "num_rollouts": 256,
  "reward": 0.1875,
  "format_accuracy": 0.5625,
  "answer_accuracy": 0.1875,
  "avg_response_token_length": 262.046875,
  "rollout_seconds": 10.869835138320923,
  "mean_reward": 0.1875,
  "std_reward": 0.3910769522190094,
  "min_reward": 0.0,
  "max_reward": 1.0,
  "mean_advantage": -3.725290298461914e-09,
  "std_advantage": 0.6831284761428833,
  "num_groups": 32.0
}
