{
  "type": "rollout",
  "grpo_step": 122,
  "num_questions": 32,
  "group_size": 8.0,
  "num_rollouts": 256,
  "reward": 0.2890625,
  "format_accuracy": 0.78515625,
  "answer_accuracy": 0.2890625,
  "avg_response_token_length": 316.53515625,
  "rollout_seconds": 11.944890260696411,
  "mean_reward": 0.2890625,
  "std_reward": 0.45421501994132996,
  "min_reward": 0.0,
  "max_reward": 1.0,
  "mean_advantage": 7.450580596923828e-09,
  "std_advantage": 0.6831283569335938,
  "num_groups": 32.0
}
