{
  "type": "rollout",
  "grpo_step": 160,
  "num_questions": 32,
  "group_size": 8.0,
  "num_rollouts": 256,
  "reward": 0.5234375,
  "format_accuracy": 0.89453125,
  "answer_accuracy": 0.5234375,
  "avg_response_token_length": 373.64453125,
  "rollout_seconds": 13.267943143844604,
  "mean_reward": 0.5234375,
  "std_reward": 0.5004287362098694,
  "min_reward": 0.0,
  "max_reward": 1.0,
  "mean_advantage": -1.862645149230957e-09,
  "std_advantage": 0.549508273601532,
  "num_groups": 32.0
}
