{
  "type": "rollout",
  "grpo_step": 99,
  "num_questions": 32,
  "group_size": 8.0,
  "num_rollouts": 256,
  "reward": 0.80859375,
  "format_accuracy": 0.94921875,
  "answer_accuracy": 0.80859375,
  "avg_response_token_length": 358.23046875,
  "rollout_seconds": 12.766920566558838,
  "mean_reward": 0.80859375,
  "std_reward": 0.39417868852615356,
  "min_reward": 0.0,
  "max_reward": 1.0,
  "mean_advantage": -3.725290298461914e-09,
  "std_advantage": 0.5239355564117432,
  "num_groups": 32.0
}
