{
  "type": "rollout",
  "grpo_step": 192,
  "num_questions": 32,
  "group_size": 8.0,
  "num_rollouts": 256,
  "reward": 0.3828125,
  "format_accuracy": 0.76953125,
  "answer_accuracy": 0.3828125,
  "avg_response_token_length": 256.1484375,
  "rollout_seconds": 10.963987827301025,
  "mean_reward": 0.3828125,
  "std_reward": 0.48702529072761536,
  "min_reward": 0.0,
  "max_reward": 1.0,
  "mean_advantage": 0.0,
  "std_advantage": 0.3253956735134125,
  "num_groups": 32.0
}
