{
  "type": "rollout",
  "grpo_step": 149,
  "num_questions": 32,
  "group_size": 8.0,
  "num_rollouts": 256,
  "reward": 0.671875,
  "format_accuracy": 0.90234375,
  "answer_accuracy": 0.671875,
  "avg_response_token_length": 427.76171875,
  "rollout_seconds": 14.706112146377563,
  "mean_reward": 0.671875,
  "std_reward": 0.47045034170150757,
  "min_reward": 0.0,
  "max_reward": 1.0,
  "mean_advantage": -2.7939677238464355e-09,
  "std_advantage": 0.5973783731460571,
  "num_groups": 32.0
}
