{
  "type": "rollout",
  "grpo_step": 122,
  "num_questions": 32,
  "group_size": 8.0,
  "num_rollouts": 256,
  "reward": 0.75,
  "format_accuracy": 0.86328125,
  "answer_accuracy": 0.75,
  "avg_response_token_length": 482.08984375,
  "rollout_seconds": 15.989149570465088,
  "mean_reward": 0.75,
  "std_reward": 0.4338609278202057,
  "min_reward": 0.0,
  "max_reward": 1.0,
  "mean_advantage": 3.725290298461914e-09,
  "std_advantage": 0.5495083332061768,
  "num_groups": 32.0
}
