{
  "type": "rollout",
  "grpo_step": 112,
  "num_questions": 32,
  "group_size": 8.0,
  "num_rollouts": 256,
  "reward": 0.328125,
  "format_accuracy": 0.7734375,
  "answer_accuracy": 0.328125,
  "avg_response_token_length": 192.20703125,
  "rollout_seconds": 9.321965217590332,
  "mean_reward": 0.328125,
  "std_reward": 0.47045034170150757,
  "min_reward": 0.0,
  "max_reward": 1.0,
  "mean_advantage": 1.1641532182693481e-09,
  "std_advantage": 0.7029334306716919,
  "num_groups": 32.0
}
