{
  "type": "rollout",
  "grpo_step": 107,
  "num_questions": 32,
  "group_size": 8.0,
  "num_rollouts": 256,
  "reward": 0.3671875,
  "format_accuracy": 0.8203125,
  "answer_accuracy": 0.3671875,
  "avg_response_token_length": 165.2578125,
  "rollout_seconds": 11.475188732147217,
  "mean_reward": 0.3671875,
  "std_reward": 0.48298245668411255,
  "min_reward": 0.0,
  "max_reward": 1.0,
  "mean_advantage": 3.725290298461914e-09,
  "std_advantage": 0.7945876717567444,
  "num_groups": 32.0
}
