{
  "type": "rollout",
  "grpo_step": 55,
  "num_questions": 32,
  "group_size": 8.0,
  "num_rollouts": 256,
  "reward": 0.2890625,
  "format_accuracy": 0.859375,
  "answer_accuracy": 0.2890625,
  "avg_response_token_length": 133.89453125,
  "rollout_seconds": 8.429733753204346,
  "mean_reward": 0.2890625,
  "std_reward": 0.45421501994132996,
  "min_reward": 0.0,
  "max_reward": 1.0,
  "mean_advantage": -1.862645149230957e-09,
  "std_advantage": 0.497048944234848,
  "num_groups": 32.0
}
