{
  "type": "rollout",
  "grpo_step": 2,
  "num_questions": 32,
  "group_size": 8.0,
  "num_rollouts": 256,
  "reward": 0.2421875,
  "format_accuracy": 0.84765625,
  "answer_accuracy": 0.2421875,
  "avg_response_token_length": 104.9375,
  "rollout_seconds": 7.339959144592285,
  "mean_reward": 0.2421875,
  "std_reward": 0.42924636602401733,
  "min_reward": 0.0,
  "max_reward": 1.0,
  "mean_advantage": 7.450580596923828e-09,
  "std_advantage": 0.7221954464912415,
  "num_groups": 32.0
}
