{
  "type": "rollout",
  "grpo_step": 2,
  "num_questions": 32,
  "group_size": 8.0,
  "num_rollouts": 256,
  "reward": 0.140625,
  "format_accuracy": 0.76171875,
  "answer_accuracy": 0.140625,
  "avg_response_token_length": 140.546875,
  "rollout_seconds": 8.028698444366455,
  "mean_reward": 0.140625,
  "std_reward": 0.3483152687549591,
  "min_reward": 0.0,
  "max_reward": 1.0,
  "mean_advantage": -9.313225746154785e-10,
  "std_advantage": 0.6627318859100342,
  "num_groups": 32.0
}
