{
  "type": "rollout",
  "grpo_step": 76,
  "num_questions": 32,
  "group_size": 8.0,
  "num_rollouts": 256,
  "reward": 0.6875,
  "format_accuracy": 0.91796875,
  "answer_accuracy": 0.6875,
  "avg_response_token_length": 420.15625,
  "rollout_seconds": 19.025057554244995,
  "mean_reward": 0.6875,
  "std_reward": 0.4644203782081604,
  "min_reward": 0.0,
  "max_reward": 1.0,
  "mean_advantage": 1.3969838619232178e-09,
  "std_advantage": 0.5239356160163879,
  "num_groups": 32.0
}
