{
  "type": "rollout",
  "grpo_step": 186,
  "num_questions": 32,
  "group_size": 8.0,
  "num_rollouts": 256,
  "reward": 0.75390625,
  "format_accuracy": 0.9140625,
  "answer_accuracy": 0.75390625,
  "avg_response_token_length": 358.46484375,
  "rollout_seconds": 13.39413070678711,
  "mean_reward": 0.75390625,
  "std_reward": 0.43157756328582764,
  "min_reward": 0.0,
  "max_reward": 1.0,
  "mean_advantage": 3.725290298461914e-09,
  "std_advantage": 0.5739427208900452,
  "num_groups": 32.0
}
