{
  "type": "rollout",
  "grpo_step": 63,
  "num_questions": 32,
  "group_size": 8.0,
  "num_rollouts": 256,
  "reward": 0.265625,
  "format_accuracy": 0.8046875,
  "answer_accuracy": 0.265625,
  "avg_response_token_length": 110.90234375,
  "rollout_seconds": 6.9201133251190186,
  "mean_reward": 0.265625,
  "std_reward": 0.4425306022167206,
  "min_reward": 0.0,
  "max_reward": 1.0,
  "mean_advantage": 7.450580596923828e-09,
  "std_advantage": 0.7409567832946777,
  "num_groups": 32.0
}
