{
  "type": "rollout",
  "grpo_step": 180,
  "num_questions": 32,
  "group_size": 8.0,
  "num_rollouts": 256,
  "reward": 0.6796875,
  "format_accuracy": 0.98828125,
  "answer_accuracy": 0.6796875,
  "avg_response_token_length": 472.8671875,
  "rollout_seconds": 16.088762283325195,
  "mean_reward": 0.6796875,
  "std_reward": 0.4675106108188629,
  "min_reward": 0.0,
  "max_reward": 1.0,
  "mean_advantage": -1.6298145055770874e-09,
  "std_advantage": 0.5239354968070984,
  "num_groups": 32.0
}
