{
  "type": "rollout",
  "grpo_step": 127,
  "num_questions": 32,
  "group_size": 8.0,
  "num_rollouts": 256,
  "reward": 0.31640625,
  "format_accuracy": 0.99609375,
  "answer_accuracy": 0.31640625,
  "avg_response_token_length": 15.5234375,
  "rollout_seconds": 1.321835994720459,
  "mean_reward": 0.31640625,
  "std_reward": 0.4659844934940338,
  "min_reward": 0.0,
  "max_reward": 1.0,
  "mean_advantage": -5.122274160385132e-09,
  "std_advantage": 0.49704882502555847,
  "num_groups": 32.0
}
