{
  "type": "rollout",
  "grpo_step": 89,
  "num_questions": 32,
  "group_size": 8.0,
  "num_rollouts": 256,
  "reward": 0.70703125,
  "format_accuracy": 0.96484375,
  "answer_accuracy": 0.70703125,
  "avg_response_token_length": 246.52734375,
  "rollout_seconds": 11.121196269989014,
  "mean_reward": 0.70703125,
  "std_reward": 0.45601576566696167,
  "min_reward": 0.0,
  "max_reward": 1.0,
  "mean_advantage": -4.6566128730773926e-09,
  "std_advantage": 0.6416873931884766,
  "num_groups": 32.0
}
