{
  "type": "rollout",
  "grpo_step": 4,
  "num_questions": 32,
  "group_size": 8.0,
  "num_rollouts": 256,
  "reward": 0.36328125,
  "format_accuracy": 0.8125,
  "answer_accuracy": 0.36328125,
  "avg_response_token_length": 266.1015625,
  "rollout_seconds": 8.319067478179932,
  "mean_reward": 0.36328125,
  "std_reward": 0.48188698291778564,
  "min_reward": 0.0,
  "max_reward": 1.0,
  "mean_advantage": 3.725290298461914e-09,
  "std_advantage": 0.8116776347160339,
  "num_groups": 32.0
}
