{
  "type": "rollout",
  "grpo_step": 385,
  "num_questions": 32,
  "group_size": 8.0,
  "num_rollouts": 256,
  "reward": 0.83203125,
  "format_accuracy": 0.9765625,
  "answer_accuracy": 0.83203125,
  "avg_response_token_length": 350.54296875,
  "rollout_seconds": 12.353867530822754,
  "mean_reward": 0.83203125,
  "std_reward": 0.3745708465576172,
  "min_reward": 0.0,
  "max_reward": 1.0,
  "mean_advantage": 1.862645149230957e-09,
  "std_advantage": 0.5239356160163879,
  "num_groups": 32.0
}
