{
  "type": "rollout",
  "grpo_step": 139,
  "num_questions": 32,
  "group_size": 8.0,
  "num_rollouts": 256,
  "reward": 0.71484375,
  "format_accuracy": 0.94921875,
  "answer_accuracy": 0.71484375,
  "avg_response_token_length": 419.89453125,
  "rollout_seconds": 14.044862985610962,
  "mean_reward": 0.71484375,
  "std_reward": 0.4523732364177704,
  "min_reward": 0.0,
  "max_reward": 1.0,
  "mean_advantage": -2.7939677238464355e-09,
  "std_advantage": 0.49704885482788086,
  "num_groups": 32.0
}
