{
  "type": "rollout",
  "grpo_step": 132,
  "num_questions": 32,
  "group_size": 8.0,
  "num_rollouts": 256,
  "reward": 0.75390625,
  "format_accuracy": 0.9921875,
  "answer_accuracy": 0.75390625,
  "avg_response_token_length": 279.14453125,
  "rollout_seconds": 11.16904902458191,
  "mean_reward": 0.75390625,
  "std_reward": 0.43157756328582764,
  "min_reward": 0.0,
  "max_reward": 1.0,
  "mean_advantage": -4.190951585769653e-09,
  "std_advantage": 0.4686221778392792,
  "num_groups": 32.0
}
