{
  "type": "rollout",
  "grpo_step": 214,
  "num_questions": 32,
  "group_size": 8.0,
  "num_rollouts": 256,
  "reward": 0.609375,
  "format_accuracy": 0.9609375,
  "answer_accuracy": 0.609375,
  "avg_response_token_length": 378.2421875,
  "rollout_seconds": 13.815540790557861,
  "mean_reward": 0.609375,
  "std_reward": 0.48884618282318115,
  "min_reward": 0.0,
  "max_reward": 1.0,
  "mean_advantage": 3.725290298461914e-09,
  "std_advantage": 0.6416873931884766,
  "num_groups": 32.0
}
