{
  "type": "rollout",
  "grpo_step": 92,
  "num_questions": 32,
  "group_size": 8.0,
  "num_rollouts": 256,
  "reward": 0.38671875,
  "format_accuracy": 0.63671875,
  "answer_accuracy": 0.38671875,
  "avg_response_token_length": 484.8828125,
  "rollout_seconds": 15.539711952209473,
  "mean_reward": 0.38671875,
  "std_reward": 0.4879522919654846,
  "min_reward": 0.0,
  "max_reward": 1.0,
  "mean_advantage": -9.313225746154785e-10,
  "std_advantage": 0.49704885482788086,
  "num_groups": 32.0
}
