{
  "type": "rollout",
  "grpo_step": 135,
  "num_questions": 32,
  "group_size": 8.0,
  "num_rollouts": 256,
  "reward": 0.25,
  "format_accuracy": 0.58203125,
  "answer_accuracy": 0.25,
  "avg_response_token_length": 409.16015625,
  "rollout_seconds": 14.278177261352539,
  "mean_reward": 0.25,
  "std_reward": 0.4338609278202057,
  "min_reward": 0.0,
  "max_reward": 1.0,
  "mean_advantage": 0.0,
  "std_advantage": 0.3268986642360687,
  "num_groups": 32.0
}
