{
  "type": "rollout",
  "grpo_step": 99,
  "num_questions": 32,
  "group_size": 8.0,
  "num_rollouts": 256,
  "reward": 0.421875,
  "format_accuracy": 0.5859375,
  "answer_accuracy": 0.421875,
  "avg_response_token_length": 526.625,
  "rollout_seconds": 16.438811779022217,
  "mean_reward": 0.421875,
  "std_reward": 0.49482616782188416,
  "min_reward": 0.0,
  "max_reward": 1.0,
  "mean_advantage": 2.7939677238464355e-09,
  "std_advantage": 0.549508273601532,
  "num_groups": 32.0
}
