{
  "num_examples": 1024,
  "reward": 0.0380859375,
  "format_accuracy": 0.1806640625,
  "answer_accuracy": 0.0380859375,
  "temperature": 1.0,
  "top_p": 1.0,
  "max_tokens": 1024,
  "stop": "</answer>",
  "include_stop_str_in_output": true,
  "eval_seconds": 45.48549222946167
}
