{
  "type": "rollout",
  "grpo_step": 106,
  "num_questions": 32,
  "group_size": 8.0,
  "num_rollouts": 256,
  "reward": 0.796875,
  "format_accuracy": 0.9296875,
  "answer_accuracy": 0.796875,
  "avg_response_token_length": 489.55078125,
  "rollout_seconds": 15.207313060760498,
  "mean_reward": 0.796875,
  "std_reward": 0.40311288833618164,
  "min_reward": 0.0,
  "max_reward": 1.0,
  "mean_advantage": -4.6566128730773926e-09,
  "std_advantage": 0.5739424824714661,
  "num_groups": 32.0
}
