{
  "type": "rollout",
  "grpo_step": 33,
  "num_questions": 32,
  "group_size": 8.0,
  "num_rollouts": 256,
  "reward": 0.1015625,
  "format_accuracy": 0.41796875,
  "answer_accuracy": 0.1015625,
  "avg_response_token_length": 99.703125,
  "rollout_seconds": 7.480096340179443,
  "mean_reward": 0.1015625,
  "std_reward": 0.3026638329029083,
  "min_reward": 0.0,
  "max_reward": 1.0,
  "mean_advantage": 0.0,
  "std_advantage": 0.19045868515968323,
  "num_groups": 32.0
}
