{
  "type": "rollout",
  "grpo_step": 15,
  "num_questions": 32,
  "group_size": 8.0,
  "num_rollouts": 256,
  "reward": 0.2265625,
  "format_accuracy": 0.625,
  "answer_accuracy": 0.2265625,
  "avg_response_token_length": 292.63671875,
  "rollout_seconds": 11.166917324066162,
  "mean_reward": 0.2265625,
  "std_reward": 0.41942712664604187,
  "min_reward": 0.0,
  "max_reward": 1.0,
  "mean_advantage": 3.259629011154175e-09,
  "std_advantage": 0.6831284761428833,
  "num_groups": 32.0
}
