{
  "type": "rollout",
  "grpo_step": 13,
  "num_questions": 32,
  "group_size": 8.0,
  "num_rollouts": 256,
  "reward": 0.35546875,
  "format_accuracy": 0.50390625,
  "answer_accuracy": 0.35546875,
  "avg_response_token_length": 420.18359375,
  "rollout_seconds": 15.764636754989624,
  "mean_reward": 0.35546875,
  "std_reward": 0.4795927405357361,
  "min_reward": 0.0,
  "max_reward": 1.0,
  "mean_advantage": 8.381903171539307e-09,
  "std_advantage": 0.8116775751113892,
  "num_groups": 32.0
}
