{
  "type": "rollout",
  "grpo_step": 108,
  "num_questions": 32,
  "group_size": 8.0,
  "num_rollouts": 256,
  "reward": 0.3125,
  "format_accuracy": 0.80078125,
  "answer_accuracy": 0.3125,
  "avg_response_token_length": 186.38671875,
  "rollout_seconds": 12.4442777633667,
  "mean_reward": 0.3125,
  "std_reward": 0.4644203782081604,
  "min_reward": 0.0,
  "max_reward": 1.0,
  "mean_advantage": 0.0,
  "std_advantage": 0.7592548727989197,
  "num_groups": 32.0
}
