{
  "type": "rollout",
  "grpo_step": 106,
  "num_questions": 32,
  "group_size": 8.0,
  "num_rollouts": 256,
  "reward": 0.4921875,
  "format_accuracy": 0.9765625,
  "answer_accuracy": 0.4921875,
  "avg_response_token_length": 34.296875,
  "rollout_seconds": 5.698794364929199,
  "mean_reward": 0.4921875,
  "std_reward": 0.5009182691574097,
  "min_reward": 0.0,
  "max_reward": 1.0,
  "mean_advantage": -2.7939677238464355e-09,
  "std_advantage": 0.468622088432312,
  "num_groups": 32.0
}
