{
  "num_examples": 3199,
  "reward": 0.2150672085026571,
  "format_accuracy": 0.7705532979055955,
  "answer_accuracy": 0.2150672085026571,
  "temperature": 1.0,
  "top_p": 1.0,
  "max_tokens": 1024,
  "stop": "</answer>",
  "include_stop_str_in_output": true,
  "eval_seconds": 162.16370725631714
}
