{
  "num_examples": 3199,
  "reward": 0.0315723663644889,
  "format_accuracy": 0.1716161300406377,
  "answer_accuracy": 0.0315723663644889,
  "temperature": 1.0,
  "top_p": 1.0,
  "max_tokens": 1024,
  "stop": "</answer>",
  "include_stop_str_in_output": true,
  "eval_seconds": 205.48980140686035
}
