{
  "num_examples": 3199,
  "reward": 0.24257580493904346,
  "format_accuracy": 0.8340106283213504,
  "answer_accuracy": 0.24257580493904346,
  "temperature": 1.0,
  "top_p": 1.0,
  "max_tokens": 1024,
  "stop": "</answer>",
  "include_stop_str_in_output": true,
  "eval_seconds": 138.2290403842926
}
