{
  "num_examples": 3199,
  "reward": 0.20537668021256641,
  "format_accuracy": 0.7530478274460769,
  "answer_accuracy": 0.20537668021256641,
  "temperature": 1.0,
  "top_p": 1.0,
  "max_tokens": 1024,
  "stop": "</answer>",
  "include_stop_str_in_output": true,
  "eval_seconds": 164.13573670387268
}
