{
  "type": "rollout",
  "grpo_step": 5,
  "num_questions": 32,
  "group_size": 8.0,
  "num_rollouts": 256,
  "reward": 0.296875,
  "format_accuracy": 0.81640625,
  "answer_accuracy": 0.296875,
  "avg_response_token_length": 136.46484375,
  "rollout_seconds": 7.6288182735443115,
  "mean_reward": 0.296875,
  "std_reward": 0.45777595043182373,
  "min_reward": 0.0,
  "max_reward": 1.0,
  "mean_advantage": 5.587935447692871e-09,
  "std_advantage": 0.7592548727989197,
  "num_groups": 32.0
}
