{
  "type": "rollout",
  "grpo_step": 168,
  "num_questions": 32,
  "group_size": 8.0,
  "num_rollouts": 256,
  "reward": 0.20703125,
  "format_accuracy": 0.53515625,
  "answer_accuracy": 0.20703125,
  "avg_response_token_length": 432.23046875,
  "rollout_seconds": 14.64868712425232,
  "mean_reward": 0.20703125,
  "std_reward": 0.40597182512283325,
  "min_reward": 0.0,
  "max_reward": 1.0,
  "mean_advantage": 0.0,
  "std_advantage": 0.3321055769920349,
  "num_groups": 32.0
}
