{
  "type": "rollout",
  "grpo_step": 39,
  "num_questions": 32,
  "group_size": 8.0,
  "num_rollouts": 256,
  "reward": 0.26953125,
  "format_accuracy": 0.76953125,
  "answer_accuracy": 0.26953125,
  "avg_response_token_length": 61.15625,
  "rollout_seconds": 6.467724561691284,
  "mean_reward": 0.26953125,
  "std_reward": 0.4445854723453522,
  "min_reward": 0.0,
  "max_reward": 1.0,
  "mean_advantage": 6.51925802230835e-09,
  "std_advantage": 0.5973785519599915,
  "num_groups": 32.0
}
