{
  "type": "rollout",
  "grpo_step": 122,
  "num_questions": 32,
  "group_size": 8.0,
  "num_rollouts": 256,
  "reward": 0.671875,
  "format_accuracy": 0.84375,
  "answer_accuracy": 0.671875,
  "avg_response_token_length": 595.1875,
  "rollout_seconds": 18.45668125152588,
  "mean_reward": 0.671875,
  "std_reward": 0.47045034170150757,
  "min_reward": 0.0,
  "max_reward": 1.0,
  "mean_advantage": -2.7939677238464355e-09,
  "std_advantage": 0.662731945514679,
  "num_groups": 32.0
}
