{
  "type": "rollout",
  "grpo_step": 4,
  "num_questions": 32,
  "group_size": 8.0,
  "num_rollouts": 256,
  "reward": 0.1015625,
  "format_accuracy": 0.34375,
  "answer_accuracy": 0.1015625,
  "avg_response_token_length": 309.36328125,
  "rollout_seconds": 11.914085388183594,
  "mean_reward": 0.1015625,
  "std_reward": 0.3026638329029083,
  "min_reward": 0.0,
  "max_reward": 1.0,
  "mean_advantage": 7.450580596923828e-09,
  "std_advantage": 0.6416873335838318,
  "num_groups": 32.0
}
