{
  "type": "rollout",
  "grpo_step": 4,
  "num_questions": 32,
  "group_size": 8.0,
  "num_rollouts": 256,
  "reward": 0.0625,
  "format_accuracy": 0.2578125,
  "answer_accuracy": 0.0625,
  "avg_response_token_length": 314.35546875,
  "rollout_seconds": 11.498878955841064,
  "mean_reward": 0.0625,
  "std_reward": 0.24253562092781067,
  "min_reward": 0.0,
  "max_reward": 1.0,
  "mean_advantage": 1.1175870895385742e-08,
  "std_advantage": 0.5973782539367676,
  "num_groups": 32.0
}
