{
  "type": "rollout",
  "grpo_step": 160,
  "num_questions": 32,
  "group_size": 8.0,
  "num_rollouts": 256,
  "reward": 0.4453125,
  "format_accuracy": 0.66015625,
  "answer_accuracy": 0.4453125,
  "avg_response_token_length": 530.8984375,
  "rollout_seconds": 16.908101558685303,
  "mean_reward": 0.4453125,
  "std_reward": 0.49797382950782776,
  "min_reward": 0.0,
  "max_reward": 1.0,
  "mean_advantage": 4.190951585769653e-09,
  "std_advantage": 0.6199288964271545,
  "num_groups": 32.0
}
