{
  "type": "rollout",
  "grpo_step": 160,
  "num_questions": 32,
  "group_size": 8.0,
  "num_rollouts": 256,
  "reward": 0.5234375,
  "format_accuracy": 0.83984375,
  "answer_accuracy": 0.5234375,
  "avg_response_token_length": 524.82421875,
  "rollout_seconds": 27.433640718460083,
  "mean_reward": 0.5234375,
  "std_reward": 0.5004287362098694,
  "min_reward": 0.0,
  "max_reward": 1.0,
  "mean_advantage": 1.862645149230957e-09,
  "std_advantage": 0.4970490336418152,
  "num_groups": 32.0
}
