{
  "type": "rollout",
  "grpo_step": 163,
  "num_questions": 32,
  "group_size": 8.0,
  "num_rollouts": 256,
  "reward": 0.609375,
  "format_accuracy": 0.91796875,
  "answer_accuracy": 0.609375,
  "avg_response_token_length": 220.51953125,
  "rollout_seconds": 10.079012632369995,
  "mean_reward": 0.609375,
  "std_reward": 0.48884618282318115,
  "min_reward": 0.0,
  "max_reward": 1.0,
  "mean_advantage": 6.51925802230835e-09,
  "std_advantage": 0.6416873335838318,
  "num_groups": 32.0
}
