{
  "type": "rollout",
  "grpo_step": 94,
  "num_questions": 32,
  "group_size": 8.0,
  "num_rollouts": 256,
  "reward": 0.26953125,
  "format_accuracy": 0.7734375,
  "answer_accuracy": 0.26953125,
  "avg_response_token_length": 134.7578125,
  "rollout_seconds": 9.893199920654297,
  "mean_reward": 0.26953125,
  "std_reward": 0.4445854723453522,
  "min_reward": 0.0,
  "max_reward": 1.0,
  "mean_advantage": 1.4901161193847656e-08,
  "std_advantage": 0.7029334306716919,
  "num_groups": 32.0
}
