{
  "type": "rollout",
  "grpo_step": 173,
  "num_questions": 32,
  "group_size": 8.0,
  "num_rollouts": 256,
  "reward": 0.75390625,
  "format_accuracy": 0.94921875,
  "answer_accuracy": 0.75390625,
  "avg_response_token_length": 457.5078125,
  "rollout_seconds": 15.359927892684937,
  "mean_reward": 0.75390625,
  "std_reward": 0.43157756328582764,
  "min_reward": 0.0,
  "max_reward": 1.0,
  "mean_advantage": 9.313225746154785e-10,
  "std_advantage": 0.3313659429550171,
  "num_groups": 32.0
}
