{
  "type": "rollout",
  "grpo_step": 47,
  "num_questions": 32,
  "group_size": 8.0,
  "num_rollouts": 256,
  "reward": 0.2578125,
  "format_accuracy": 0.98046875,
  "answer_accuracy": 0.2578125,
  "avg_response_token_length": 33.29296875,
  "rollout_seconds": 5.637306213378906,
  "mean_reward": 0.2578125,
  "std_reward": 0.4382871091365814,
  "min_reward": 0.0,
  "max_reward": 1.0,
  "mean_advantage": 2.7939677238464355e-09,
  "std_advantage": 0.4686221182346344,
  "num_groups": 32.0
}
