{
  "type": "rollout",
  "grpo_step": 28,
  "num_questions": 32,
  "group_size": 8.0,
  "num_rollouts": 256,
  "reward": 0.57421875,
  "format_accuracy": 0.87890625,
  "answer_accuracy": 0.57421875,
  "avg_response_token_length": 220.765625,
  "rollout_seconds": 9.982113122940063,
  "mean_reward": 0.57421875,
  "std_reward": 0.49542948603630066,
  "min_reward": 0.0,
  "max_reward": 1.0,
  "mean_advantage": 0.0,
  "std_advantage": 0.34796327352523804,
  "num_groups": 32.0
}
