{
  "type": "rollout",
  "grpo_step": 104,
  "num_questions": 32,
  "group_size": 8.0,
  "num_rollouts": 256,
  "reward": 0.109375,
  "format_accuracy": 0.44140625,
  "answer_accuracy": 0.109375,
  "avg_response_token_length": 397.28125,
  "rollout_seconds": 13.886697053909302,
  "mean_reward": 0.109375,
  "std_reward": 0.31272050738334656,
  "min_reward": 0.0,
  "max_reward": 1.0,
  "mean_advantage": 6.51925802230835e-09,
  "std_advantage": 0.5239356160163879,
  "num_groups": 32.0
}
