{
  "type": "rollout",
  "grpo_step": 186,
  "num_questions": 32,
  "group_size": 8.0,
  "num_rollouts": 256,
  "reward": 0.8203125,
  "format_accuracy": 0.93359375,
  "answer_accuracy": 0.8203125,
  "avg_response_token_length": 456.48828125,
  "rollout_seconds": 29.17271113395691,
  "mean_reward": 0.8203125,
  "std_reward": 0.38467901945114136,
  "min_reward": 0.0,
  "max_reward": 1.0,
  "mean_advantage": -2.3283064365386963e-10,
  "std_advantage": 0.4383560121059418,
  "num_groups": 32.0
}
