{
  "type": "rollout",
  "grpo_step": 33,
  "num_questions": 32,
  "group_size": 8.0,
  "num_rollouts": 256,
  "reward": 0.59765625,
  "format_accuracy": 0.90234375,
  "answer_accuracy": 0.59765625,
  "avg_response_token_length": 205.11328125,
  "rollout_seconds": 9.576204061508179,
  "mean_reward": 0.59765625,
  "std_reward": 0.4913311004638672,
  "min_reward": 0.0,
  "max_reward": 1.0,
  "mean_advantage": 0.0,
  "std_advantage": 0.2629023492336273,
  "num_groups": 32.0
}
