{
  "type": "rollout",
  "grpo_step": 21,
  "num_questions": 32,
  "group_size": 8.0,
  "num_rollouts": 256,
  "reward": 0.3671875,
  "format_accuracy": 0.9453125,
  "answer_accuracy": 0.3671875,
  "avg_response_token_length": 122.54296875,
  "rollout_seconds": 7.843047142028809,
  "mean_reward": 0.3671875,
  "std_reward": 0.48298245668411255,
  "min_reward": 0.0,
  "max_reward": 1.0,
  "mean_advantage": 9.313225746154785e-10,
  "std_advantage": 0.7771220207214355,
  "num_groups": 32.0
}
