{
  "type": "rollout",
  "grpo_step": 194,
  "num_questions": 32,
  "group_size": 8.0,
  "num_rollouts": 256,
  "reward": 0.71484375,
  "format_accuracy": 0.90625,
  "answer_accuracy": 0.71484375,
  "avg_response_token_length": 497.81640625,
  "rollout_seconds": 40.30517649650574,
  "mean_reward": 0.71484375,
  "std_reward": 0.4523732364177704,
  "min_reward": 0.0,
  "max_reward": 1.0,
  "mean_advantage": 3.725290298461914e-09,
  "std_advantage": 0.4686221480369568,
  "num_groups": 32.0
}
