{
  "type": "rollout",
  "grpo_step": 44,
  "num_questions": 32,
  "group_size": 8.0,
  "num_rollouts": 256,
  "reward": 0.58984375,
  "format_accuracy": 0.9609375,
  "answer_accuracy": 0.58984375,
  "avg_response_token_length": 282.5625,
  "rollout_seconds": 15.759582996368408,
  "mean_reward": 0.58984375,
  "std_reward": 0.49282535910606384,
  "min_reward": 0.0,
  "max_reward": 1.0,
  "mean_advantage": -9.313225746154785e-10,
  "std_advantage": 0.5973784923553467,
  "num_groups": 32.0
}
