{
  "type": "rollout",
  "grpo_step": 54,
  "num_questions": 32,
  "group_size": 8.0,
  "num_rollouts": 256,
  "reward": 0.65625,
  "format_accuracy": 0.96875,
  "answer_accuracy": 0.65625,
  "avg_response_token_length": 472.59375,
  "rollout_seconds": 15.264444351196289,
  "mean_reward": 0.65625,
  "std_reward": 0.47588926553726196,
  "min_reward": 0.0,
  "max_reward": 1.0,
  "mean_advantage": -2.6775524020195007e-09,
  "std_advantage": 0.5973784327507019,
  "num_groups": 32.0
}
