{
  "type": "rollout",
  "grpo_step": 176,
  "num_questions": 32,
  "group_size": 8.0,
  "num_rollouts": 256,
  "reward": 0.7890625,
  "format_accuracy": 0.9453125,
  "answer_accuracy": 0.7890625,
  "avg_response_token_length": 365.5390625,
  "rollout_seconds": 13.2225182056427,
  "mean_reward": 0.7890625,
  "std_reward": 0.408773273229599,
  "min_reward": 0.0,
  "max_reward": 1.0,
  "mean_advantage": -2.7939677238464355e-09,
  "std_advantage": 0.5239356160163879,
  "num_groups": 32.0
}
