{
  "type": "rollout",
  "grpo_step": 196,
  "num_questions": 32,
  "group_size": 8.0,
  "num_rollouts": 256,
  "reward": 0.578125,
  "format_accuracy": 0.828125,
  "answer_accuracy": 0.578125,
  "avg_response_token_length": 618.05859375,
  "rollout_seconds": 41.46981072425842,
  "mean_reward": 0.578125,
  "std_reward": 0.49482616782188416,
  "min_reward": 0.0,
  "max_reward": 1.0,
  "mean_advantage": 0.0,
  "std_advantage": 0.6199290752410889,
  "num_groups": 32.0
}
