{
  "type": "rollout",
  "grpo_step": 12,
  "num_questions": 32,
  "group_size": 8.0,
  "num_rollouts": 256,
  "reward": 0.2890625,
  "format_accuracy": 0.87109375,
  "answer_accuracy": 0.2890625,
  "avg_response_token_length": 121.71484375,
  "rollout_seconds": 7.813864231109619,
  "mean_reward": 0.2890625,
  "std_reward": 0.45421501994132996,
  "min_reward": 0.0,
  "max_reward": 1.0,
  "mean_advantage": 0.0,
  "std_advantage": 0.33136674761772156,
  "num_groups": 32.0
}
