{
  "type": "rollout",
  "grpo_step": 31,
  "num_questions": 32,
  "group_size": 8.0,
  "num_rollouts": 256,
  "reward": 0.265625,
  "format_accuracy": 0.91796875,
  "answer_accuracy": 0.265625,
  "avg_response_token_length": 57.70703125,
  "rollout_seconds": 6.579674243927002,
  "mean_reward": 0.265625,
  "std_reward": 0.4425306022167206,
  "min_reward": 0.0,
  "max_reward": 1.0,
  "mean_advantage": 2.3283064365386963e-09,
  "std_advantage": 0.4686221480369568,
  "num_groups": 32.0
}
