{
  "type": "rollout",
  "grpo_step": 16,
  "num_questions": 32,
  "group_size": 8.0,
  "num_rollouts": 256,
  "reward": 0.37890625,
  "format_accuracy": 0.8984375,
  "answer_accuracy": 0.37890625,
  "avg_response_token_length": 210.453125,
  "rollout_seconds": 10.705214023590088,
  "mean_reward": 0.37890625,
  "std_reward": 0.48606500029563904,
  "min_reward": 0.0,
  "max_reward": 1.0,
  "mean_advantage": -6.51925802230835e-09,
  "std_advantage": 0.7771219611167908,
  "num_groups": 32.0
}
