{
  "type": "rollout",
  "grpo_step": 109,
  "num_questions": 32,
  "group_size": 8.0,
  "num_rollouts": 256,
  "reward": 0.55078125,
  "format_accuracy": 0.94140625,
  "answer_accuracy": 0.55078125,
  "avg_response_token_length": 295.99609375,
  "rollout_seconds": 11.286223888397217,
  "mean_reward": 0.55078125,
  "std_reward": 0.49838894605636597,
  "min_reward": 0.0,
  "max_reward": 1.0,
  "mean_advantage": 3.725290298461914e-09,
  "std_advantage": 0.5973784923553467,
  "num_groups": 32.0
}
