{
  "type": "rollout",
  "grpo_step": 25,
  "num_questions": 32,
  "group_size": 8.0,
  "num_rollouts": 256,
  "reward": 0.54296875,
  "format_accuracy": 0.91796875,
  "answer_accuracy": 0.54296875,
  "avg_response_token_length": 324.984375,
  "rollout_seconds": 12.334814310073853,
  "mean_reward": 0.54296875,
  "std_reward": 0.4991260766983032,
  "min_reward": 0.0,
  "max_reward": 1.0,
  "mean_advantage": 0.0,
  "std_advantage": 0.7029333114624023,
  "num_groups": 32.0
}
