{
  "type": "rollout",
  "grpo_step": 23,
  "num_questions": 32,
  "group_size": 8.0,
  "num_rollouts": 256,
  "reward": 0.26953125,
  "format_accuracy": 0.9375,
  "answer_accuracy": 0.26953125,
  "avg_response_token_length": 77.70703125,
  "rollout_seconds": 8.1025710105896,
  "mean_reward": 0.26953125,
  "std_reward": 0.4445854723453522,
  "min_reward": 0.0,
  "max_reward": 1.0,
  "mean_advantage": 0.0,
  "std_advantage": 0.280929833650589,
  "num_groups": 32.0
}
