{
  "type": "rollout",
  "grpo_step": 27,
  "num_questions": 32,
  "group_size": 8.0,
  "num_rollouts": 256,
  "reward": 0.18359375,
  "format_accuracy": 0.5390625,
  "answer_accuracy": 0.18359375,
  "avg_response_token_length": 261.296875,
  "rollout_seconds": 10.47281289100647,
  "mean_reward": 0.18359375,
  "std_reward": 0.3879109025001526,
  "min_reward": 0.0,
  "max_reward": 1.0,
  "mean_advantage": 1.862645149230957e-09,
  "std_advantage": 0.7221954464912415,
  "num_groups": 32.0
}
