{
  "type": "rollout",
  "grpo_step": 162,
  "num_questions": 32,
  "group_size": 8.0,
  "num_rollouts": 256,
  "reward": 0.2421875,
  "format_accuracy": 1.0,
  "answer_accuracy": 0.2421875,
  "avg_response_token_length": 15.390625,
  "rollout_seconds": 1.3426191806793213,
  "mean_reward": 0.2421875,
  "std_reward": 0.42924636602401733,
  "min_reward": 0.0,
  "max_reward": 1.0,
  "mean_advantage": 9.313225746154785e-10,
  "std_advantage": 0.49704891443252563,
  "num_groups": 32.0
}
