{
  "type": "rollout",
  "grpo_step": 184,
  "num_questions": 32,
  "group_size": 8.0,
  "num_rollouts": 256,
  "reward": 0.7109375,
  "format_accuracy": 0.9296875,
  "answer_accuracy": 0.7109375,
  "avg_response_token_length": 339.89453125,
  "rollout_seconds": 12.685730218887329,
  "mean_reward": 0.7109375,
  "std_reward": 0.45421501994132996,
  "min_reward": 0.0,
  "max_reward": 1.0,
  "mean_advantage": 0.0,
  "std_advantage": 0.24253562092781067,
  "num_groups": 32.0
}
