{
  "type": "rollout",
  "grpo_step": 107,
  "num_questions": 32,
  "group_size": 8.0,
  "num_rollouts": 256,
  "reward": 0.6328125,
  "format_accuracy": 0.921875,
  "answer_accuracy": 0.6328125,
  "avg_response_token_length": 282.77734375,
  "rollout_seconds": 11.10361623764038,
  "mean_reward": 0.6328125,
  "std_reward": 0.48298245668411255,
  "min_reward": 0.0,
  "max_reward": 1.0,
  "mean_advantage": -4.656612873077393e-10,
  "std_advantage": 0.6831284761428833,
  "num_groups": 32.0
}
