{
  "type": "rollout",
  "grpo_step": 288,
  "num_questions": 32,
  "group_size": 8.0,
  "num_rollouts": 256,
  "reward": 0.75,
  "format_accuracy": 1.0,
  "answer_accuracy": 0.75,
  "avg_response_token_length": 261.9921875,
  "rollout_seconds": 7.831360101699829,
  "mean_reward": 0.75,
  "std_reward": 0.4338609278202057,
  "min_reward": 0.0,
  "max_reward": 1.0,
  "mean_advantage": -3.725290298461914e-09,
  "std_advantage": 0.46862220764160156,
  "num_groups": 32.0
}
