{
  "type": "rollout",
  "grpo_step": 19,
  "num_questions": 32,
  "group_size": 8.0,
  "num_rollouts": 256,
  "reward": 0.61328125,
  "format_accuracy": 0.921875,
  "answer_accuracy": 0.61328125,
  "avg_response_token_length": 261.03125,
  "rollout_seconds": 12.041154384613037,
  "mean_reward": 0.61328125,
  "std_reward": 0.4879522919654846,
  "min_reward": 0.0,
  "max_reward": 1.0,
  "mean_advantage": -3.725290298461914e-09,
  "std_advantage": 0.7945876121520996,
  "num_groups": 32.0
}
