{
  "type": "rollout",
  "grpo_step": 2,
  "num_questions": 32,
  "group_size": 8.0,
  "num_rollouts": 256,
  "reward": 0.046875,
  "format_accuracy": 0.23828125,
  "answer_accuracy": 0.046875,
  "avg_response_token_length": 292.2421875,
  "rollout_seconds": 12.18837857246399,
  "mean_reward": 0.046875,
  "std_reward": 0.21178512275218964,
  "min_reward": 0.0,
  "max_reward": 1.0,
  "mean_advantage": 1.862645149230957e-09,
  "std_advantage": 0.4970487952232361,
  "num_groups": 32.0
}
