{
  "type": "rollout",
  "grpo_step": 69,
  "num_questions": 32,
  "group_size": 8.0,
  "num_rollouts": 256,
  "reward": 0.77734375,
  "format_accuracy": 0.9765625,
  "answer_accuracy": 0.77734375,
  "avg_response_token_length": 332.5546875,
  "rollout_seconds": 9.402105331420898,
  "mean_reward": 0.77734375,
  "std_reward": 0.41684433817863464,
  "min_reward": 0.0,
  "max_reward": 1.0,
  "mean_advantage": -7.450580596923828e-09,
  "std_advantage": 0.6199290156364441,
  "num_groups": 32.0
}
