{
  "type": "rollout",
  "grpo_step": 86,
  "num_questions": 32,
  "group_size": 8.0,
  "num_rollouts": 256,
  "reward": 0.51953125,
  "format_accuracy": 0.734375,
  "answer_accuracy": 0.51953125,
  "avg_response_token_length": 400.37109375,
  "rollout_seconds": 13.679704904556274,
  "mean_reward": 0.51953125,
  "std_reward": 0.5005970597267151,
  "min_reward": 0.0,
  "max_reward": 1.0,
  "mean_advantage": 4.656612873077393e-10,
  "std_advantage": 0.7221953272819519,
  "num_groups": 32.0
}
