{
  "type": "rollout",
  "grpo_step": 9,
  "num_questions": 32,
  "group_size": 8.0,
  "num_rollouts": 256,
  "reward": 0.45703125,
  "format_accuracy": 0.9921875,
  "answer_accuracy": 0.45703125,
  "avg_response_token_length": 168.84765625,
  "rollout_seconds": 8.872512578964233,
  "mean_reward": 0.45703125,
  "std_reward": 0.4991260766983032,
  "min_reward": 0.0,
  "max_reward": 1.0,
  "mean_advantage": -4.6566128730773926e-09,
  "std_advantage": 0.6831284761428833,
  "num_groups": 32.0
}
