{
  "type": "rollout",
  "grpo_step": 3,
  "num_questions": 32,
  "group_size": 8.0,
  "num_rollouts": 256,
  "reward": 0.7734375,
  "format_accuracy": 0.94140625,
  "answer_accuracy": 0.7734375,
  "avg_response_token_length": 501.83984375,
  "rollout_seconds": 25.952027797698975,
  "mean_reward": 0.7734375,
  "std_reward": 0.41942712664604187,
  "min_reward": 0.0,
  "max_reward": 1.0,
  "mean_advantage": 0.0,
  "std_advantage": 0.3372321128845215,
  "num_groups": 32.0
}
