{
  "type": "rollout",
  "grpo_step": 21,
  "num_questions": 32,
  "group_size": 8.0,
  "num_rollouts": 256,
  "reward": 0.3046875,
  "format_accuracy": 0.9609375,
  "answer_accuracy": 0.3046875,
  "avg_response_token_length": 132.37109375,
  "rollout_seconds": 13.123963594436646,
  "mean_reward": 0.3046875,
  "std_reward": 0.4611765742301941,
  "min_reward": 0.0,
  "max_reward": 1.0,
  "mean_advantage": -5.587935447692871e-09,
  "std_advantage": 0.722195565700531,
  "num_groups": 32.0
}
