{
  "type": "rollout",
  "grpo_step": 145,
  "num_questions": 32,
  "group_size": 8.0,
  "num_rollouts": 256,
  "reward": 0.71875,
  "format_accuracy": 0.92578125,
  "answer_accuracy": 0.71875,
  "avg_response_token_length": 402.95703125,
  "rollout_seconds": 16.513125896453857,
  "mean_reward": 0.71875,
  "std_reward": 0.45048993825912476,
  "min_reward": 0.0,
  "max_reward": 1.0,
  "mean_advantage": -2.7939677238464355e-09,
  "std_advantage": 0.5739426612854004,
  "num_groups": 32.0
}
