{
  "type": "rollout",
  "grpo_step": 145,
  "num_questions": 32,
  "group_size": 8.0,
  "num_rollouts": 256,
  "reward": 0.53515625,
  "format_accuracy": 0.75390625,
  "answer_accuracy": 0.53515625,
  "avg_response_token_length": 417.21484375,
  "rollout_seconds": 14.226388692855835,
  "mean_reward": 0.53515625,
  "std_reward": 0.49973952770233154,
  "min_reward": 0.0,
  "max_reward": 1.0,
  "mean_advantage": -5.122274160385132e-09,
  "std_advantage": 0.5239356160163879,
  "num_groups": 32.0
}
