{
  "type": "rollout",
  "grpo_step": 160,
  "num_questions": 32,
  "group_size": 8.0,
  "num_rollouts": 256,
  "reward": 0.625,
  "format_accuracy": 0.87109375,
  "answer_accuracy": 0.625,
  "avg_response_token_length": 540.86328125,
  "rollout_seconds": 24.838782787322998,
  "mean_reward": 0.625,
  "std_reward": 0.48507124185562134,
  "min_reward": 0.0,
  "max_reward": 1.0,
  "mean_advantage": 1.862645149230957e-09,
  "std_advantage": 0.5739426612854004,
  "num_groups": 32.0
}
