{
  "type": "rollout",
  "grpo_step": 160,
  "num_questions": 32,
  "group_size": 8.0,
  "num_rollouts": 256,
  "reward": 0.6015625,
  "format_accuracy": 0.90234375,
  "answer_accuracy": 0.6015625,
  "avg_response_token_length": 453.15625,
  "rollout_seconds": 14.660269737243652,
  "mean_reward": 0.6015625,
  "std_reward": 0.4905354082584381,
  "min_reward": 0.0,
  "max_reward": 1.0,
  "mean_advantage": 3.725290298461914e-09,
  "std_advantage": 0.49704891443252563,
  "num_groups": 32.0
}
