{
  "type": "rollout",
  "grpo_step": 128,
  "num_questions": 32,
  "group_size": 8.0,
  "num_rollouts": 256,
  "reward": 0.734375,
  "format_accuracy": 0.93359375,
  "answer_accuracy": 0.734375,
  "avg_response_token_length": 418.15234375,
  "rollout_seconds": 10.914317607879639,
  "mean_reward": 0.734375,
  "std_reward": 0.4425306022167206,
  "min_reward": 0.0,
  "max_reward": 1.0,
  "mean_advantage": 4.656612873077393e-10,
  "std_advantage": 0.6416874527931213,
  "num_groups": 32.0
}
