{
  "type": "rollout",
  "grpo_step": 18,
  "num_questions": 32,
  "group_size": 8.0,
  "num_rollouts": 256,
  "reward": 0.56640625,
  "format_accuracy": 0.90234375,
  "answer_accuracy": 0.56640625,
  "avg_response_token_length": 310.28515625,
  "rollout_seconds": 13.0650155544281,
  "mean_reward": 0.56640625,
  "std_reward": 0.4965413510799408,
  "min_reward": 0.0,
  "max_reward": 1.0,
  "mean_advantage": 9.313225746154785e-10,
  "std_advantage": 0.6199288368225098,
  "num_groups": 32.0
}
