{
  "type": "rollout",
  "grpo_step": 17,
  "num_questions": 32,
  "group_size": 8.0,
  "num_rollouts": 256,
  "reward": 0.4140625,
  "format_accuracy": 0.95703125,
  "answer_accuracy": 0.4140625,
  "avg_response_token_length": 110.94140625,
  "rollout_seconds": 8.820930004119873,
  "mean_reward": 0.4140625,
  "std_reward": 0.4935242533683777,
  "min_reward": 0.0,
  "max_reward": 1.0,
  "mean_advantage": 0.0,
  "std_advantage": 0.3051839768886566,
  "num_groups": 32.0
}
