{
  "type": "rollout",
  "grpo_step": 151,
  "num_questions": 32,
  "group_size": 8.0,
  "num_rollouts": 256,
  "reward": 0.63671875,
  "format_accuracy": 0.90234375,
  "answer_accuracy": 0.63671875,
  "avg_response_token_length": 465.640625,
  "rollout_seconds": 15.178640842437744,
  "mean_reward": 0.63671875,
  "std_reward": 0.48188698291778564,
  "min_reward": 0.0,
  "max_reward": 1.0,
  "mean_advantage": 1.862645149230957e-09,
  "std_advantage": 0.662731945514679,
  "num_groups": 32.0
}
