{
  "type": "rollout",
  "grpo_step": 204,
  "num_questions": 32,
  "group_size": 8.0,
  "num_rollouts": 256,
  "reward": 0.7421875,
  "format_accuracy": 0.88671875,
  "answer_accuracy": 0.7421875,
  "avg_response_token_length": 533.12109375,
  "rollout_seconds": 13.249082565307617,
  "mean_reward": 0.7421875,
  "std_reward": 0.4382871091365814,
  "min_reward": 0.0,
  "max_reward": 1.0,
  "mean_advantage": -1.862645149230957e-09,
  "std_advantage": 0.6199289560317993,
  "num_groups": 32.0
}
