{
  "type": "rollout",
  "grpo_step": 92,
  "num_questions": 32,
  "group_size": 8.0,
  "num_rollouts": 256,
  "reward": 0.47265625,
  "format_accuracy": 0.94921875,
  "answer_accuracy": 0.47265625,
  "avg_response_token_length": 293.95703125,
  "rollout_seconds": 11.51823902130127,
  "mean_reward": 0.47265625,
  "std_reward": 0.5002297163009644,
  "min_reward": 0.0,
  "max_reward": 1.0,
  "mean_advantage": 2.7939677238464355e-09,
  "std_advantage": 0.7029333114624023,
  "num_groups": 32.0
}
