{
  "type": "rollout",
  "grpo_step": 53,
  "num_questions": 32,
  "group_size": 8.0,
  "num_rollouts": 256,
  "reward": 0.45703125,
  "format_accuracy": 0.8125,
  "answer_accuracy": 0.45703125,
  "avg_response_token_length": 268.49609375,
  "rollout_seconds": 10.610236167907715,
  "mean_reward": 0.45703125,
  "std_reward": 0.4991260766983032,
  "min_reward": 0.0,
  "max_reward": 1.0,
  "mean_advantage": -3.725290298461914e-09,
  "std_advantage": 0.7409568428993225,
  "num_groups": 32.0
}
