{
  "type": "rollout",
  "grpo_step": 28,
  "num_questions": 32,
  "group_size": 8.0,
  "num_rollouts": 256,
  "reward": 0.3828125,
  "format_accuracy": 1.0,
  "answer_accuracy": 0.3828125,
  "avg_response_token_length": 14.19140625,
  "rollout_seconds": 2.2085413932800293,
  "mean_reward": 0.3828125,
  "std_reward": 0.48702529072761536,
  "min_reward": 0.0,
  "max_reward": 1.0,
  "mean_advantage": 9.313225746154785e-10,
  "std_advantage": 0.6416873335838318,
  "num_groups": 32.0
}
