{
  "type": "rollout",
  "grpo_step": 63,
  "num_questions": 32,
  "group_size": 8.0,
  "num_rollouts": 256,
  "reward": 0.60546875,
  "format_accuracy": 0.8984375,
  "answer_accuracy": 0.60546875,
  "avg_response_token_length": 240.90234375,
  "rollout_seconds": 10.235218048095703,
  "mean_reward": 0.60546875,
  "std_reward": 0.48970717191696167,
  "min_reward": 0.0,
  "max_reward": 1.0,
  "mean_advantage": 0.0,
  "std_advantage": 0.7409567832946777,
  "num_groups": 32.0
}
