{
  "type": "rollout",
  "grpo_step": 116,
  "num_questions": 32,
  "group_size": 8.0,
  "num_rollouts": 256,
  "reward": 0.57421875,
  "format_accuracy": 0.9765625,
  "answer_accuracy": 0.57421875,
  "avg_response_token_length": 381.6953125,
  "rollout_seconds": 13.552051305770874,
  "mean_reward": 0.57421875,
  "std_reward": 0.49542948603630066,
  "min_reward": 0.0,
  "max_reward": 1.0,
  "mean_advantage": 0.0,
  "std_advantage": 0.282669335603714,
  "num_groups": 32.0
}
