{
  "type": "rollout",
  "grpo_step": 17,
  "num_questions": 32,
  "group_size": 8.0,
  "num_rollouts": 256,
  "reward": 0.47265625,
  "format_accuracy": 0.921875,
  "answer_accuracy": 0.47265625,
  "avg_response_token_length": 357.390625,
  "rollout_seconds": 12.622334480285645,
  "mean_reward": 0.47265625,
  "std_reward": 0.5002297163009644,
  "min_reward": 0.0,
  "max_reward": 1.0,
  "mean_advantage": -1.862645149230957e-09,
  "std_advantage": 0.7029334306716919,
  "num_groups": 32.0
}
