{
  "type": "rollout",
  "grpo_step": 147,
  "num_questions": 32,
  "group_size": 8.0,
  "num_rollouts": 256,
  "reward": 0.73828125,
  "format_accuracy": 0.95703125,
  "answer_accuracy": 0.73828125,
  "avg_response_token_length": 348.6953125,
  "rollout_seconds": 12.416117906570435,
  "mean_reward": 0.73828125,
  "std_reward": 0.4404313564300537,
  "min_reward": 0.0,
  "max_reward": 1.0,
  "mean_advantage": 1.862645149230957e-09,
  "std_advantage": 0.6199288964271545,
  "num_groups": 32.0
}
