{
  "type": "rollout",
  "ei_step": 5,
  "num_questions": 1024,
  "rollouts_per_question": 8,
  "num_rollouts": 8192,
  "num_accepted": 1369,
  "accepted_fraction": 0.1671142578125,
  "question_coverage_with_accept": 0.55859375,
  "reward": 0.1671142578125,
  "format_accuracy": 0.7181396484375,
  "answer_accuracy": 0.1671142578125,
  "avg_token_entropy": 1.3028724193572998,
  "avg_accepted_token_entropy": 1.2552095222333821,
  "avg_response_token_length": 379.6800537109375,
  "avg_accepted_response_token_length": 183.9327976625274,
  "rollout_seconds": 703.3718075752258
}
