{
  "type": "rollout",
  "grpo_step": 171,
  "num_questions": 32,
  "group_size": 8.0,
  "num_rollouts": 256,
  "reward": 0.79296875,
  "format_accuracy": 0.96484375,
  "answer_accuracy": 0.79296875,
  "avg_response_token_length": 333.37109375,
  "rollout_seconds": 12.36400055885315,
  "mean_reward": 0.79296875,
  "std_reward": 0.40597182512283325,
  "min_reward": 0.0,
  "max_reward": 1.0,
  "mean_advantage": 1.1641532182693481e-09,
  "std_advantage": 0.5495083332061768,
  "num_groups": 32.0
}
