{
  "type": "rollout",
  "grpo_step": 176,
  "num_questions": 32,
  "group_size": 8.0,
  "num_rollouts": 256,
  "reward": 0.36328125,
  "format_accuracy": 0.81640625,
  "answer_accuracy": 0.36328125,
  "avg_response_token_length": 214.16015625,
  "rollout_seconds": 9.980764389038086,
  "mean_reward": 0.36328125,
  "std_reward": 0.48188698291778564,
  "min_reward": 0.0,
  "max_reward": 1.0,
  "mean_advantage": 0.0,
  "std_advantage": 0.7771220207214355,
  "num_groups": 32.0
}
