{
  "type": "rollout",
  "grpo_step": 28,
  "num_questions": 32,
  "group_size": 8.0,
  "num_rollouts": 256,
  "reward": 0.59375,
  "format_accuracy": 0.921875,
  "answer_accuracy": 0.59375,
  "avg_response_token_length": 277.36328125,
  "rollout_seconds": 10.86036205291748,
  "mean_reward": 0.59375,
  "std_reward": 0.49209436774253845,
  "min_reward": 0.0,
  "max_reward": 1.0,
  "mean_advantage": 1.280568540096283e-09,
  "std_advantage": 0.6416875123977661,
  "num_groups": 32.0
}
