{
  "type": "rollout",
  "grpo_step": 327,
  "num_questions": 32,
  "group_size": 8.0,
  "num_rollouts": 256,
  "reward": 0.73828125,
  "format_accuracy": 0.90234375,
  "answer_accuracy": 0.73828125,
  "avg_response_token_length": 502.03125,
  "rollout_seconds": 13.006493091583252,
  "mean_reward": 0.73828125,
  "std_reward": 0.4404313564300537,
  "min_reward": 0.0,
  "max_reward": 1.0,
  "mean_advantage": -2.561137080192566e-09,
  "std_advantage": 0.5739426016807556,
  "num_groups": 32.0
}
