{
  "type": "rollout",
  "grpo_step": 92,
  "num_questions": 32,
  "group_size": 8.0,
  "num_rollouts": 256,
  "reward": 0.2890625,
  "format_accuracy": 0.984375,
  "answer_accuracy": 0.2890625,
  "avg_response_token_length": 15.5703125,
  "rollout_seconds": 1.3463892936706543,
  "mean_reward": 0.2890625,
  "std_reward": 0.45421501994132996,
  "min_reward": 0.0,
  "max_reward": 1.0,
  "mean_advantage": 4.6566128730773926e-09,
  "std_advantage": 0.49704891443252563,
  "num_groups": 32.0
}
