{
  "type": "rollout",
  "grpo_step": 39,
  "num_questions": 32,
  "group_size": 8.0,
  "num_rollouts": 256,
  "reward": 0.08984375,
  "format_accuracy": 0.43359375,
  "answer_accuracy": 0.08984375,
  "avg_response_token_length": 109.8125,
  "rollout_seconds": 7.586467981338501,
  "mean_reward": 0.08984375,
  "std_reward": 0.2865179181098938,
  "min_reward": 0.0,
  "max_reward": 1.0,
  "mean_advantage": 0.0,
  "std_advantage": 0.23535537719726562,
  "num_groups": 32.0
}
