{
  "type": "rollout",
  "grpo_step": 63,
  "num_questions": 32,
  "group_size": 8.0,
  "num_rollouts": 256,
  "reward": 0.6953125,
  "format_accuracy": 0.86328125,
  "answer_accuracy": 0.6953125,
  "avg_response_token_length": 295.078125,
  "rollout_seconds": 13.564352035522461,
  "mean_reward": 0.6953125,
  "std_reward": 0.4611765742301941,
  "min_reward": 0.0,
  "max_reward": 1.0,
  "mean_advantage": 3.259629011154175e-09,
  "std_advantage": 0.6416874527931213,
  "num_groups": 32.0
}
