{
  "type": "rollout",
  "grpo_step": 95,
  "num_questions": 32,
  "group_size": 8.0,
  "num_rollouts": 256,
  "reward": 0.828125,
  "format_accuracy": 0.96875,
  "answer_accuracy": 0.828125,
  "avg_response_token_length": 476.6328125,
  "rollout_seconds": 16.022886753082275,
  "mean_reward": 0.828125,
  "std_reward": 0.3780107796192169,
  "min_reward": 0.0,
  "max_reward": 1.0,
  "mean_advantage": 0.0,
  "std_advantage": 0.2675231397151947,
  "num_groups": 32.0
}
