{
  "type": "rollout",
  "grpo_step": 36,
  "num_questions": 32,
  "group_size": 8.0,
  "num_rollouts": 256,
  "reward": 0.61328125,
  "format_accuracy": 0.87890625,
  "answer_accuracy": 0.61328125,
  "avg_response_token_length": 383.51953125,
  "rollout_seconds": 13.036535263061523,
  "mean_reward": 0.61328125,
  "std_reward": 0.4879522919654846,
  "min_reward": 0.0,
  "max_reward": 1.0,
  "mean_advantage": 1.862645149230957e-09,
  "std_advantage": 0.5973784923553467,
  "num_groups": 32.0
}
