{
  "type": "rollout",
  "grpo_step": 195,
  "num_questions": 32,
  "group_size": 8.0,
  "num_rollouts": 256,
  "reward": 0.27734375,
  "format_accuracy": 0.8125,
  "answer_accuracy": 0.27734375,
  "avg_response_token_length": 207.34765625,
  "rollout_seconds": 17.239837646484375,
  "mean_reward": 0.27734375,
  "std_reward": 0.4485645592212677,
  "min_reward": 0.0,
  "max_reward": 1.0,
  "mean_advantage": 5.587935447692871e-09,
  "std_advantage": 0.7409567832946777,
  "num_groups": 32.0
}
