{
  "type": "rollout",
  "grpo_step": 53,
  "num_questions": 32,
  "group_size": 8.0,
  "num_rollouts": 256,
  "reward": 0.7578125,
  "format_accuracy": 0.9140625,
  "answer_accuracy": 0.7578125,
  "avg_response_token_length": 370.02734375,
  "rollout_seconds": 10.100605010986328,
  "mean_reward": 0.7578125,
  "std_reward": 0.42924636602401733,
  "min_reward": 0.0,
  "max_reward": 1.0,
  "mean_advantage": 4.6566128730773926e-09,
  "std_advantage": 0.5973784923553467,
  "num_groups": 32.0
}
