{
  "type": "rollout",
  "grpo_step": 33,
  "num_questions": 32,
  "group_size": 8.0,
  "num_rollouts": 256,
  "reward": 0.3984375,
  "format_accuracy": 0.96484375,
  "answer_accuracy": 0.3984375,
  "avg_response_token_length": 21.66796875,
  "rollout_seconds": 8.489613771438599,
  "mean_reward": 0.3984375,
  "std_reward": 0.4905354082584381,
  "min_reward": 0.0,
  "max_reward": 1.0,
  "mean_advantage": 0.0,
  "std_advantage": 0.6416874527931213,
  "num_groups": 32.0
}
