{
  "type": "rollout",
  "grpo_step": 83,
  "num_questions": 32,
  "group_size": 8.0,
  "num_rollouts": 256,
  "reward": 0.796875,
  "format_accuracy": 0.9765625,
  "answer_accuracy": 0.796875,
  "avg_response_token_length": 302.12109375,
  "rollout_seconds": 11.893195629119873,
  "mean_reward": 0.796875,
  "std_reward": 0.40311288833618164,
  "min_reward": 0.0,
  "max_reward": 1.0,
  "mean_advantage": 0.0,
  "std_advantage": 0.20532137155532837,
  "num_groups": 32.0
}
