{
  "type": "rollout",
  "grpo_step": 267,
  "num_questions": 32,
  "group_size": 8.0,
  "num_rollouts": 256,
  "reward": 0.68359375,
  "format_accuracy": 0.953125,
  "answer_accuracy": 0.68359375,
  "avg_response_token_length": 413.3046875,
  "rollout_seconds": 10.951422929763794,
  "mean_reward": 0.68359375,
  "std_reward": 0.4659844934940338,
  "min_reward": 0.0,
  "max_reward": 1.0,
  "mean_advantage": -2.3283064365386963e-09,
  "std_advantage": 0.5239356756210327,
  "num_groups": 32.0
}
