{
  "type": "rollout",
  "grpo_step": 57,
  "num_questions": 32,
  "group_size": 8.0,
  "num_rollouts": 256,
  "reward": 0.62109375,
  "format_accuracy": 0.9453125,
  "answer_accuracy": 0.62109375,
  "avg_response_token_length": 335.83984375,
  "rollout_seconds": 15.261902332305908,
  "mean_reward": 0.62109375,
  "std_reward": 0.48606500029563904,
  "min_reward": 0.0,
  "max_reward": 1.0,
  "mean_advantage": -8.149072527885437e-10,
  "std_advantage": 0.6627318859100342,
  "num_groups": 32.0
}
