{
  "type": "rollout",
  "grpo_step": 45,
  "num_questions": 32,
  "group_size": 8.0,
  "num_rollouts": 256,
  "reward": 0.15234375,
  "format_accuracy": 0.73046875,
  "answer_accuracy": 0.15234375,
  "avg_response_token_length": 215.38671875,
  "rollout_seconds": 10.143200159072876,
  "mean_reward": 0.15234375,
  "std_reward": 0.36005768179893494,
  "min_reward": 0.0,
  "max_reward": 1.0,
  "mean_advantage": 5.587935447692871e-09,
  "std_advantage": 0.6199290156364441,
  "num_groups": 32.0
}
