{
  "type": "rollout",
  "grpo_step": 45,
  "num_questions": 32,
  "group_size": 8.0,
  "num_rollouts": 256,
  "reward": 0.28125,
  "format_accuracy": 0.734375,
  "answer_accuracy": 0.28125,
  "avg_response_token_length": 294.671875,
  "rollout_seconds": 11.527472496032715,
  "mean_reward": 0.28125,
  "std_reward": 0.45048993825912476,
  "min_reward": 0.0,
  "max_reward": 1.0,
  "mean_advantage": 2.7939677238464355e-09,
  "std_advantage": 0.6416873931884766,
  "num_groups": 32.0
}
