{
  "type": "rollout",
  "grpo_step": 22,
  "num_questions": 32,
  "group_size": 8.0,
  "num_rollouts": 256,
  "reward": 0.44921875,
  "format_accuracy": 0.83984375,
  "answer_accuracy": 0.44921875,
  "avg_response_token_length": 286.0,
  "rollout_seconds": 11.252055883407593,
  "mean_reward": 0.44921875,
  "std_reward": 0.49838894605636597,
  "min_reward": 0.0,
  "max_reward": 1.0,
  "mean_advantage": 0.0,
  "std_advantage": 0.3276475965976715,
  "num_groups": 32.0
}
