{
  "type": "rollout",
  "grpo_step": 64,
  "num_questions": 32,
  "group_size": 8.0,
  "num_rollouts": 256,
  "reward": 0.50390625,
  "format_accuracy": 0.78125,
  "answer_accuracy": 0.50390625,
  "avg_response_token_length": 387.6875,
  "rollout_seconds": 27.778794050216675,
  "mean_reward": 0.50390625,
  "std_reward": 0.5009641647338867,
  "min_reward": 0.0,
  "max_reward": 1.0,
  "mean_advantage": 1.862645149230957e-09,
  "std_advantage": 0.7221953868865967,
  "num_groups": 32.0
}
