{
  "type": "rollout",
  "grpo_step": 177,
  "num_questions": 32,
  "group_size": 8.0,
  "num_rollouts": 256,
  "reward": 0.671875,
  "format_accuracy": 0.94140625,
  "answer_accuracy": 0.671875,
  "avg_response_token_length": 373.8046875,
  "rollout_seconds": 23.895376682281494,
  "mean_reward": 0.671875,
  "std_reward": 0.47045034170150757,
  "min_reward": 0.0,
  "max_reward": 1.0,
  "mean_advantage": -2.3283064365386963e-09,
  "std_advantage": 0.4383559823036194,
  "num_groups": 32.0
}
