{
  "type": "rollout",
  "grpo_step": 177,
  "num_questions": 32,
  "group_size": 8.0,
  "num_rollouts": 256,
  "reward": 0.7421875,
  "format_accuracy": 0.9140625,
  "answer_accuracy": 0.7421875,
  "avg_response_token_length": 460.9609375,
  "rollout_seconds": 11.990297079086304,
  "mean_reward": 0.7421875,
  "std_reward": 0.4382871091365814,
  "min_reward": 0.0,
  "max_reward": 1.0,
  "mean_advantage": -3.725290298461914e-09,
  "std_advantage": 0.46862223744392395,
  "num_groups": 32.0
}
