{
  "type": "rollout",
  "grpo_step": 156,
  "num_questions": 32,
  "group_size": 8.0,
  "num_rollouts": 256,
  "reward": 0.33203125,
  "format_accuracy": 0.796875,
  "answer_accuracy": 0.33203125,
  "avg_response_token_length": 189.9140625,
  "rollout_seconds": 9.293761730194092,
  "mean_reward": 0.33203125,
  "std_reward": 0.47186464071273804,
  "min_reward": 0.0,
  "max_reward": 1.0,
  "mean_advantage": 9.313225746154785e-10,
  "std_advantage": 0.8448207974433899,
  "num_groups": 32.0
}
