{
  "type": "rollout",
  "grpo_step": 180,
  "num_questions": 32,
  "group_size": 8.0,
  "num_rollouts": 256,
  "reward": 0.59765625,
  "format_accuracy": 0.9140625,
  "answer_accuracy": 0.59765625,
  "avg_response_token_length": 223.7890625,
  "rollout_seconds": 19.984819650650024,
  "mean_reward": 0.59765625,
  "std_reward": 0.4913311004638672,
  "min_reward": 0.0,
  "max_reward": 1.0,
  "mean_advantage": 1.1641532182693481e-09,
  "std_advantage": 0.662731945514679,
  "num_groups": 32.0
}
