{
  "type": "rollout",
  "grpo_step": 16,
  "num_questions": 32,
  "group_size": 8.0,
  "num_rollouts": 256,
  "reward": 0.6875,
  "format_accuracy": 0.92578125,
  "answer_accuracy": 0.6875,
  "avg_response_token_length": 589.97265625,
  "rollout_seconds": 17.779712915420532,
  "mean_reward": 0.6875,
  "std_reward": 0.4644203782081604,
  "min_reward": 0.0,
  "max_reward": 1.0,
  "mean_advantage": -1.862645149230957e-09,
  "std_advantage": 0.6627317070960999,
  "num_groups": 32.0
}
