{
  "type": "rollout",
  "grpo_step": 136,
  "num_questions": 32,
  "group_size": 8.0,
  "num_rollouts": 256,
  "reward": 0.375,
  "format_accuracy": 0.859375,
  "answer_accuracy": 0.375,
  "avg_response_token_length": 152.54296875,
  "rollout_seconds": 8.370677709579468,
  "mean_reward": 0.375,
  "std_reward": 0.48507124185562134,
  "min_reward": 0.0,
  "max_reward": 1.0,
  "mean_advantage": -3.725290298461914e-09,
  "std_advantage": 0.8116776347160339,
  "num_groups": 32.0
}
