{
  "type": "rollout",
  "grpo_step": 164,
  "num_questions": 32,
  "group_size": 8.0,
  "num_rollouts": 256,
  "reward": 0.625,
  "format_accuracy": 0.86328125,
  "answer_accuracy": 0.625,
  "avg_response_token_length": 394.87109375,
  "rollout_seconds": 13.698887586593628,
  "mean_reward": 0.625,
  "std_reward": 0.48507124185562134,
  "min_reward": 0.0,
  "max_reward": 1.0,
  "mean_advantage": 0.0,
  "std_advantage": 0.1980295032262802,
  "num_groups": 32.0
}
