{
  "type": "rollout",
  "grpo_step": 160,
  "num_questions": 32,
  "group_size": 8.0,
  "num_rollouts": 256,
  "reward": 0.53515625,
  "format_accuracy": 0.81640625,
  "answer_accuracy": 0.53515625,
  "avg_response_token_length": 462.08984375,
  "rollout_seconds": 15.097601413726807,
  "mean_reward": 0.53515625,
  "std_reward": 0.49973952770233154,
  "min_reward": 0.0,
  "max_reward": 1.0,
  "mean_advantage": 0.0,
  "std_advantage": 0.20412415266036987,
  "num_groups": 32.0
}
