{
  "type": "rollout",
  "grpo_step": 184,
  "num_questions": 32,
  "group_size": 8.0,
  "num_rollouts": 256,
  "reward": 0.79296875,
  "format_accuracy": 0.9375,
  "answer_accuracy": 0.79296875,
  "avg_response_token_length": 318.53515625,
  "rollout_seconds": 11.703980445861816,
  "mean_reward": 0.79296875,
  "std_reward": 0.40597182512283325,
  "min_reward": 0.0,
  "max_reward": 1.0,
  "mean_advantage": -9.313225746154785e-10,
  "std_advantage": 0.4970489740371704,
  "num_groups": 32.0
}
