{
  "type": "rollout",
  "grpo_step": 21,
  "num_questions": 32,
  "group_size": 8.0,
  "num_rollouts": 256,
  "reward": 0.484375,
  "format_accuracy": 0.96484375,
  "answer_accuracy": 0.484375,
  "avg_response_token_length": 185.99609375,
  "rollout_seconds": 8.82270097732544,
  "mean_reward": 0.484375,
  "std_reward": 0.5007347464561462,
  "min_reward": 0.0,
  "max_reward": 1.0,
  "mean_advantage": -6.51925802230835e-09,
  "std_advantage": 0.6627318859100342,
  "num_groups": 32.0
}
