{
  "type": "rollout",
  "grpo_step": 169,
  "num_questions": 32,
  "group_size": 8.0,
  "num_rollouts": 256,
  "reward": 0.7890625,
  "format_accuracy": 0.95703125,
  "answer_accuracy": 0.7890625,
  "avg_response_token_length": 345.84375,
  "rollout_seconds": 12.321011781692505,
  "mean_reward": 0.7890625,
  "std_reward": 0.408773273229599,
  "min_reward": 0.0,
  "max_reward": 1.0,
  "mean_advantage": 9.313225746154785e-10,
  "std_advantage": 0.4686221778392792,
  "num_groups": 32.0
}
