{
  "type": "rollout",
  "grpo_step": 26,
  "num_questions": 32,
  "group_size": 8.0,
  "num_rollouts": 256,
  "reward": 0.62890625,
  "format_accuracy": 0.9375,
  "answer_accuracy": 0.62890625,
  "avg_response_token_length": 296.265625,
  "rollout_seconds": 9.115512132644653,
  "mean_reward": 0.62890625,
  "std_reward": 0.48404380679130554,
  "min_reward": 0.0,
  "max_reward": 1.0,
  "mean_advantage": 0.0,
  "std_advantage": 0.5973783731460571,
  "num_groups": 32.0
}
