{
  "type": "rollout",
  "grpo_step": 26,
  "num_questions": 32,
  "group_size": 8.0,
  "num_rollouts": 256,
  "reward": 0.390625,
  "format_accuracy": 0.9765625,
  "answer_accuracy": 0.390625,
  "avg_response_token_length": 106.5390625,
  "rollout_seconds": 7.52154016494751,
  "mean_reward": 0.390625,
  "std_reward": 0.48884618282318115,
  "min_reward": 0.0,
  "max_reward": 1.0,
  "mean_advantage": 7.450580596923828e-09,
  "std_advantage": 0.7945876121520996,
  "num_groups": 32.0
}
