{
  "type": "rollout",
  "grpo_step": 82,
  "num_questions": 32,
  "group_size": 8.0,
  "num_rollouts": 256,
  "reward": 0.77734375,
  "format_accuracy": 0.9609375,
  "answer_accuracy": 0.77734375,
  "avg_response_token_length": 370.6875,
  "rollout_seconds": 18.034226417541504,
  "mean_reward": 0.77734375,
  "std_reward": 0.41684433817863464,
  "min_reward": 0.0,
  "max_reward": 1.0,
  "mean_advantage": 2.7939677238464355e-09,
  "std_advantage": 0.46862220764160156,
  "num_groups": 32.0
}
