{
  "type": "rollout",
  "grpo_step": 33,
  "num_questions": 32,
  "group_size": 8.0,
  "num_rollouts": 256,
  "reward": 0.61328125,
  "format_accuracy": 0.921875,
  "answer_accuracy": 0.61328125,
  "avg_response_token_length": 298.42578125,
  "rollout_seconds": 13.703209400177002,
  "mean_reward": 0.61328125,
  "std_reward": 0.4879522919654846,
  "min_reward": 0.0,
  "max_reward": 1.0,
  "mean_advantage": 7.450580596923828e-09,
  "std_advantage": 0.7029334306716919,
  "num_groups": 32.0
}
