{
  "type": "rollout",
  "grpo_step": 179,
  "num_questions": 32,
  "group_size": 8.0,
  "num_rollouts": 256,
  "reward": 0.7734375,
  "format_accuracy": 0.984375,
  "answer_accuracy": 0.7734375,
  "avg_response_token_length": 279.765625,
  "rollout_seconds": 11.86246657371521,
  "mean_reward": 0.7734375,
  "std_reward": 0.41942712664604187,
  "min_reward": 0.0,
  "max_reward": 1.0,
  "mean_advantage": -4.6566128730773926e-09,
  "std_advantage": 0.49704888463020325,
  "num_groups": 32.0
}
