{
  "type": "rollout",
  "grpo_step": 107,
  "num_questions": 32,
  "group_size": 8.0,
  "num_rollouts": 256,
  "reward": 0.35546875,
  "format_accuracy": 0.9921875,
  "answer_accuracy": 0.35546875,
  "avg_response_token_length": 19.54296875,
  "rollout_seconds": 3.197733163833618,
  "mean_reward": 0.35546875,
  "std_reward": 0.4795927405357361,
  "min_reward": 0.0,
  "max_reward": 1.0,
  "mean_advantage": -4.656612873077393e-10,
  "std_advantage": 0.4058386981487274,
  "num_groups": 32.0
}
