{
  "type": "rollout",
  "grpo_step": 105,
  "num_questions": 32,
  "group_size": 8.0,
  "num_rollouts": 256,
  "reward": 0.78125,
  "format_accuracy": 0.9296875,
  "answer_accuracy": 0.78125,
  "avg_response_token_length": 429.67578125,
  "rollout_seconds": 14.330311298370361,
  "mean_reward": 0.78125,
  "std_reward": 0.41420844197273254,
  "min_reward": 0.0,
  "max_reward": 1.0,
  "mean_advantage": -4.190951585769653e-09,
  "std_advantage": 0.5973784327507019,
  "num_groups": 32.0
}
