{
  "type": "rollout",
  "grpo_step": 88,
  "num_questions": 32,
  "group_size": 8.0,
  "num_rollouts": 256,
  "reward": 0.71875,
  "format_accuracy": 0.9765625,
  "answer_accuracy": 0.71875,
  "avg_response_token_length": 489.390625,
  "rollout_seconds": 15.75562071800232,
  "mean_reward": 0.71875,
  "std_reward": 0.45048993825912476,
  "min_reward": 0.0,
  "max_reward": 1.0,
  "mean_advantage": 0.0,
  "std_advantage": 0.2852587401866913,
  "num_groups": 32.0
}
