{
  "type": "rollout",
  "grpo_step": 43,
  "num_questions": 32,
  "group_size": 8.0,
  "num_rollouts": 256,
  "reward": 0.53515625,
  "format_accuracy": 0.953125,
  "answer_accuracy": 0.53515625,
  "avg_response_token_length": 168.92578125,
  "rollout_seconds": 8.742812871932983,
  "mean_reward": 0.53515625,
  "std_reward": 0.49973952770233154,
  "min_reward": 0.0,
  "max_reward": 1.0,
  "mean_advantage": 5.587935447692871e-09,
  "std_advantage": 0.7592548727989197,
  "num_groups": 32.0
}
