{
  "type": "rollout",
  "grpo_step": 157,
  "num_questions": 32,
  "group_size": 8.0,
  "num_rollouts": 256,
  "reward": 0.42578125,
  "format_accuracy": 0.80859375,
  "answer_accuracy": 0.42578125,
  "avg_response_token_length": 319.72265625,
  "rollout_seconds": 12.07538390159607,
  "mean_reward": 0.42578125,
  "std_reward": 0.49542948603630066,
  "min_reward": 0.0,
  "max_reward": 1.0,
  "mean_advantage": 6.984919309616089e-09,
  "std_advantage": 0.7221953868865967,
  "num_groups": 32.0
}
