{
  "type": "rollout",
  "grpo_step": 5,
  "num_questions": 32,
  "group_size": 8.0,
  "num_rollouts": 256,
  "reward": 0.125,
  "format_accuracy": 0.51171875,
  "answer_accuracy": 0.125,
  "avg_response_token_length": 391.21875,
  "rollout_seconds": 14.477691888809204,
  "mean_reward": 0.125,
  "std_reward": 0.33136674761772156,
  "min_reward": 0.0,
  "max_reward": 1.0,
  "mean_advantage": 0.0,
  "std_advantage": 0.6199289560317993,
  "num_groups": 32.0
}
