{
  "type": "rollout",
  "grpo_step": 270,
  "num_questions": 32,
  "group_size": 8.0,
  "num_rollouts": 256,
  "reward": 0.6171875,
  "format_accuracy": 0.9375,
  "answer_accuracy": 0.6171875,
  "avg_response_token_length": 463.9609375,
  "rollout_seconds": 11.942774534225464,
  "mean_reward": 0.6171875,
  "std_reward": 0.48702529072761536,
  "min_reward": 0.0,
  "max_reward": 1.0,
  "mean_advantage": -9.313225746154785e-10,
  "std_advantage": 0.5239356160163879,
  "num_groups": 32.0
}
