{
  "type": "rollout",
  "grpo_step": 43,
  "num_questions": 32,
  "group_size": 8.0,
  "num_rollouts": 256,
  "reward": 0.796875,
  "format_accuracy": 0.9453125,
  "answer_accuracy": 0.796875,
  "avg_response_token_length": 561.421875,
  "rollout_seconds": 17.028100728988647,
  "mean_reward": 0.796875,
  "std_reward": 0.40311288833618164,
  "min_reward": 0.0,
  "max_reward": 1.0,
  "mean_advantage": -6.51925802230835e-09,
  "std_advantage": 0.6627318263053894,
  "num_groups": 32.0
}
