{
  "type": "rollout",
  "grpo_step": 142,
  "num_questions": 32,
  "group_size": 8.0,
  "num_rollouts": 256,
  "reward": 0.57421875,
  "format_accuracy": 0.74609375,
  "answer_accuracy": 0.57421875,
  "avg_response_token_length": 417.76953125,
  "rollout_seconds": 14.106397151947021,
  "mean_reward": 0.57421875,
  "std_reward": 0.49542948603630066,
  "min_reward": 0.0,
  "max_reward": 1.0,
  "mean_advantage": -9.313225746154785e-10,
  "std_advantage": 0.5239355564117432,
  "num_groups": 32.0
}
