{
  "num_examples": 3199,
  "reward": 0.2381994373241638,
  "format_accuracy": 0.8218193185370428,
  "answer_accuracy": 0.2381994373241638,
  "temperature": 1.0,
  "top_p": 1.0,
  "max_tokens": 1024,
  "stop": "</answer>",
  "include_stop_str_in_output": true,
  "eval_seconds": 127.28954100608826
}
