{
  "num_examples": 3199,
  "reward": 0.19693654266958424,
  "format_accuracy": 0.8286964676461395,
  "answer_accuracy": 0.19693654266958424,
  "temperature": 1.0,
  "top_p": 1.0,
  "max_tokens": 1024,
  "stop": "</answer>",
  "include_stop_str_in_output": true,
  "eval_seconds": 140.2760365009308
}
