{
  "num_examples": 3199,
  "reward": 0.3241638011878712,
  "format_accuracy": 0.8868396373866834,
  "answer_accuracy": 0.3241638011878712,
  "temperature": 1.0,
  "top_p": 1.0,
  "max_tokens": 1024,
  "stop": "</answer>",
  "include_stop_str_in_output": true,
  "eval_seconds": 143.07405614852905
}
