{
  "num_examples": 3199,
  "reward": 0.2872772741481713,
  "format_accuracy": 0.8777743044701469,
  "answer_accuracy": 0.2872772741481713,
  "temperature": 1.0,
  "top_p": 1.0,
  "max_tokens": 1024,
  "stop": "</answer>",
  "include_stop_str_in_output": true,
  "eval_seconds": 136.0029182434082
}
