{
  "num_examples": 3199,
  "reward": 0.33916849015317285,
  "format_accuracy": 0.8909034073147859,
  "answer_accuracy": 0.33916849015317285,
  "temperature": 1.0,
  "top_p": 1.0,
  "max_tokens": 1024,
  "stop": "</answer>",
  "include_stop_str_in_output": true,
  "eval_seconds": 120.5236177444458
}
