{
  "type": "rollout",
  "grpo_step": 64,
  "num_questions": 32,
  "group_size": 8.0,
  "num_rollouts": 256,
  "reward": 0.3203125,
  "format_accuracy": 0.8046875,
  "answer_accuracy": 0.3203125,
  "avg_response_token_length": 248.72265625,
  "rollout_seconds": 10.242518424987793,
  "mean_reward": 0.3203125,
  "std_reward": 0.4675106108188629,
  "min_reward": 0.0,
  "max_reward": 1.0,
  "mean_advantage": -3.725290298461914e-09,
  "std_advantage": 0.7771220803260803,
  "num_groups": 32.0
}
