{
  "type": "rollout",
  "grpo_step": 64,
  "num_questions": 32,
  "group_size": 8.0,
  "num_rollouts": 256,
  "reward": 0.171875,
  "format_accuracy": 0.77734375,
  "answer_accuracy": 0.171875,
  "avg_response_token_length": 154.671875,
  "rollout_seconds": 8.710933446884155,
  "mean_reward": 0.171875,
  "std_reward": 0.3780107796192169,
  "min_reward": 0.0,
  "max_reward": 1.0,
  "mean_advantage": 6.51925802230835e-09,
  "std_advantage": 0.6416874527931213,
  "num_groups": 32.0
}
