{
  "type": "rollout",
  "grpo_step": 127,
  "num_questions": 32,
  "group_size": 8.0,
  "num_rollouts": 256,
  "reward": 0.8984375,
  "format_accuracy": 0.9453125,
  "answer_accuracy": 0.8984375,
  "avg_response_token_length": 401.453125,
  "rollout_seconds": 22.734397649765015,
  "mean_reward": 0.8984375,
  "std_reward": 0.3026638329029083,
  "min_reward": 0.0,
  "max_reward": 1.0,
  "mean_advantage": -1.862645149230957e-09,
  "std_advantage": 0.43835583329200745,
  "num_groups": 32.0
}
