{
  "type": "rollout",
  "grpo_step": 66,
  "num_questions": 32,
  "group_size": 8.0,
  "num_rollouts": 256,
  "reward": 0.37109375,
  "format_accuracy": 0.94140625,
  "answer_accuracy": 0.37109375,
  "avg_response_token_length": 23.5078125,
  "rollout_seconds": 2.8357956409454346,
  "mean_reward": 0.37109375,
  "std_reward": 0.48404380679130554,
  "min_reward": 0.0,
  "max_reward": 1.0,
  "mean_advantage": 0.0,
  "std_advantage": 0.5239354372024536,
  "num_groups": 32.0
}
