{
  "type": "rollout",
  "grpo_step": 154,
  "num_questions": 32,
  "group_size": 8.0,
  "num_rollouts": 256,
  "reward": 0.78125,
  "format_accuracy": 0.96484375,
  "answer_accuracy": 0.78125,
  "avg_response_token_length": 352.7578125,
  "rollout_seconds": 13.002381086349487,
  "mean_reward": 0.78125,
  "std_reward": 0.41420844197273254,
  "min_reward": 0.0,
  "max_reward": 1.0,
  "mean_advantage": 0.0,
  "std_advantage": 0.2783001661300659,
  "num_groups": 32.0
}
