{
  "type": "rollout",
  "ei_step": 5,
  "num_questions": 512,
  "rollouts_per_question": 4,
  "num_rollouts": 2048,
  "num_accepted": 426,
  "accepted_fraction": 0.2080078125,
  "question_coverage_with_accept": 0.5,
  "reward": 0.2080078125,
  "format_accuracy": 0.75830078125,
  "answer_accuracy": 0.2080078125,
  "avg_token_entropy": 1.012872338294983,
  "avg_accepted_token_entropy": 0.850493095290493,
  "avg_response_token_length": 193.09228515625,
  "avg_accepted_response_token_length": 128.2582159624413,
  "rollout_seconds": 65.13128137588501
}
