{
  "type": "rollout",
  "grpo_step": 2,
  "num_questions": 32,
  "group_size": 8.0,
  "num_rollouts": 256,
  "reward": 0.1484375,
  "format_accuracy": 0.703125,
  "answer_accuracy": 0.1484375,
  "avg_response_token_length": 154.375,
  "rollout_seconds": 8.404571294784546,
  "mean_reward": 0.1484375,
  "std_reward": 0.3562295734882355,
  "min_reward": 0.0,
  "max_reward": 1.0,
  "mean_advantage": 0.0,
  "std_advantage": 0.29372522234916687,
  "num_groups": 32.0
}
