{
  "type": "rollout",
  "grpo_step": 157,
  "num_questions": 32,
  "group_size": 8.0,
  "num_rollouts": 256,
  "reward": 0.69921875,
  "format_accuracy": 0.91015625,
  "answer_accuracy": 0.69921875,
  "avg_response_token_length": 509.48046875,
  "rollout_seconds": 12.665969848632812,
  "mean_reward": 0.69921875,
  "std_reward": 0.45949608087539673,
  "min_reward": 0.0,
  "max_reward": 1.0,
  "mean_advantage": -2.561137080192566e-09,
  "std_advantage": 0.6199290752410889,
  "num_groups": 32.0
}
