{
  "type": "rollout",
  "grpo_step": 115,
  "num_questions": 32,
  "group_size": 8.0,
  "num_rollouts": 256,
  "reward": 0.73828125,
  "format_accuracy": 0.94921875,
  "answer_accuracy": 0.73828125,
  "avg_response_token_length": 341.30078125,
  "rollout_seconds": 12.52391266822815,
  "mean_reward": 0.73828125,
  "std_reward": 0.4404313564300537,
  "min_reward": 0.0,
  "max_reward": 1.0,
  "mean_advantage": -1.3969838619232178e-09,
  "std_advantage": 0.46862226724624634,
  "num_groups": 32.0
}
