{
  "type": "rollout",
  "grpo_step": 180,
  "num_questions": 32,
  "group_size": 8.0,
  "num_rollouts": 256,
  "reward": 0.328125,
  "format_accuracy": 0.94921875,
  "answer_accuracy": 0.328125,
  "avg_response_token_length": 16.671875,
  "rollout_seconds": 1.3309345245361328,
  "mean_reward": 0.328125,
  "std_reward": 0.47045034170150757,
  "min_reward": 0.0,
  "max_reward": 1.0,
  "mean_advantage": -9.313225746154785e-10,
  "std_advantage": 0.4970487952232361,
  "num_groups": 32.0
}
