{
  "type": "rollout",
  "grpo_step": 37,
  "num_questions": 32,
  "group_size": 8.0,
  "num_rollouts": 256,
  "reward": 0.40625,
  "format_accuracy": 0.97265625,
  "answer_accuracy": 0.40625,
  "avg_response_token_length": 24.79296875,
  "rollout_seconds": 6.600125789642334,
  "mean_reward": 0.40625,
  "std_reward": 0.49209436774253845,
  "min_reward": 0.0,
  "max_reward": 1.0,
  "mean_advantage": 1.862645149230957e-09,
  "std_advantage": 0.438355952501297,
  "num_groups": 32.0
}
