{
  "type": "rollout",
  "grpo_step": 191,
  "num_questions": 32,
  "group_size": 8.0,
  "num_rollouts": 256,
  "reward": 0.80859375,
  "format_accuracy": 0.9765625,
  "answer_accuracy": 0.80859375,
  "avg_response_token_length": 377.3125,
  "rollout_seconds": 13.350872039794922,
  "mean_reward": 0.80859375,
  "std_reward": 0.39417868852615356,
  "min_reward": 0.0,
  "max_reward": 1.0,
  "mean_advantage": -2.7939677238464355e-09,
  "std_advantage": 0.40583884716033936,
  "num_groups": 32.0
}
