{
  "type": "rollout",
  "grpo_step": 21,
  "num_questions": 32,
  "group_size": 8.0,
  "num_rollouts": 256,
  "reward": 0.26171875,
  "format_accuracy": 1.0,
  "answer_accuracy": 0.26171875,
  "avg_response_token_length": 14.34375,
  "rollout_seconds": 2.1401443481445312,
  "mean_reward": 0.26171875,
  "std_reward": 0.4404313564300537,
  "min_reward": 0.0,
  "max_reward": 1.0,
  "mean_advantage": 9.313225746154785e-09,
  "std_advantage": 0.5973784923553467,
  "num_groups": 32.0
}
