{
  "type": "rollout",
  "grpo_step": 85,
  "num_questions": 32,
  "group_size": 8.0,
  "num_rollouts": 256,
  "reward": 0.4296875,
  "format_accuracy": 0.8203125,
  "answer_accuracy": 0.4296875,
  "avg_response_token_length": 262.953125,
  "rollout_seconds": 10.6787850856781,
  "mean_reward": 0.4296875,
  "std_reward": 0.49600115418434143,
  "min_reward": 0.0,
  "max_reward": 1.0,
  "mean_advantage": 2.7939677238464355e-09,
  "std_advantage": 0.7771220207214355,
  "num_groups": 32.0
}
