{
  "type": "rollout",
  "grpo_step": 111,
  "num_questions": 32,
  "group_size": 8.0,
  "num_rollouts": 256,
  "reward": 0.61328125,
  "format_accuracy": 0.91015625,
  "answer_accuracy": 0.61328125,
  "avg_response_token_length": 501.8828125,
  "rollout_seconds": 12.92247986793518,
  "mean_reward": 0.61328125,
  "std_reward": 0.4879522919654846,
  "min_reward": 0.0,
  "max_reward": 1.0,
  "mean_advantage": -2.7939677238464355e-09,
  "std_advantage": 0.662731945514679,
  "num_groups": 32.0
}
