{
  "type": "rollout",
  "grpo_step": 88,
  "num_questions": 32,
  "group_size": 8.0,
  "num_rollouts": 256,
  "reward": 0.75,
  "format_accuracy": 0.9296875,
  "answer_accuracy": 0.75,
  "avg_response_token_length": 394.765625,
  "rollout_seconds": 14.12269115447998,
  "mean_reward": 0.75,
  "std_reward": 0.4338609278202057,
  "min_reward": 0.0,
  "max_reward": 1.0,
  "mean_advantage": 1.862645149230957e-09,
  "std_advantage": 0.5495083928108215,
  "num_groups": 32.0
}
