{
  "type": "rollout",
  "grpo_step": 199,
  "num_questions": 32,
  "group_size": 8.0,
  "num_rollouts": 256,
  "reward": 0.6953125,
  "format_accuracy": 0.9609375,
  "answer_accuracy": 0.6953125,
  "avg_response_token_length": 510.234375,
  "rollout_seconds": 16.584534883499146,
  "mean_reward": 0.6953125,
  "std_reward": 0.4611765742301941,
  "min_reward": 0.0,
  "max_reward": 1.0,
  "mean_advantage": 0.0,
  "std_advantage": 0.27116307616233826,
  "num_groups": 32.0
}
