{
  "type": "rollout",
  "grpo_step": 52,
  "num_questions": 32,
  "group_size": 8.0,
  "num_rollouts": 256,
  "reward": 0.44921875,
  "format_accuracy": 0.82421875,
  "answer_accuracy": 0.44921875,
  "avg_response_token_length": 225.078125,
  "rollout_seconds": 10.276615858078003,
  "mean_reward": 0.44921875,
  "std_reward": 0.49838894605636597,
  "min_reward": 0.0,
  "max_reward": 1.0,
  "mean_advantage": -1.862645149230957e-09,
  "std_advantage": 0.740956723690033,
  "num_groups": 32.0
}
