{
  "type": "rollout",
  "grpo_step": 102,
  "num_questions": 32,
  "group_size": 8.0,
  "num_rollouts": 256,
  "reward": 0.71875,
  "format_accuracy": 0.96484375,
  "answer_accuracy": 0.71875,
  "avg_response_token_length": 348.96484375,
  "rollout_seconds": 9.728415966033936,
  "mean_reward": 0.71875,
  "std_reward": 0.45048993825912476,
  "min_reward": 0.0,
  "max_reward": 1.0,
  "mean_advantage": 9.313225746154785e-10,
  "std_advantage": 0.49704882502555847,
  "num_groups": 32.0
}
