{
  "type": "rollout",
  "grpo_step": 109,
  "num_questions": 32,
  "group_size": 8.0,
  "num_rollouts": 256,
  "reward": 0.59375,
  "format_accuracy": 0.8984375,
  "answer_accuracy": 0.59375,
  "avg_response_token_length": 464.1875,
  "rollout_seconds": 15.232480525970459,
  "mean_reward": 0.59375,
  "std_reward": 0.49209436774253845,
  "min_reward": 0.0,
  "max_reward": 1.0,
  "mean_advantage": 2.7939677238464355e-09,
  "std_advantage": 0.549508273601532,
  "num_groups": 32.0
}
