{
  "type": "rollout",
  "grpo_step": 149,
  "num_questions": 32,
  "group_size": 8.0,
  "num_rollouts": 256,
  "reward": 0.6484375,
  "format_accuracy": 0.8984375,
  "answer_accuracy": 0.6484375,
  "avg_response_token_length": 440.55859375,
  "rollout_seconds": 15.040975093841553,
  "mean_reward": 0.6484375,
  "std_reward": 0.47839346528053284,
  "min_reward": 0.0,
  "max_reward": 1.0,
  "mean_advantage": -9.313225746154785e-10,
  "std_advantage": 0.4058386981487274,
  "num_groups": 32.0
}
