{
  "type": "rollout",
  "grpo_step": 172,
  "num_questions": 32,
  "group_size": 8.0,
  "num_rollouts": 256,
  "reward": 0.74609375,
  "format_accuracy": 0.94921875,
  "answer_accuracy": 0.74609375,
  "avg_response_token_length": 325.3671875,
  "rollout_seconds": 12.07682991027832,
  "mean_reward": 0.74609375,
  "std_reward": 0.4360972046852112,
  "min_reward": 0.0,
  "max_reward": 1.0,
  "mean_advantage": 0.0,
  "std_advantage": 0.2878248393535614,
  "num_groups": 32.0
}
