{
  "type": "rollout",
  "grpo_step": 172,
  "num_questions": 32,
  "group_size": 8.0,
  "num_rollouts": 256,
  "reward": 0.8671875,
  "format_accuracy": 0.984375,
  "answer_accuracy": 0.8671875,
  "avg_response_token_length": 397.37890625,
  "rollout_seconds": 13.977421283721924,
  "mean_reward": 0.8671875,
  "std_reward": 0.3400367498397827,
  "min_reward": 0.0,
  "max_reward": 1.0,
  "mean_advantage": -5.122274160385132e-09,
  "std_advantage": 0.4686221778392792,
  "num_groups": 32.0
}
