{
  "type": "rollout",
  "grpo_step": 60,
  "num_questions": 32,
  "group_size": 8.0,
  "num_rollouts": 256,
  "reward": 0.3984375,
  "format_accuracy": 0.91015625,
  "answer_accuracy": 0.3984375,
  "avg_response_token_length": 283.2421875,
  "rollout_seconds": 12.040626287460327,
  "mean_reward": 0.3984375,
  "std_reward": 0.4905354082584381,
  "min_reward": 0.0,
  "max_reward": 1.0,
  "mean_advantage": -1.1641532182693481e-09,
  "std_advantage": 0.7409567832946777,
  "num_groups": 32.0
}
