{
  "type": "rollout",
  "grpo_step": 340,
  "num_questions": 32,
  "group_size": 8.0,
  "num_rollouts": 256,
  "reward": 0.84375,
  "format_accuracy": 0.94140625,
  "answer_accuracy": 0.84375,
  "avg_response_token_length": 412.12890625,
  "rollout_seconds": 10.838006019592285,
  "mean_reward": 0.84375,
  "std_reward": 0.3638034462928772,
  "min_reward": 0.0,
  "max_reward": 1.0,
  "mean_advantage": -3.725290298461914e-09,
  "std_advantage": 0.4970487952232361,
  "num_groups": 32.0
}
