{
  "type": "rollout",
  "grpo_step": 27,
  "num_questions": 32,
  "group_size": 8.0,
  "num_rollouts": 256,
  "reward": 0.39453125,
  "format_accuracy": 0.8046875,
  "answer_accuracy": 0.39453125,
  "avg_response_token_length": 225.29296875,
  "rollout_seconds": 10.270675420761108,
  "mean_reward": 0.39453125,
  "std_reward": 0.48970717191696167,
  "min_reward": 0.0,
  "max_reward": 1.0,
  "mean_advantage": -4.6566128730773926e-09,
  "std_advantage": 0.8116776943206787,
  "num_groups": 32.0
}
