{
  "type": "rollout",
  "grpo_step": 6,
  "num_questions": 32,
  "group_size": 8.0,
  "num_rollouts": 256,
  "reward": 0.33203125,
  "format_accuracy": 0.96484375,
  "answer_accuracy": 0.33203125,
  "avg_response_token_length": 232.8359375,
  "rollout_seconds": 9.883843660354614,
  "mean_reward": 0.33203125,
  "std_reward": 0.47186464071273804,
  "min_reward": 0.0,
  "max_reward": 1.0,
  "mean_advantage": 0.0,
  "std_advantage": 0.7029334306716919,
  "num_groups": 32.0
}
