{
  "type": "rollout",
  "grpo_step": 182,
  "num_questions": 32,
  "group_size": 8.0,
  "num_rollouts": 256,
  "reward": 0.41015625,
  "format_accuracy": 1.0,
  "answer_accuracy": 0.41015625,
  "avg_response_token_length": 15.4375,
  "rollout_seconds": 1.3088314533233643,
  "mean_reward": 0.41015625,
  "std_reward": 0.49282535910606384,
  "min_reward": 0.0,
  "max_reward": 1.0,
  "mean_advantage": 0.0,
  "std_advantage": 0.46862220764160156,
  "num_groups": 32.0
}
