{
  "type": "rollout",
  "grpo_step": 128,
  "num_questions": 32,
  "group_size": 8.0,
  "num_rollouts": 256,
  "reward": 0.61328125,
  "format_accuracy": 0.8671875,
  "answer_accuracy": 0.61328125,
  "avg_response_token_length": 374.33984375,
  "rollout_seconds": 13.842323064804077,
  "mean_reward": 0.61328125,
  "std_reward": 0.4879522919654846,
  "min_reward": 0.0,
  "max_reward": 1.0,
  "mean_advantage": 0.0,
  "std_advantage": 0.2666053771972656,
  "num_groups": 32.0
}
