{
  "type": "rollout",
  "grpo_step": 274,
  "num_questions": 32,
  "group_size": 8.0,
  "num_rollouts": 256,
  "reward": 0.84375,
  "format_accuracy": 0.97265625,
  "answer_accuracy": 0.84375,
  "avg_response_token_length": 422.74609375,
  "rollout_seconds": 10.972668886184692,
  "mean_reward": 0.84375,
  "std_reward": 0.3638034462928772,
  "min_reward": 0.0,
  "max_reward": 1.0,
  "mean_advantage": 1.862645149230957e-09,
  "std_advantage": 0.5239356160163879,
  "num_groups": 32.0
}
