{
  "type": "rollout",
  "grpo_step": 13,
  "num_questions": 32,
  "group_size": 8.0,
  "num_rollouts": 256,
  "reward": 0.4609375,
  "format_accuracy": 0.859375,
  "answer_accuracy": 0.4609375,
  "avg_response_token_length": 195.8046875,
  "rollout_seconds": 10.323469161987305,
  "mean_reward": 0.4609375,
  "std_reward": 0.4994482398033142,
  "min_reward": 0.0,
  "max_reward": 1.0,
  "mean_advantage": 0.0,
  "std_advantage": 0.7945876717567444,
  "num_groups": 32.0
}
