{
  "type": "rollout",
  "grpo_step": 50,
  "num_questions": 32,
  "group_size": 8.0,
  "num_rollouts": 256,
  "reward": 0.78515625,
  "format_accuracy": 0.9921875,
  "answer_accuracy": 0.78515625,
  "avg_response_token_length": 297.32421875,
  "rollout_seconds": 11.097614765167236,
  "mean_reward": 0.78515625,
  "std_reward": 0.4115184545516968,
  "min_reward": 0.0,
  "max_reward": 1.0,
  "mean_advantage": -4.6566128730773926e-09,
  "std_advantage": 0.5973784327507019,
  "num_groups": 32.0
}
