{
  "type": "rollout",
  "grpo_step": 69,
  "num_questions": 32,
  "group_size": 8.0,
  "num_rollouts": 256,
  "reward": 0.74609375,
  "format_accuracy": 0.9609375,
  "answer_accuracy": 0.74609375,
  "avg_response_token_length": 271.875,
  "rollout_seconds": 11.131403923034668,
  "mean_reward": 0.74609375,
  "std_reward": 0.4360972046852112,
  "min_reward": 0.0,
  "max_reward": 1.0,
  "mean_advantage": -5.122274160385132e-09,
  "std_advantage": 0.6831283569335938,
  "num_groups": 32.0
}
