{
  "type": "rollout",
  "grpo_step": 51,
  "num_questions": 32,
  "group_size": 8.0,
  "num_rollouts": 256,
  "reward": 0.79296875,
  "format_accuracy": 0.92578125,
  "answer_accuracy": 0.79296875,
  "avg_response_token_length": 514.5234375,
  "rollout_seconds": 23.901999950408936,
  "mean_reward": 0.79296875,
  "std_reward": 0.40597182512283325,
  "min_reward": 0.0,
  "max_reward": 1.0,
  "mean_advantage": 0.0,
  "std_advantage": 0.282669335603714,
  "num_groups": 32.0
}
