{
  "type": "rollout",
  "grpo_step": 40,
  "num_questions": 32,
  "group_size": 8.0,
  "num_rollouts": 256,
  "reward": 0.5390625,
  "format_accuracy": 0.875,
  "answer_accuracy": 0.5390625,
  "avg_response_token_length": 253.828125,
  "rollout_seconds": 10.789255380630493,
  "mean_reward": 0.5390625,
  "std_reward": 0.4994482398033142,
  "min_reward": 0.0,
  "max_reward": 1.0,
  "mean_advantage": 0.0,
  "std_advantage": 0.3253956735134125,
  "num_groups": 32.0
}
