{
  "type": "rollout",
  "grpo_step": 13,
  "num_questions": 32,
  "group_size": 8.0,
  "num_rollouts": 256,
  "reward": 0.71484375,
  "format_accuracy": 0.87109375,
  "answer_accuracy": 0.71484375,
  "avg_response_token_length": 569.12890625,
  "rollout_seconds": 17.075611114501953,
  "mean_reward": 0.71484375,
  "std_reward": 0.4523732364177704,
  "min_reward": 0.0,
  "max_reward": 1.0,
  "mean_advantage": -2.7939677238464355e-09,
  "std_advantage": 0.5239356160163879,
  "num_groups": 32.0
}
