{
  "type": "rollout",
  "grpo_step": 21,
  "num_questions": 32,
  "group_size": 8.0,
  "num_rollouts": 256,
  "reward": 0.0390625,
  "format_accuracy": 0.09375,
  "answer_accuracy": 0.0390625,
  "avg_response_token_length": 667.171875,
  "rollout_seconds": 20.137688636779785,
  "mean_reward": 0.0390625,
  "std_reward": 0.19412322342395782,
  "min_reward": 0.0,
  "max_reward": 1.0,
  "mean_advantage": 0.0,
  "std_advantage": 0.18257418274879456,
  "num_groups": 32.0
}
