{
  "type": "rollout",
  "grpo_step": 125,
  "num_questions": 32,
  "group_size": 8.0,
  "num_rollouts": 256,
  "reward": 0.1640625,
  "format_accuracy": 0.75,
  "answer_accuracy": 0.1640625,
  "avg_response_token_length": 38.8203125,
  "rollout_seconds": 5.659318208694458,
  "mean_reward": 0.1640625,
  "std_reward": 0.3710577189922333,
  "min_reward": 0.0,
  "max_reward": 1.0,
  "mean_advantage": 1.3969838619232178e-09,
  "std_advantage": 0.4970489740371704,
  "num_groups": 32.0
}
