{
  "type": "rollout",
  "grpo_step": 228,
  "num_questions": 32,
  "group_size": 8.0,
  "num_rollouts": 256,
  "reward": 0.6875,
  "format_accuracy": 0.91796875,
  "answer_accuracy": 0.6875,
  "avg_response_token_length": 424.93359375,
  "rollout_seconds": 14.721789360046387,
  "mean_reward": 0.6875,
  "std_reward": 0.4644203782081604,
  "min_reward": 0.0,
  "max_reward": 1.0,
  "mean_advantage": 2.7939677238464355e-09,
  "std_advantage": 0.6416875123977661,
  "num_groups": 32.0
}
