{
  "type": "rollout",
  "grpo_step": 188,
  "num_questions": 32,
  "group_size": 8.0,
  "num_rollouts": 256,
  "reward": 0.625,
  "format_accuracy": 0.74609375,
  "answer_accuracy": 0.625,
  "avg_response_token_length": 388.37109375,
  "rollout_seconds": 13.821613311767578,
  "mean_reward": 0.625,
  "std_reward": 0.48507124185562134,
  "min_reward": 0.0,
  "max_reward": 1.0,
  "mean_advantage": 2.3283064365386963e-09,
  "std_advantage": 0.5239354968070984,
  "num_groups": 32.0
}
