{
  "type": "rollout",
  "grpo_step": 139,
  "num_questions": 32,
  "group_size": 8.0,
  "num_rollouts": 256,
  "reward": 0.80859375,
  "format_accuracy": 0.9765625,
  "answer_accuracy": 0.80859375,
  "avg_response_token_length": 465.7578125,
  "rollout_seconds": 15.195446014404297,
  "mean_reward": 0.80859375,
  "std_reward": 0.39417868852615356,
  "min_reward": 0.0,
  "max_reward": 1.0,
  "mean_advantage": 0.0,
  "std_advantage": 0.2514662742614746,
  "num_groups": 32.0
}
