{
  "type": "rollout",
  "grpo_step": 192,
  "num_questions": 32,
  "group_size": 8.0,
  "num_rollouts": 256,
  "reward": 0.90234375,
  "format_accuracy": 0.97265625,
  "answer_accuracy": 0.90234375,
  "avg_response_token_length": 396.44921875,
  "rollout_seconds": 13.470526933670044,
  "mean_reward": 0.90234375,
  "std_reward": 0.29743078351020813,
  "min_reward": 0.0,
  "max_reward": 1.0,
  "mean_advantage": -3.725290298461914e-09,
  "std_advantage": 0.43835604190826416,
  "num_groups": 32.0
}
