{
  "type": "rollout",
  "ei_step": 4,
  "num_questions": 2048,
  "rollouts_per_question": 4,
  "num_rollouts": 8192,
  "num_accepted": 2218,
  "accepted_fraction": 0.270751953125,
  "question_coverage_with_accept": 0.57421875,
  "reward": 0.270751953125,
  "format_accuracy": 0.8067626953125,
  "answer_accuracy": 0.270751953125,
  "avg_token_entropy": 0.653743714094162,
  "avg_accepted_token_entropy": 0.5392029524064472,
  "avg_response_token_length": 263.267578125,
  "avg_accepted_response_token_length": 153.68575293056807,
  "rollout_seconds": 367.90777564048767
}
