{
  "type": "rollout",
  "ei_step": 4,
  "num_questions": 2048,
  "rollouts_per_question": 4,
  "num_rollouts": 8192,
  "num_accepted": 1526,
  "accepted_fraction": 0.186279296875,
  "question_coverage_with_accept": 0.47998046875,
  "reward": 0.186279296875,
  "format_accuracy": 0.6177978515625,
  "answer_accuracy": 0.186279296875,
  "avg_token_entropy": 1.2370263040065765,
  "avg_accepted_token_entropy": 0.9063031157847313,
  "avg_response_token_length": 413.5576171875,
  "avg_accepted_response_token_length": 168.6094364351245,
  "rollout_seconds": 515.1545956134796
}
