{
  "type": "rollout",
  "grpo_step": 198,
  "num_questions": 32,
  "group_size": 8.0,
  "num_rollouts": 256,
  "reward": 0.7421875,
  "format_accuracy": 0.9609375,
  "answer_accuracy": 0.7421875,
  "avg_response_token_length": 512.03125,
  "rollout_seconds": 15.843652963638306,
  "mean_reward": 0.7421875,
  "std_reward": 0.4382871091365814,
  "min_reward": 0.0,
  "max_reward": 1.0,
  "mean_advantage": -2.3283064365386963e-09,
  "std_advantage": 0.5739425420761108,
  "num_groups": 32.0
}
