{
  "type": "rollout",
  "grpo_step": 148,
  "num_questions": 32,
  "group_size": 8.0,
  "num_rollouts": 256,
  "reward": 0.7421875,
  "format_accuracy": 0.8984375,
  "answer_accuracy": 0.7421875,
  "avg_response_token_length": 432.90234375,
  "rollout_seconds": 14.376568794250488,
  "mean_reward": 0.7421875,
  "std_reward": 0.4382871091365814,
  "min_reward": 0.0,
  "max_reward": 1.0,
  "mean_advantage": -3.4924596548080444e-09,
  "std_advantage": 0.6627318859100342,
  "num_groups": 32.0
}
