{
  "type": "rollout",
  "grpo_step": 187,
  "num_questions": 32,
  "group_size": 8.0,
  "num_rollouts": 256,
  "reward": 0.87109375,
  "format_accuracy": 0.98046875,
  "answer_accuracy": 0.87109375,
  "avg_response_token_length": 357.23046875,
  "rollout_seconds": 12.508774280548096,
  "mean_reward": 0.87109375,
  "std_reward": 0.33575254678726196,
  "min_reward": 0.0,
  "max_reward": 1.0,
  "mean_advantage": 0.0,
  "std_advantage": 0.19926334917545319,
  "num_groups": 32.0
}
