{
  "type": "rollout",
  "grpo_step": 308,
  "num_questions": 32,
  "group_size": 8.0,
  "num_rollouts": 256,
  "reward": 0.6875,
  "format_accuracy": 0.8984375,
  "answer_accuracy": 0.6875,
  "avg_response_token_length": 451.89453125,
  "rollout_seconds": 15.13028621673584,
  "mean_reward": 0.6875,
  "std_reward": 0.4644203782081604,
  "min_reward": 0.0,
  "max_reward": 1.0,
  "mean_advantage": -1.3969838619232178e-09,
  "std_advantage": 0.6199290752410889,
  "num_groups": 32.0
}
