{
  "type": "rollout",
  "grpo_step": 64,
  "num_questions": 32,
  "group_size": 8.0,
  "num_rollouts": 256,
  "reward": 0.27734375,
  "format_accuracy": 0.66015625,
  "answer_accuracy": 0.27734375,
  "avg_response_token_length": 292.48828125,
  "rollout_seconds": 11.339167356491089,
  "mean_reward": 0.27734375,
  "std_reward": 0.4485645592212677,
  "min_reward": 0.0,
  "max_reward": 1.0,
  "mean_advantage": 0.0,
  "std_advantage": 0.32160747051239014,
  "num_groups": 32.0
}
