{
  "type": "rollout",
  "grpo_step": 13,
  "num_questions": 32,
  "group_size": 8.0,
  "num_rollouts": 256,
  "reward": 0.40625,
  "format_accuracy": 0.890625,
  "answer_accuracy": 0.40625,
  "avg_response_token_length": 127.83984375,
  "rollout_seconds": 8.98563289642334,
  "mean_reward": 0.40625,
  "std_reward": 0.49209436774253845,
  "min_reward": 0.0,
  "max_reward": 1.0,
  "mean_advantage": 0.0,
  "std_advantage": 0.35700276494026184,
  "num_groups": 32.0
}
