{
  "type": "rollout",
  "grpo_step": 6,
  "num_questions": 32,
  "group_size": 8.0,
  "num_rollouts": 256,
  "reward": 0.390625,
  "format_accuracy": 0.73828125,
  "answer_accuracy": 0.390625,
  "avg_response_token_length": 288.890625,
  "rollout_seconds": 11.897708415985107,
  "mean_reward": 0.390625,
  "std_reward": 0.48884618282318115,
  "min_reward": 0.0,
  "max_reward": 1.0,
  "mean_advantage": 5.587935447692871e-09,
  "std_advantage": 0.7945877313613892,
  "num_groups": 32.0
}
