{
  "type": "rollout",
  "grpo_step": 120,
  "num_questions": 32,
  "group_size": 8.0,
  "num_rollouts": 256,
  "reward": 0.7734375,
  "format_accuracy": 0.88671875,
  "answer_accuracy": 0.7734375,
  "avg_response_token_length": 420.19921875,
  "rollout_seconds": 13.824321985244751,
  "mean_reward": 0.7734375,
  "std_reward": 0.41942712664604187,
  "min_reward": 0.0,
  "max_reward": 1.0,
  "mean_advantage": 1.862645149230957e-09,
  "std_advantage": 0.4686222970485687,
  "num_groups": 32.0
}
