{
  "type": "rollout",
  "grpo_step": 48,
  "num_questions": 32,
  "group_size": 8.0,
  "num_rollouts": 256,
  "reward": 0.58203125,
  "format_accuracy": 0.91796875,
  "answer_accuracy": 0.58203125,
  "avg_response_token_length": 369.0,
  "rollout_seconds": 13.659396648406982,
  "mean_reward": 0.58203125,
  "std_reward": 0.49419113993644714,
  "min_reward": 0.0,
  "max_reward": 1.0,
  "mean_advantage": 0.0,
  "std_advantage": 0.25914642214775085,
  "num_groups": 32.0
}
