{
  "type": "rollout",
  "grpo_step": 173,
  "num_questions": 32,
  "group_size": 8.0,
  "num_rollouts": 256,
  "reward": 0.640625,
  "format_accuracy": 0.77734375,
  "answer_accuracy": 0.640625,
  "avg_response_token_length": 386.37890625,
  "rollout_seconds": 14.235123872756958,
  "mean_reward": 0.640625,
  "std_reward": 0.4807571768760681,
  "min_reward": 0.0,
  "max_reward": 1.0,
  "mean_advantage": -4.190951585769653e-09,
  "std_advantage": 0.6627317667007446,
  "num_groups": 32.0
}
