{
  "type": "rollout",
  "grpo_step": 128,
  "num_questions": 32,
  "group_size": 8.0,
  "num_rollouts": 256,
  "reward": 0.29296875,
  "format_accuracy": 0.7890625,
  "answer_accuracy": 0.29296875,
  "avg_response_token_length": 203.87109375,
  "rollout_seconds": 15.776848077774048,
  "mean_reward": 0.29296875,
  "std_reward": 0.45601576566696167,
  "min_reward": 0.0,
  "max_reward": 1.0,
  "mean_advantage": -4.656612873077393e-10,
  "std_advantage": 0.7771221399307251,
  "num_groups": 32.0
}
