{
  "type": "rollout",
  "grpo_step": 195,
  "num_questions": 32,
  "group_size": 8.0,
  "num_rollouts": 256,
  "reward": 0.69140625,
  "format_accuracy": 0.9453125,
  "answer_accuracy": 0.69140625,
  "avg_response_token_length": 501.16015625,
  "rollout_seconds": 15.992249727249146,
  "mean_reward": 0.69140625,
  "std_reward": 0.46281784772872925,
  "min_reward": 0.0,
  "max_reward": 1.0,
  "mean_advantage": 0.0,
  "std_advantage": 0.20412415266036987,
  "num_groups": 32.0
}
