{
  "type": "rollout",
  "grpo_step": 195,
  "num_questions": 32,
  "group_size": 8.0,
  "num_rollouts": 256,
  "reward": 0.59375,
  "format_accuracy": 0.87890625,
  "answer_accuracy": 0.59375,
  "avg_response_token_length": 378.37890625,
  "rollout_seconds": 27.09424328804016,
  "mean_reward": 0.59375,
  "std_reward": 0.49209436774253845,
  "min_reward": 0.0,
  "max_reward": 1.0,
  "mean_advantage": 0.0,
  "std_advantage": 0.28005602955818176,
  "num_groups": 32.0
}
