{
  "type": "rollout",
  "grpo_step": 196,
  "num_questions": 32,
  "group_size": 8.0,
  "num_rollouts": 256,
  "reward": 0.65625,
  "format_accuracy": 0.8828125,
  "answer_accuracy": 0.65625,
  "avg_response_token_length": 540.19921875,
  "rollout_seconds": 12.987339973449707,
  "mean_reward": 0.65625,
  "std_reward": 0.47588926553726196,
  "min_reward": 0.0,
  "max_reward": 1.0,
  "mean_advantage": -1.862645149230957e-09,
  "std_advantage": 0.46862226724624634,
  "num_groups": 32.0
}
