{
  "type": "rollout",
  "grpo_step": 97,
  "num_questions": 32,
  "group_size": 8.0,
  "num_rollouts": 256,
  "reward": 0.71875,
  "format_accuracy": 0.8984375,
  "answer_accuracy": 0.71875,
  "avg_response_token_length": 500.32421875,
  "rollout_seconds": 16.227622509002686,
  "mean_reward": 0.71875,
  "std_reward": 0.45048993825912476,
  "min_reward": 0.0,
  "max_reward": 1.0,
  "mean_advantage": 1.3969838619232178e-09,
  "std_advantage": 0.5739426016807556,
  "num_groups": 32.0
}
