{
  "type": "rollout",
  "grpo_step": 16,
  "num_questions": 32,
  "group_size": 8.0,
  "num_rollouts": 256,
  "reward": 0.390625,
  "format_accuracy": 0.75390625,
  "answer_accuracy": 0.390625,
  "avg_response_token_length": 257.19921875,
  "rollout_seconds": 10.73951244354248,
  "mean_reward": 0.390625,
  "std_reward": 0.48884618282318115,
  "min_reward": 0.0,
  "max_reward": 1.0,
  "mean_advantage": -2.7939677238464355e-09,
  "std_advantage": 0.7409569621086121,
  "num_groups": 32.0
}
