{
  "type": "rollout",
  "grpo_step": 253,
  "num_questions": 32,
  "group_size": 8.0,
  "num_rollouts": 256,
  "reward": 0.6484375,
  "format_accuracy": 0.87109375,
  "answer_accuracy": 0.6484375,
  "avg_response_token_length": 484.8671875,
  "rollout_seconds": 16.004382848739624,
  "mean_reward": 0.6484375,
  "std_reward": 0.47839346528053284,
  "min_reward": 0.0,
  "max_reward": 1.0,
  "mean_advantage": -1.862645149230957e-09,
  "std_advantage": 0.46862226724624634,
  "num_groups": 32.0
}
