{
  "type": "rollout",
  "grpo_step": 262,
  "num_questions": 32,
  "group_size": 8.0,
  "num_rollouts": 256,
  "reward": 0.71875,
  "format_accuracy": 0.953125,
  "answer_accuracy": 0.71875,
  "avg_response_token_length": 425.17578125,
  "rollout_seconds": 11.840139865875244,
  "mean_reward": 0.71875,
  "std_reward": 0.45048993825912476,
  "min_reward": 0.0,
  "max_reward": 1.0,
  "mean_advantage": 9.313225746154785e-10,
  "std_advantage": 0.5495080947875977,
  "num_groups": 32.0
}
