{
  "type": "rollout",
  "grpo_step": 7,
  "num_questions": 32,
  "group_size": 8.0,
  "num_rollouts": 256,
  "reward": 0.37109375,
  "format_accuracy": 0.8203125,
  "answer_accuracy": 0.37109375,
  "avg_response_token_length": 181.375,
  "rollout_seconds": 8.842088460922241,
  "mean_reward": 0.37109375,
  "std_reward": 0.48404380679130554,
  "min_reward": 0.0,
  "max_reward": 1.0,
  "mean_advantage": 5.122274160385132e-09,
  "std_advantage": 0.7945876121520996,
  "num_groups": 32.0
}
