{
  "type": "rollout",
  "ei_step": 2,
  "num_questions": 1024,
  "rollouts_per_question": 8,
  "num_rollouts": 8192,
  "num_accepted": 2205,
  "accepted_fraction": 0.2691650390625,
  "question_coverage_with_accept": 0.6982421875,
  "reward": 0.2691650390625,
  "format_accuracy": 0.822265625,
  "answer_accuracy": 0.2691650390625,
  "avg_token_entropy": 0.802241861820221,
  "avg_accepted_token_entropy": 0.59763742736678,
  "avg_response_token_length": 203.76025390625,
  "avg_accepted_response_token_length": 143.5891156462585,
  "rollout_seconds": 394.06345796585083
}
