{
  "type": "rollout",
  "ei_step": 3,
  "num_questions": 512,
  "rollouts_per_question": 4,
  "num_rollouts": 2048,
  "num_accepted": 619,
  "accepted_fraction": 0.30224609375,
  "question_coverage_with_accept": 0.611328125,
  "reward": 0.30224609375,
  "format_accuracy": 0.8564453125,
  "answer_accuracy": 0.30224609375,
  "avg_token_entropy": 0.803063154220581,
  "avg_accepted_token_entropy": 0.5648656792710016,
  "avg_response_token_length": 182.47314453125,
  "avg_accepted_response_token_length": 142.25040387722132,
  "rollout_seconds": 64.97640681266785
}
