{
  "type": "rollout",
  "grpo_step": 82,
  "num_questions": 32,
  "group_size": 8.0,
  "num_rollouts": 256,
  "reward": 0.33203125,
  "format_accuracy": 0.80859375,
  "answer_accuracy": 0.33203125,
  "avg_response_token_length": 151.01171875,
  "rollout_seconds": 8.426673889160156,
  "mean_reward": 0.33203125,
  "std_reward": 0.47186464071273804,
  "min_reward": 0.0,
  "max_reward": 1.0,
  "mean_advantage": 4.6566128730773926e-09,
  "std_advantage": 0.7592548727989197,
  "num_groups": 32.0
}
