{
  "type": "rollout",
  "grpo_step": 82,
  "num_questions": 32,
  "group_size": 8.0,
  "num_rollouts": 256,
  "reward": 0.4921875,
  "format_accuracy": 0.77734375,
  "answer_accuracy": 0.4921875,
  "avg_response_token_length": 250.15234375,
  "rollout_seconds": 10.71156930923462,
  "mean_reward": 0.4921875,
  "std_reward": 0.5009182691574097,
  "min_reward": 0.0,
  "max_reward": 1.0,
  "mean_advantage": -6.05359673500061e-09,
  "std_advantage": 0.7029333710670471,
  "num_groups": 32.0
}
