{
  "type": "rollout",
  "grpo_step": 82,
  "num_questions": 32,
  "group_size": 8.0,
  "num_rollouts": 256,
  "reward": 0.15625,
  "format_accuracy": 0.515625,
  "answer_accuracy": 0.15625,
  "avg_response_token_length": 486.8359375,
  "rollout_seconds": 16.159743785858154,
  "mean_reward": 0.15625,
  "std_reward": 0.3638034462928772,
  "min_reward": 0.0,
  "max_reward": 1.0,
  "mean_advantage": 0.0,
  "std_advantage": 0.24050600826740265,
  "num_groups": 32.0
}
