{
  "type": "rollout",
  "grpo_step": 16,
  "num_questions": 32,
  "group_size": 8.0,
  "num_rollouts": 256,
  "reward": 0.22265625,
  "format_accuracy": 0.6171875,
  "answer_accuracy": 0.22265625,
  "avg_response_token_length": 300.1875,
  "rollout_seconds": 12.919084310531616,
  "mean_reward": 0.22265625,
  "std_reward": 0.41684433817863464,
  "min_reward": 0.0,
  "max_reward": 1.0,
  "mean_advantage": 2.7939677238464355e-09,
  "std_advantage": 0.662731945514679,
  "num_groups": 32.0
}
