{
  "type": "rollout",
  "grpo_step": 154,
  "num_questions": 32,
  "group_size": 8.0,
  "num_rollouts": 256,
  "reward": 0.75,
  "format_accuracy": 0.96875,
  "answer_accuracy": 0.75,
  "avg_response_token_length": 428.04296875,
  "rollout_seconds": 14.253494024276733,
  "mean_reward": 0.75,
  "std_reward": 0.4338609278202057,
  "min_reward": 0.0,
  "max_reward": 1.0,
  "mean_advantage": -5.587935447692871e-09,
  "std_advantage": 0.6199290156364441,
  "num_groups": 32.0
}
