{
  "type": "rollout",
  "grpo_step": 128,
  "num_questions": 32,
  "group_size": 8.0,
  "num_rollouts": 256,
  "reward": 0.734375,
  "format_accuracy": 0.94921875,
  "answer_accuracy": 0.734375,
  "avg_response_token_length": 381.96875,
  "rollout_seconds": 13.205105543136597,
  "mean_reward": 0.734375,
  "std_reward": 0.4425306022167206,
  "min_reward": 0.0,
  "max_reward": 1.0,
  "mean_advantage": 4.656612873077393e-10,
  "std_advantage": 0.5239356160163879,
  "num_groups": 32.0
}
