{
  "type": "rollout",
  "grpo_step": 9,
  "num_questions": 32,
  "group_size": 8.0,
  "num_rollouts": 256,
  "reward": 0.20703125,
  "format_accuracy": 0.84765625,
  "answer_accuracy": 0.20703125,
  "avg_response_token_length": 88.12890625,
  "rollout_seconds": 6.785240411758423,
  "mean_reward": 0.20703125,
  "std_reward": 0.40597182512283325,
  "min_reward": 0.0,
  "max_reward": 1.0,
  "mean_advantage": 9.313225746154785e-09,
  "std_advantage": 0.7592548131942749,
  "num_groups": 32.0
}
