{
  "type": "rollout",
  "grpo_step": 22,
  "num_questions": 32,
  "group_size": 8.0,
  "num_rollouts": 256,
  "reward": 0.01953125,
  "format_accuracy": 0.0234375,
  "answer_accuracy": 0.01953125,
  "avg_response_token_length": 25.9921875,
  "rollout_seconds": 3.887423276901245,
  "mean_reward": 0.01953125,
  "std_reward": 0.13865379989147186,
  "min_reward": 0.0,
  "max_reward": 1.0,
  "mean_advantage": 3.725290298461914e-09,
  "std_advantage": 0.3313658535480499,
  "num_groups": 32.0
}
