{
  "type": "rollout",
  "grpo_step": 124,
  "num_questions": 32,
  "group_size": 8.0,
  "num_rollouts": 256,
  "reward": 0.3828125,
  "format_accuracy": 1.0,
  "answer_accuracy": 0.3828125,
  "avg_response_token_length": 15.77734375,
  "rollout_seconds": 1.397489070892334,
  "mean_reward": 0.3828125,
  "std_reward": 0.48702529072761536,
  "min_reward": 0.0,
  "max_reward": 1.0,
  "mean_advantage": 0.0,
  "std_advantage": 0.23431119322776794,
  "num_groups": 32.0
}
