{
  "type": "rollout",
  "grpo_step": 30,
  "num_questions": 32,
  "group_size": 8.0,
  "num_rollouts": 256,
  "reward": 0.5234375,
  "format_accuracy": 0.84765625,
  "answer_accuracy": 0.5234375,
  "avg_response_token_length": 284.95703125,
  "rollout_seconds": 11.436253786087036,
  "mean_reward": 0.5234375,
  "std_reward": 0.5004287362098694,
  "min_reward": 0.0,
  "max_reward": 1.0,
  "mean_advantage": 0.0,
  "std_advantage": 0.8116776943206787,
  "num_groups": 32.0
}
