run,label,num_train_examples,best_step,best_answer_accuracy,best_format_accuracy,final_step,final_answer_accuracy,final_format_accuracy,final_train_loss
size128_bs16_micro4_lr5e-5,128 examples,128,200,0.411379,0.977180,900,0.314786,0.912160,5.140625
size256_bs16_micro4_lr5e-5,256 examples,256,500,0.422007,0.980619,900,0.382620,0.976555,2.703125
size512_bs16_micro4_lr5e-5,512 examples,512,900,0.416380,0.981557,900,0.416380,0.981557,3.883301
size1024_bs16_micro4_lr5e-5,1024 examples,1024,900,0.378556,0.972179,900,0.378556,0.972179,2.572266
sizefull_bs16_micro4_lr5e-5,Noisy full,4866,700,0.260706,0.929666,900,0.220069,0.923726,58.437500
filtered_full_bs16_micro4_lr5e-5,Filtered full,4136,800,0.357924,0.955299,900,0.351047,0.951860,62.687500
