{
  "type": "rollout",
  "grpo_step": 117,
  "num_questions": 32,
  "group_size": 8.0,
  "num_rollouts": 256,
  "reward": 0.6953125,
  "format_accuracy": 0.91015625,
  "answer_accuracy": 0.6953125,
  "avg_response_token_length": 429.91796875,
  "rollout_seconds": 14.234843015670776,
  "mean_reward": 0.6953125,
  "std_reward": 0.4611765742301941,
  "min_reward": 0.0,
  "max_reward": 1.0,
  "mean_advantage": -2.7939677238464355e-09,
  "std_advantage": 0.5973784923553467,
  "num_groups": 32.0
}
