{
  "type": "rollout",
  "grpo_step": 198,
  "num_questions": 32,
  "group_size": 8.0,
  "num_rollouts": 256,
  "reward": 0.34375,
  "format_accuracy": 0.39453125,
  "answer_accuracy": 0.34375,
  "avg_response_token_length": 728.9921875,
  "rollout_seconds": 22.056941032409668,
  "mean_reward": 0.34375,
  "std_reward": 0.47588926553726196,
  "min_reward": 0.0,
  "max_reward": 1.0,
  "mean_advantage": 3.725290298461914e-09,
  "std_advantage": 0.6627318859100342,
  "num_groups": 32.0
}
