{
  "type": "rollout",
  "grpo_step": 47,
  "num_questions": 32,
  "group_size": 8.0,
  "num_rollouts": 256,
  "reward": 0.609375,
  "format_accuracy": 0.98828125,
  "answer_accuracy": 0.609375,
  "avg_response_token_length": 202.24609375,
  "rollout_seconds": 9.448990106582642,
  "mean_reward": 0.609375,
  "std_reward": 0.48884618282318115,
  "min_reward": 0.0,
  "max_reward": 1.0,
  "mean_advantage": -1.862645149230957e-09,
  "std_advantage": 0.6199290752410889,
  "num_groups": 32.0
}
