{
  "type": "rollout",
  "grpo_step": 2,
  "num_questions": 32,
  "group_size": 8.0,
  "num_rollouts": 256,
  "reward": 0.12890625,
  "format_accuracy": 0.57421875,
  "answer_accuracy": 0.12890625,
  "avg_response_token_length": 257.29296875,
  "rollout_seconds": 11.18738341331482,
  "mean_reward": 0.12890625,
  "std_reward": 0.33575254678726196,
  "min_reward": 0.0,
  "max_reward": 1.0,
  "mean_advantage": 3.259629011154175e-09,
  "std_advantage": 0.5973784923553467,
  "num_groups": 32.0
}
