{
  "type": "rollout",
  "grpo_step": 219,
  "num_questions": 32,
  "group_size": 8.0,
  "num_rollouts": 256,
  "reward": 0.80859375,
  "format_accuracy": 0.96875,
  "answer_accuracy": 0.80859375,
  "avg_response_token_length": 417.07421875,
  "rollout_seconds": 11.24787449836731,
  "mean_reward": 0.80859375,
  "std_reward": 0.39417868852615356,
  "min_reward": 0.0,
  "max_reward": 1.0,
  "mean_advantage": 0.0,
  "std_advantage": 0.3704785108566284,
  "num_groups": 32.0
}
