{
  "type": "rollout",
  "grpo_step": 111,
  "num_questions": 32,
  "group_size": 8.0,
  "num_rollouts": 256,
  "reward": 0.1796875,
  "format_accuracy": 0.79296875,
  "answer_accuracy": 0.1796875,
  "avg_response_token_length": 203.7109375,
  "rollout_seconds": 10.030455112457275,
  "mean_reward": 0.1796875,
  "std_reward": 0.38467901945114136,
  "min_reward": 0.0,
  "max_reward": 1.0,
  "mean_advantage": 4.6566128730773926e-09,
  "std_advantage": 0.662731945514679,
  "num_groups": 32.0
}
