{
  "type": "rollout",
  "grpo_step": 79,
  "num_questions": 32,
  "group_size": 8.0,
  "num_rollouts": 256,
  "reward": 0.859375,
  "format_accuracy": 0.98828125,
  "answer_accuracy": 0.859375,
  "avg_response_token_length": 283.54296875,
  "rollout_seconds": 15.92031478881836,
  "mean_reward": 0.859375,
  "std_reward": 0.3483152687549591,
  "min_reward": 0.0,
  "max_reward": 1.0,
  "mean_advantage": -7.450580596923828e-09,
  "std_advantage": 0.5495083332061768,
  "num_groups": 32.0
}
