{
  "type": "rollout",
  "grpo_step": 151,
  "num_questions": 32,
  "group_size": 8.0,
  "num_rollouts": 256,
  "reward": 0.27734375,
  "format_accuracy": 0.95703125,
  "answer_accuracy": 0.27734375,
  "avg_response_token_length": 35.95703125,
  "rollout_seconds": 5.775681495666504,
  "mean_reward": 0.27734375,
  "std_reward": 0.4485645592212677,
  "min_reward": 0.0,
  "max_reward": 1.0,
  "mean_advantage": 4.6566128730773926e-09,
  "std_advantage": 0.5973783135414124,
  "num_groups": 32.0
}
