{
  "type": "rollout",
  "grpo_step": 34,
  "num_questions": 32,
  "group_size": 8.0,
  "num_rollouts": 256,
  "reward": 0.375,
  "format_accuracy": 1.0,
  "answer_accuracy": 0.375,
  "avg_response_token_length": 96.91796875,
  "rollout_seconds": 8.242087125778198,
  "mean_reward": 0.375,
  "std_reward": 0.48507124185562134,
  "min_reward": 0.0,
  "max_reward": 1.0,
  "mean_advantage": -8.381903171539307e-09,
  "std_advantage": 0.6831285357475281,
  "num_groups": 32.0
}
