{
  "type": "rollout",
  "grpo_step": 50,
  "num_questions": 32,
  "group_size": 8.0,
  "num_rollouts": 256,
  "reward": 0.26171875,
  "format_accuracy": 0.96875,
  "answer_accuracy": 0.26171875,
  "avg_response_token_length": 28.95703125,
  "rollout_seconds": 3.3474233150482178,
  "mean_reward": 0.26171875,
  "std_reward": 0.4404313564300537,
  "min_reward": 0.0,
  "max_reward": 1.0,
  "mean_advantage": 2.7939677238464355e-09,
  "std_advantage": 0.468622088432312,
  "num_groups": 32.0
}
