{
  "type": "rollout",
  "grpo_step": 166,
  "num_questions": 32,
  "group_size": 8.0,
  "num_rollouts": 256,
  "reward": 0.828125,
  "format_accuracy": 0.9375,
  "answer_accuracy": 0.828125,
  "avg_response_token_length": 412.546875,
  "rollout_seconds": 10.781448364257812,
  "mean_reward": 0.828125,
  "std_reward": 0.3780107796192169,
  "min_reward": 0.0,
  "max_reward": 1.0,
  "mean_advantage": 2.7939677238464355e-09,
  "std_advantage": 0.49704882502555847,
  "num_groups": 32.0
}
