{
  "type": "rollout",
  "grpo_step": 37,
  "num_questions": 32,
  "group_size": 8.0,
  "num_rollouts": 256,
  "reward": 0.28125,
  "format_accuracy": 0.8515625,
  "answer_accuracy": 0.28125,
  "avg_response_token_length": 63.06640625,
  "rollout_seconds": 6.61438512802124,
  "mean_reward": 0.28125,
  "std_reward": 0.45048993825912476,
  "min_reward": 0.0,
  "max_reward": 1.0,
  "mean_advantage": 1.3969838619232178e-09,
  "std_advantage": 0.5973784327507019,
  "num_groups": 32.0
}
