{
  "type": "rollout",
  "grpo_step": 169,
  "num_questions": 32,
  "group_size": 8.0,
  "num_rollouts": 256,
  "reward": 0.625,
  "format_accuracy": 0.93359375,
  "answer_accuracy": 0.625,
  "avg_response_token_length": 291.9921875,
  "rollout_seconds": 20.741270065307617,
  "mean_reward": 0.625,
  "std_reward": 0.48507124185562134,
  "min_reward": 0.0,
  "max_reward": 1.0,
  "mean_advantage": 0.0,
  "std_advantage": 0.4970490038394928,
  "num_groups": 32.0
}
