{
  "type": "rollout",
  "grpo_step": 287,
  "num_questions": 32,
  "group_size": 8.0,
  "num_rollouts": 256,
  "reward": 0.6953125,
  "format_accuracy": 0.9765625,
  "answer_accuracy": 0.6953125,
  "avg_response_token_length": 403.72265625,
  "rollout_seconds": 14.15262222290039,
  "mean_reward": 0.6953125,
  "std_reward": 0.4611765742301941,
  "min_reward": 0.0,
  "max_reward": 1.0,
  "mean_advantage": 1.862645149230957e-09,
  "std_advantage": 0.6627320051193237,
  "num_groups": 32.0
}
