{
  "type": "rollout",
  "grpo_step": 66,
  "num_questions": 32,
  "group_size": 8.0,
  "num_rollouts": 256,
  "reward": 0.53515625,
  "format_accuracy": 0.875,
  "answer_accuracy": 0.53515625,
  "avg_response_token_length": 237.453125,
  "rollout_seconds": 10.119263172149658,
  "mean_reward": 0.53515625,
  "std_reward": 0.49973952770233154,
  "min_reward": 0.0,
  "max_reward": 1.0,
  "mean_advantage": -9.313225746154785e-10,
  "std_advantage": 0.7945877313613892,
  "num_groups": 32.0
}
