{
  "type": "rollout",
  "grpo_step": 42,
  "num_questions": 32,
  "group_size": 8.0,
  "num_rollouts": 256,
  "reward": 0.65625,
  "format_accuracy": 0.921875,
  "answer_accuracy": 0.65625,
  "avg_response_token_length": 300.578125,
  "rollout_seconds": 11.260475158691406,
  "mean_reward": 0.65625,
  "std_reward": 0.47588926553726196,
  "min_reward": 0.0,
  "max_reward": 1.0,
  "mean_advantage": -3.725290298461914e-09,
  "std_advantage": 0.7029333114624023,
  "num_groups": 32.0
}
