{
  "type": "rollout",
  "grpo_step": 52,
  "num_questions": 32,
  "group_size": 8.0,
  "num_rollouts": 256,
  "reward": 0.8125,
  "format_accuracy": 0.9140625,
  "answer_accuracy": 0.8125,
  "avg_response_token_length": 503.09375,
  "rollout_seconds": 34.020464181900024,
  "mean_reward": 0.8125,
  "std_reward": 0.3910769522190094,
  "min_reward": 0.0,
  "max_reward": 1.0,
  "mean_advantage": 0.0,
  "std_advantage": 0.27296483516693115,
  "num_groups": 32.0
}
