{
  "type": "rollout",
  "ei_step": 4,
  "num_questions": 512,
  "rollouts_per_question": 4,
  "num_rollouts": 2048,
  "num_accepted": 384,
  "accepted_fraction": 0.1875,
  "question_coverage_with_accept": 0.4453125,
  "reward": 0.1875,
  "format_accuracy": 0.6728515625,
  "answer_accuracy": 0.1875,
  "avg_token_entropy": 2.058957576751709,
  "avg_accepted_token_entropy": 1.3733749389648438,
  "avg_response_token_length": 257.30517578125,
  "avg_accepted_response_token_length": 149.41666666666666,
  "rollout_seconds": 83.45580768585205
}
