{
  "type": "rollout",
  "grpo_step": 52,
  "num_questions": 32,
  "group_size": 8.0,
  "num_rollouts": 256,
  "reward": 0.234375,
  "format_accuracy": 0.73828125,
  "answer_accuracy": 0.234375,
  "avg_response_token_length": 160.10546875,
  "rollout_seconds": 8.554273843765259,
  "mean_reward": 0.234375,
  "std_reward": 0.42443734407424927,
  "min_reward": 0.0,
  "max_reward": 1.0,
  "mean_advantage": -9.313225746154785e-10,
  "std_advantage": 0.6831284761428833,
  "num_groups": 32.0
}
