{
  "type": "rollout",
  "grpo_step": 129,
  "num_questions": 32,
  "group_size": 8.0,
  "num_rollouts": 256,
  "reward": 0.55078125,
  "format_accuracy": 0.90234375,
  "answer_accuracy": 0.55078125,
  "avg_response_token_length": 234.69921875,
  "rollout_seconds": 10.019330978393555,
  "mean_reward": 0.55078125,
  "std_reward": 0.49838894605636597,
  "min_reward": 0.0,
  "max_reward": 1.0,
  "mean_advantage": 7.450580596923828e-09,
  "std_advantage": 0.6627318263053894,
  "num_groups": 32.0
}
