{
  "type": "rollout",
  "grpo_step": 129,
  "num_questions": 32,
  "group_size": 8.0,
  "num_rollouts": 256,
  "reward": 0.328125,
  "format_accuracy": 0.87109375,
  "answer_accuracy": 0.328125,
  "avg_response_token_length": 166.7109375,
  "rollout_seconds": 8.895458459854126,
  "mean_reward": 0.328125,
  "std_reward": 0.47045034170150757,
  "min_reward": 0.0,
  "max_reward": 1.0,
  "mean_advantage": 5.587935447692871e-09,
  "std_advantage": 0.7945876717567444,
  "num_groups": 32.0
}
