{
  "type": "rollout",
  "grpo_step": 24,
  "num_questions": 32,
  "group_size": 8.0,
  "num_rollouts": 256,
  "reward": 0.0859375,
  "format_accuracy": 0.46875,
  "answer_accuracy": 0.0859375,
  "avg_response_token_length": 274.078125,
  "rollout_seconds": 10.930856704711914,
  "mean_reward": 0.0859375,
  "std_reward": 0.28082075715065,
  "min_reward": 0.0,
  "max_reward": 1.0,
  "mean_advantage": 5.587935447692871e-09,
  "std_advantage": 0.5495082139968872,
  "num_groups": 32.0
}
