{
  "type": "rollout",
  "grpo_step": 128,
  "num_questions": 32,
  "group_size": 8.0,
  "num_rollouts": 256,
  "reward": 0.6640625,
  "format_accuracy": 0.96875,
  "answer_accuracy": 0.6640625,
  "avg_response_token_length": 351.01171875,
  "rollout_seconds": 12.764404773712158,
  "mean_reward": 0.6640625,
  "std_reward": 0.4732423722743988,
  "min_reward": 0.0,
  "max_reward": 1.0,
  "mean_advantage": 0.0,
  "std_advantage": 0.31154265999794006,
  "num_groups": 32.0
}
