{
  "num_examples": 1024,
  "reward": 0.005859375,
  "format_accuracy": 0.0068359375,
  "answer_accuracy": 0.005859375,
  "temperature": 1.0,
  "top_p": 1.0,
  "max_tokens": 1024,
  "stop": "</answer>",
  "include_stop_str_in_output": true,
  "eval_seconds": 46.205116510391235
}
