{
  "type": "rollout",
  "grpo_step": 209,
  "num_questions": 32,
  "group_size": 8.0,
  "num_rollouts": 256,
  "reward": 0.79296875,
  "format_accuracy": 0.921875,
  "answer_accuracy": 0.79296875,
  "avg_response_token_length": 367.57421875,
  "rollout_seconds": 12.750912189483643,
  "mean_reward": 0.79296875,
  "std_reward": 0.40597182512283325,
  "min_reward": 0.0,
  "max_reward": 1.0,
  "mean_advantage": 1.6298145055770874e-09,
  "std_advantage": 0.43835607171058655,
  "num_groups": 32.0
}
