{
  "type": "rollout",
  "grpo_step": 10,
  "num_questions": 32,
  "group_size": 8.0,
  "num_rollouts": 256,
  "reward": 0.57421875,
  "format_accuracy": 0.82421875,
  "answer_accuracy": 0.57421875,
  "avg_response_token_length": 237.0,
  "rollout_seconds": 10.323899030685425,
  "mean_reward": 0.57421875,
  "std_reward": 0.49542948603630066,
  "min_reward": 0.0,
  "max_reward": 1.0,
  "mean_advantage": -5.587935447692871e-09,
  "std_advantage": 0.7771220207214355,
  "num_groups": 32.0
}
