{
  "type": "rollout",
  "grpo_step": 62,
  "num_questions": 32,
  "group_size": 8.0,
  "num_rollouts": 256,
  "reward": 0.3203125,
  "format_accuracy": 0.9765625,
  "answer_accuracy": 0.3203125,
  "avg_response_token_length": 34.25390625,
  "rollout_seconds": 2.7325243949890137,
  "mean_reward": 0.3203125,
  "std_reward": 0.4675106108188629,
  "min_reward": 0.0,
  "max_reward": 1.0,
  "mean_advantage": 2.3283064365386963e-09,
  "std_advantage": 0.5739426016807556,
  "num_groups": 32.0
}
