{
  "type": "rollout",
  "grpo_step": 10,
  "num_questions": 32,
  "group_size": 8.0,
  "num_rollouts": 256,
  "reward": 0.21484375,
  "format_accuracy": 0.5703125,
  "answer_accuracy": 0.21484375,
  "avg_response_token_length": 279.83984375,
  "rollout_seconds": 11.175366640090942,
  "mean_reward": 0.21484375,
  "std_reward": 0.4115184545516968,
  "min_reward": 0.0,
  "max_reward": 1.0,
  "mean_advantage": 9.313225746154785e-09,
  "std_advantage": 0.7592548727989197,
  "num_groups": 32.0
}
