{
  "type": "rollout",
  "grpo_step": 84,
  "num_questions": 32,
  "group_size": 8.0,
  "num_rollouts": 256,
  "reward": 0.546875,
  "format_accuracy": 0.91796875,
  "answer_accuracy": 0.546875,
  "avg_response_token_length": 406.0546875,
  "rollout_seconds": 13.991236209869385,
  "mean_reward": 0.546875,
  "std_reward": 0.4987730085849762,
  "min_reward": 0.0,
  "max_reward": 1.0,
  "mean_advantage": -1.862645149230957e-09,
  "std_advantage": 0.4686221778392792,
  "num_groups": 32.0
}
