{
  "type": "rollout",
  "grpo_step": 56,
  "num_questions": 32,
  "group_size": 8.0,
  "num_rollouts": 256,
  "reward": 0.70703125,
  "format_accuracy": 0.88671875,
  "answer_accuracy": 0.70703125,
  "avg_response_token_length": 405.234375,
  "rollout_seconds": 13.909135818481445,
  "mean_reward": 0.70703125,
  "std_reward": 0.45601576566696167,
  "min_reward": 0.0,
  "max_reward": 1.0,
  "mean_advantage": 2.3283064365386963e-09,
  "std_advantage": 0.6831285357475281,
  "num_groups": 32.0
}
