{
  "type": "rollout",
  "grpo_step": 213,
  "num_questions": 32,
  "group_size": 8.0,
  "num_rollouts": 256,
  "reward": 0.8203125,
  "format_accuracy": 0.97265625,
  "answer_accuracy": 0.8203125,
  "avg_response_token_length": 316.52734375,
  "rollout_seconds": 11.564021825790405,
  "mean_reward": 0.8203125,
  "std_reward": 0.38467901945114136,
  "min_reward": 0.0,
  "max_reward": 1.0,
  "mean_advantage": -2.7939677238464355e-09,
  "std_advantage": 0.5239354968070984,
  "num_groups": 32.0
}
