{
  "type": "rollout",
  "grpo_step": 66,
  "num_questions": 32,
  "group_size": 8.0,
  "num_rollouts": 256,
  "reward": 0.1015625,
  "format_accuracy": 0.13671875,
  "answer_accuracy": 0.1015625,
  "avg_response_token_length": 901.734375,
  "rollout_seconds": 34.076863050460815,
  "mean_reward": 0.1015625,
  "std_reward": 0.3026638329029083,
  "min_reward": 0.0,
  "max_reward": 1.0,
  "mean_advantage": 0.0,
  "std_advantage": 0.3704783618450165,
  "num_groups": 32.0
}
