{
  "type": "rollout",
  "grpo_step": 66,
  "num_questions": 32,
  "group_size": 8.0,
  "num_rollouts": 256,
  "reward": 0.71875,
  "format_accuracy": 0.9609375,
  "answer_accuracy": 0.71875,
  "avg_response_token_length": 287.45703125,
  "rollout_seconds": 11.526848077774048,
  "mean_reward": 0.71875,
  "std_reward": 0.45048993825912476,
  "min_reward": 0.0,
  "max_reward": 1.0,
  "mean_advantage": -4.540197551250458e-09,
  "std_advantage": 0.5239356160163879,
  "num_groups": 32.0
}
