{
  "type": "rollout",
  "grpo_step": 146,
  "num_questions": 32,
  "group_size": 8.0,
  "num_rollouts": 256,
  "reward": 0.7109375,
  "format_accuracy": 0.96484375,
  "answer_accuracy": 0.7109375,
  "avg_response_token_length": 398.11328125,
  "rollout_seconds": 14.053833961486816,
  "mean_reward": 0.7109375,
  "std_reward": 0.45421501994132996,
  "min_reward": 0.0,
  "max_reward": 1.0,
  "mean_advantage": 0.0,
  "std_advantage": 0.4970489740371704,
  "num_groups": 32.0
}
