{
  "type": "rollout",
  "grpo_step": 178,
  "num_questions": 32,
  "group_size": 8.0,
  "num_rollouts": 256,
  "reward": 0.53125,
  "format_accuracy": 0.703125,
  "answer_accuracy": 0.53125,
  "avg_response_token_length": 454.1171875,
  "rollout_seconds": 15.210242509841919,
  "mean_reward": 0.53125,
  "std_reward": 0.5,
  "min_reward": 0.0,
  "max_reward": 1.0,
  "mean_advantage": -1.862645149230957e-09,
  "std_advantage": 0.6831284165382385,
  "num_groups": 32.0
}
