{
  "type": "rollout",
  "grpo_step": 2,
  "num_questions": 32,
  "group_size": 8.0,
  "num_rollouts": 256,
  "reward": 0.15625,
  "format_accuracy": 0.4375,
  "answer_accuracy": 0.15625,
  "avg_response_token_length": 293.9609375,
  "rollout_seconds": 11.956535816192627,
  "mean_reward": 0.15625,
  "std_reward": 0.3638034462928772,
  "min_reward": 0.0,
  "max_reward": 1.0,
  "mean_advantage": 5.587935447692871e-09,
  "std_advantage": 0.6831285357475281,
  "num_groups": 32.0
}
