{
  "type": "rollout",
  "grpo_step": 2,
  "num_questions": 32,
  "group_size": 8.0,
  "num_rollouts": 256,
  "reward": 0.1171875,
  "format_accuracy": 0.2890625,
  "answer_accuracy": 0.1171875,
  "avg_response_token_length": 354.3046875,
  "rollout_seconds": 13.567614793777466,
  "mean_reward": 0.1171875,
  "std_reward": 0.3222736418247223,
  "min_reward": 0.0,
  "max_reward": 1.0,
  "mean_advantage": 0.0,
  "std_advantage": 0.28353509306907654,
  "num_groups": 32.0
}
