{
  "type": "rollout",
  "ei_step": 1,
  "num_questions": 2048,
  "rollouts_per_question": 4,
  "num_rollouts": 8192,
  "num_accepted": 200,
  "accepted_fraction": 0.0244140625,
  "question_coverage_with_accept": 0.09130859375,
  "reward": 0.0244140625,
  "format_accuracy": 0.177490234375,
  "answer_accuracy": 0.0244140625,
  "avg_token_entropy": 0.9783281683921814,
  "avg_accepted_token_entropy": 0.7594091796875,
  "avg_response_token_length": 336.83544921875,
  "avg_accepted_response_token_length": 130.69,
  "rollout_seconds": 459.20255947113037
}
