{
  "type": "rollout",
  "grpo_step": 191,
  "num_questions": 32,
  "group_size": 8.0,
  "num_rollouts": 256,
  "reward": 0.359375,
  "format_accuracy": 0.765625,
  "answer_accuracy": 0.359375,
  "avg_response_token_length": 316.72265625,
  "rollout_seconds": 12.30060887336731,
  "mean_reward": 0.359375,
  "std_reward": 0.4807571768760681,
  "min_reward": 0.0,
  "max_reward": 1.0,
  "mean_advantage": 0.0,
  "std_advantage": 0.3514675199985504,
  "num_groups": 32.0
}
