{
  "type": "rollout",
  "grpo_step": 124,
  "num_questions": 32,
  "group_size": 8.0,
  "num_rollouts": 256,
  "reward": 0.8828125,
  "format_accuracy": 0.9765625,
  "answer_accuracy": 0.8828125,
  "avg_response_token_length": 479.26171875,
  "rollout_seconds": 15.569639205932617,
  "mean_reward": 0.8828125,
  "std_reward": 0.3222736418247223,
  "min_reward": 0.0,
  "max_reward": 1.0,
  "mean_advantage": 0.0,
  "std_advantage": 0.24050600826740265,
  "num_groups": 32.0
}
