{
  "type": "rollout",
  "grpo_step": 124,
  "num_questions": 32,
  "group_size": 8.0,
  "num_rollouts": 256,
  "reward": 0.86328125,
  "format_accuracy": 0.98828125,
  "answer_accuracy": 0.86328125,
  "avg_response_token_length": 461.734375,
  "rollout_seconds": 14.575709104537964,
  "mean_reward": 0.86328125,
  "std_reward": 0.34422317147254944,
  "min_reward": 0.0,
  "max_reward": 1.0,
  "mean_advantage": -1.862645149230957e-09,
  "std_advantage": 0.549508273601532,
  "num_groups": 32.0
}
