{
  "type": "rollout",
  "grpo_step": 150,
  "num_questions": 32,
  "group_size": 8.0,
  "num_rollouts": 256,
  "reward": 0.234375,
  "format_accuracy": 0.73828125,
  "answer_accuracy": 0.234375,
  "avg_response_token_length": 221.296875,
  "rollout_seconds": 9.921905994415283,
  "mean_reward": 0.234375,
  "std_reward": 0.42443734407424927,
  "min_reward": 0.0,
  "max_reward": 1.0,
  "mean_advantage": 1.862645149230957e-09,
  "std_advantage": 0.7592548131942749,
  "num_groups": 32.0
}
