{
  "type": "rollout",
  "grpo_step": 90,
  "num_questions": 32,
  "group_size": 8.0,
  "num_rollouts": 256,
  "reward": 0.296875,
  "format_accuracy": 0.63671875,
  "answer_accuracy": 0.296875,
  "avg_response_token_length": 366.33203125,
  "rollout_seconds": 13.211332082748413,
  "mean_reward": 0.296875,
  "std_reward": 0.45777595043182373,
  "min_reward": 0.0,
  "max_reward": 1.0,
  "mean_advantage": 0.0,
  "std_advantage": 0.3651483654975891,
  "num_groups": 32.0
}
