{
  "type": "rollout",
  "grpo_step": 91,
  "num_questions": 32,
  "group_size": 8.0,
  "num_rollouts": 256,
  "reward": 0.33984375,
  "format_accuracy": 0.9375,
  "answer_accuracy": 0.33984375,
  "avg_response_token_length": 25.23828125,
  "rollout_seconds": 5.48158860206604,
  "mean_reward": 0.33984375,
  "std_reward": 0.47458380460739136,
  "min_reward": 0.0,
  "max_reward": 1.0,
  "mean_advantage": -1.3969838619232178e-09,
  "std_advantage": 0.5239354372024536,
  "num_groups": 32.0
}
