{
  "type": "rollout",
  "grpo_step": 74,
  "num_questions": 32,
  "group_size": 8.0,
  "num_rollouts": 256,
  "reward": 0.34765625,
  "format_accuracy": 0.99609375,
  "answer_accuracy": 0.34765625,
  "avg_response_token_length": 21.140625,
  "rollout_seconds": 1.5413258075714111,
  "mean_reward": 0.34765625,
  "std_reward": 0.4771590530872345,
  "min_reward": 0.0,
  "max_reward": 1.0,
  "mean_advantage": 9.313225746154785e-10,
  "std_advantage": 0.37047842144966125,
  "num_groups": 32.0
}
