{
  "type": "rollout",
  "grpo_step": 68,
  "num_questions": 32,
  "group_size": 8.0,
  "num_rollouts": 256,
  "reward": 0.6015625,
  "format_accuracy": 0.86328125,
  "answer_accuracy": 0.6015625,
  "avg_response_token_length": 339.33203125,
  "rollout_seconds": 22.74690270423889,
  "mean_reward": 0.6015625,
  "std_reward": 0.4905354082584381,
  "min_reward": 0.0,
  "max_reward": 1.0,
  "mean_advantage": -5.587935447692871e-09,
  "std_advantage": 0.597378671169281,
  "num_groups": 32.0
}
