{
  "type": "rollout",
  "grpo_step": 68,
  "num_questions": 32,
  "group_size": 8.0,
  "num_rollouts": 256,
  "reward": 0.14453125,
  "format_accuracy": 0.23828125,
  "answer_accuracy": 0.14453125,
  "avg_response_token_length": 806.359375,
  "rollout_seconds": 23.85386085510254,
  "mean_reward": 0.14453125,
  "std_reward": 0.35231637954711914,
  "min_reward": 0.0,
  "max_reward": 1.0,
  "mean_advantage": 2.7939677238464355e-09,
  "std_advantage": 0.5739426612854004,
  "num_groups": 32.0
}
