{
  "type": "rollout",
  "grpo_step": 179,
  "num_questions": 32,
  "group_size": 8.0,
  "num_rollouts": 256,
  "reward": 0.7578125,
  "format_accuracy": 0.98046875,
  "answer_accuracy": 0.7578125,
  "avg_response_token_length": 332.44140625,
  "rollout_seconds": 11.978764057159424,
  "mean_reward": 0.7578125,
  "std_reward": 0.42924636602401733,
  "min_reward": 0.0,
  "max_reward": 1.0,
  "mean_advantage": -1.862645149230957e-09,
  "std_advantage": 0.2869713604450226,
  "num_groups": 32.0
}
