{
  "type": "rollout",
  "grpo_step": 39,
  "num_questions": 32,
  "group_size": 8.0,
  "num_rollouts": 256,
  "reward": 0.56640625,
  "format_accuracy": 0.9921875,
  "answer_accuracy": 0.56640625,
  "avg_response_token_length": 106.98828125,
  "rollout_seconds": 12.73332667350769,
  "mean_reward": 0.56640625,
  "std_reward": 0.4965413510799408,
  "min_reward": 0.0,
  "max_reward": 1.0,
  "mean_advantage": -3.725290298461914e-09,
  "std_advantage": 0.7771220207214355,
  "num_groups": 32.0
}
