{
  "type": "rollout",
  "grpo_step": 39,
  "num_questions": 32,
  "group_size": 8.0,
  "num_rollouts": 256,
  "reward": 0.046875,
  "format_accuracy": 0.0546875,
  "answer_accuracy": 0.046875,
  "avg_response_token_length": 957.01953125,
  "rollout_seconds": 26.905545473098755,
  "mean_reward": 0.046875,
  "std_reward": 0.21178512275218964,
  "min_reward": 0.0,
  "max_reward": 1.0,
  "mean_advantage": 1.1641532182693481e-09,
  "std_advantage": 0.4383558928966522,
  "num_groups": 32.0
}
