{
  "type": "rollout",
  "grpo_step": 14,
  "num_questions": 32,
  "group_size": 8.0,
  "num_rollouts": 256,
  "reward": 0.359375,
  "format_accuracy": 0.9453125,
  "answer_accuracy": 0.359375,
  "avg_response_token_length": 75.2890625,
  "rollout_seconds": 6.536255598068237,
  "mean_reward": 0.359375,
  "std_reward": 0.4807571768760681,
  "min_reward": 0.0,
  "max_reward": 1.0,
  "mean_advantage": 7.450580596923828e-09,
  "std_advantage": 0.7592548131942749,
  "num_groups": 32.0
}
