{
  "type": "rollout",
  "grpo_step": 125,
  "num_questions": 32,
  "group_size": 8.0,
  "num_rollouts": 256,
  "reward": 0.37890625,
  "format_accuracy": 0.84765625,
  "answer_accuracy": 0.37890625,
  "avg_response_token_length": 158.08203125,
  "rollout_seconds": 8.545647144317627,
  "mean_reward": 0.37890625,
  "std_reward": 0.48606500029563904,
  "min_reward": 0.0,
  "max_reward": 1.0,
  "mean_advantage": 1.862645149230957e-09,
  "std_advantage": 0.8116776347160339,
  "num_groups": 32.0
}
