{
  "type": "rollout",
  "grpo_step": 101,
  "num_questions": 32,
  "group_size": 8.0,
  "num_rollouts": 256,
  "reward": 0.46484375,
  "format_accuracy": 0.89453125,
  "answer_accuracy": 0.46484375,
  "avg_response_token_length": 378.5,
  "rollout_seconds": 13.098220348358154,
  "mean_reward": 0.46484375,
  "std_reward": 0.49973952770233154,
  "min_reward": 0.0,
  "max_reward": 1.0,
  "mean_advantage": -1.862645149230957e-09,
  "std_advantage": 0.7029333114624023,
  "num_groups": 32.0
}
