{
  "type": "rollout",
  "grpo_step": 116,
  "num_questions": 32,
  "group_size": 8.0,
  "num_rollouts": 256,
  "reward": 0.64453125,
  "format_accuracy": 0.8671875,
  "answer_accuracy": 0.64453125,
  "avg_response_token_length": 484.24609375,
  "rollout_seconds": 15.482118844985962,
  "mean_reward": 0.64453125,
  "std_reward": 0.4795927405357361,
  "min_reward": 0.0,
  "max_reward": 1.0,
  "mean_advantage": 3.725290298461914e-09,
  "std_advantage": 0.5739428400993347,
  "num_groups": 32.0
}
