{
  "type": "rollout",
  "grpo_step": 65,
  "num_questions": 32,
  "group_size": 8.0,
  "num_rollouts": 256,
  "reward": 0.73046875,
  "format_accuracy": 0.96484375,
  "answer_accuracy": 0.73046875,
  "avg_response_token_length": 362.171875,
  "rollout_seconds": 13.340023756027222,
  "mean_reward": 0.73046875,
  "std_reward": 0.4445854723453522,
  "min_reward": 0.0,
  "max_reward": 1.0,
  "mean_advantage": -1.862645149230957e-09,
  "std_advantage": 0.7029334306716919,
  "num_groups": 32.0
}
