{
  "type": "rollout",
  "grpo_step": 118,
  "num_questions": 32,
  "group_size": 8.0,
  "num_rollouts": 256,
  "reward": 0.38671875,
  "format_accuracy": 0.84375,
  "answer_accuracy": 0.38671875,
  "avg_response_token_length": 153.8203125,
  "rollout_seconds": 8.506089687347412,
  "mean_reward": 0.38671875,
  "std_reward": 0.4879522919654846,
  "min_reward": 0.0,
  "max_reward": 1.0,
  "mean_advantage": 2.7939677238464355e-09,
  "std_advantage": 0.7409567832946777,
  "num_groups": 32.0
}
