{
  "type": "rollout",
  "grpo_step": 49,
  "num_questions": 32,
  "group_size": 8.0,
  "num_rollouts": 256,
  "reward": 0.5703125,
  "format_accuracy": 0.9609375,
  "answer_accuracy": 0.5703125,
  "avg_response_token_length": 306.62890625,
  "rollout_seconds": 11.709457397460938,
  "mean_reward": 0.5703125,
  "std_reward": 0.49600115418434143,
  "min_reward": 0.0,
  "max_reward": 1.0,
  "mean_advantage": 0.0,
  "std_advantage": 0.7409567832946777,
  "num_groups": 32.0
}
