{
  "type": "rollout",
  "grpo_step": 53,
  "num_questions": 32,
  "group_size": 8.0,
  "num_rollouts": 256,
  "reward": 0.7890625,
  "format_accuracy": 0.92578125,
  "answer_accuracy": 0.7890625,
  "avg_response_token_length": 337.453125,
  "rollout_seconds": 12.053523302078247,
  "mean_reward": 0.7890625,
  "std_reward": 0.408773273229599,
  "min_reward": 0.0,
  "max_reward": 1.0,
  "mean_advantage": -2.7939677238464355e-09,
  "std_advantage": 0.5973783731460571,
  "num_groups": 32.0
}
