{
  "type": "rollout",
  "grpo_step": 2,
  "num_questions": 32,
  "group_size": 8.0,
  "num_rollouts": 256,
  "reward": 0.10546875,
  "format_accuracy": 0.8125,
  "answer_accuracy": 0.10546875,
  "avg_response_token_length": 123.96484375,
  "rollout_seconds": 7.712255239486694,
  "mean_reward": 0.10546875,
  "std_reward": 0.3077581524848938,
  "min_reward": 0.0,
  "max_reward": 1.0,
  "mean_advantage": 1.30385160446167e-08,
  "std_advantage": 0.6831282377243042,
  "num_groups": 32.0
}
