{
  "type": "rollout",
  "grpo_step": 104,
  "num_questions": 32,
  "group_size": 8.0,
  "num_rollouts": 256,
  "reward": 0.5703125,
  "format_accuracy": 0.71484375,
  "answer_accuracy": 0.5703125,
  "avg_response_token_length": 449.33984375,
  "rollout_seconds": 14.799316167831421,
  "mean_reward": 0.5703125,
  "std_reward": 0.49600115418434143,
  "min_reward": 0.0,
  "max_reward": 1.0,
  "mean_advantage": -9.313225746154785e-10,
  "std_advantage": 0.7221953272819519,
  "num_groups": 32.0
}
