{
  "type": "rollout",
  "grpo_step": 381,
  "num_questions": 32,
  "group_size": 8.0,
  "num_rollouts": 256,
  "reward": 0.7890625,
  "format_accuracy": 0.96484375,
  "answer_accuracy": 0.7890625,
  "avg_response_token_length": 373.484375,
  "rollout_seconds": 13.011656522750854,
  "mean_reward": 0.7890625,
  "std_reward": 0.408773273229599,
  "min_reward": 0.0,
  "max_reward": 1.0,
  "mean_advantage": -4.656612873077393e-10,
  "std_advantage": 0.5495081543922424,
  "num_groups": 32.0
}
