{
  "type": "rollout",
  "grpo_step": 189,
  "num_questions": 32,
  "group_size": 8.0,
  "num_rollouts": 256,
  "reward": 0.24609375,
  "format_accuracy": 0.8046875,
  "answer_accuracy": 0.24609375,
  "avg_response_token_length": 204.9375,
  "rollout_seconds": 9.909443378448486,
  "mean_reward": 0.24609375,
  "std_reward": 0.43157756328582764,
  "min_reward": 0.0,
  "max_reward": 1.0,
  "mean_advantage": 4.656612873077393e-10,
  "std_advantage": 0.7029334306716919,
  "num_groups": 32.0
}
