{
  "type": "rollout",
  "grpo_step": 34,
  "num_questions": 32,
  "group_size": 8.0,
  "num_rollouts": 256,
  "reward": 0.14453125,
  "format_accuracy": 0.26953125,
  "answer_accuracy": 0.14453125,
  "avg_response_token_length": 785.78515625,
  "rollout_seconds": 23.958497285842896,
  "mean_reward": 0.14453125,
  "std_reward": 0.35231637954711914,
  "min_reward": 0.0,
  "max_reward": 1.0,
  "mean_advantage": 0.0,
  "std_advantage": 0.301141619682312,
  "num_groups": 32.0
}
