{
  "type": "rollout",
  "grpo_step": 40,
  "num_questions": 32,
  "group_size": 8.0,
  "num_rollouts": 256,
  "reward": 0.1484375,
  "format_accuracy": 0.734375,
  "answer_accuracy": 0.1484375,
  "avg_response_token_length": 39.375,
  "rollout_seconds": 5.954500198364258,
  "mean_reward": 0.1484375,
  "std_reward": 0.3562295734882355,
  "min_reward": 0.0,
  "max_reward": 1.0,
  "mean_advantage": -2.7939677238464355e-09,
  "std_advantage": 0.497048944234848,
  "num_groups": 32.0
}
