{
  "type": "rollout",
  "grpo_step": 273,
  "num_questions": 32,
  "group_size": 8.0,
  "num_rollouts": 256,
  "reward": 0.89453125,
  "format_accuracy": 0.97265625,
  "answer_accuracy": 0.89453125,
  "avg_response_token_length": 413.33203125,
  "rollout_seconds": 10.678761720657349,
  "mean_reward": 0.89453125,
  "std_reward": 0.3077581524848938,
  "min_reward": 0.0,
  "max_reward": 1.0,
  "mean_advantage": -4.6566128730773926e-09,
  "std_advantage": 0.5495082139968872,
  "num_groups": 32.0
}
