{
  "type": "rollout",
  "grpo_step": 118,
  "num_questions": 32,
  "group_size": 8.0,
  "num_rollouts": 256,
  "reward": 0.74609375,
  "format_accuracy": 0.96875,
  "answer_accuracy": 0.74609375,
  "avg_response_token_length": 458.890625,
  "rollout_seconds": 14.742237091064453,
  "mean_reward": 0.74609375,
  "std_reward": 0.4360972046852112,
  "min_reward": 0.0,
  "max_reward": 1.0,
  "mean_advantage": -4.656612873077393e-10,
  "std_advantage": 0.46862223744392395,
  "num_groups": 32.0
}
