{
  "type": "rollout",
  "grpo_step": 118,
  "num_questions": 32,
  "group_size": 8.0,
  "num_rollouts": 256,
  "reward": 0.78125,
  "format_accuracy": 0.96875,
  "answer_accuracy": 0.78125,
  "avg_response_token_length": 463.03515625,
  "rollout_seconds": 15.283588171005249,
  "mean_reward": 0.78125,
  "std_reward": 0.41420844197273254,
  "min_reward": 0.0,
  "max_reward": 1.0,
  "mean_advantage": 0.0,
  "std_advantage": 0.14348600804805756,
  "num_groups": 32.0
}
