{
  "type": "rollout",
  "grpo_step": 111,
  "num_questions": 32,
  "group_size": 8.0,
  "num_rollouts": 256,
  "reward": 0.5234375,
  "format_accuracy": 0.890625,
  "answer_accuracy": 0.5234375,
  "avg_response_token_length": 456.16015625,
  "rollout_seconds": 33.338828325271606,
  "mean_reward": 0.5234375,
  "std_reward": 0.5004287362098694,
  "min_reward": 0.0,
  "max_reward": 1.0,
  "mean_advantage": -7.450580596923828e-09,
  "std_advantage": 0.6416875123977661,
  "num_groups": 32.0
}
