{
  "type": "rollout",
  "grpo_step": 132,
  "num_questions": 32,
  "group_size": 8.0,
  "num_rollouts": 256,
  "reward": 0.75390625,
  "format_accuracy": 0.91796875,
  "answer_accuracy": 0.75390625,
  "avg_response_token_length": 375.54296875,
  "rollout_seconds": 18.13331961631775,
  "mean_reward": 0.75390625,
  "std_reward": 0.43157756328582764,
  "min_reward": 0.0,
  "max_reward": 1.0,
  "mean_advantage": -3.4924596548080444e-10,
  "std_advantage": 0.46862220764160156,
  "num_groups": 32.0
}
