{
  "type": "rollout",
  "grpo_step": 12,
  "num_questions": 32,
  "group_size": 8.0,
  "num_rollouts": 256,
  "reward": 0.38671875,
  "format_accuracy": 0.90625,
  "answer_accuracy": 0.38671875,
  "avg_response_token_length": 294.09765625,
  "rollout_seconds": 11.383284568786621,
  "mean_reward": 0.38671875,
  "std_reward": 0.4879522919654846,
  "min_reward": 0.0,
  "max_reward": 1.0,
  "mean_advantage": 1.862645149230957e-09,
  "std_advantage": 0.7771220207214355,
  "num_groups": 32.0
}
