{
  "type": "rollout",
  "grpo_step": 60,
  "num_questions": 32,
  "group_size": 8.0,
  "num_rollouts": 256,
  "reward": 0.578125,
  "format_accuracy": 0.94921875,
  "answer_accuracy": 0.578125,
  "avg_response_token_length": 543.91015625,
  "rollout_seconds": 18.782788038253784,
  "mean_reward": 0.578125,
  "std_reward": 0.49482616782188416,
  "min_reward": 0.0,
  "max_reward": 1.0,
  "mean_advantage": 0.0,
  "std_advantage": 0.31777411699295044,
  "num_groups": 32.0
}
