{
  "type": "rollout",
  "grpo_step": 149,
  "num_questions": 32,
  "group_size": 8.0,
  "num_rollouts": 256,
  "reward": 0.61328125,
  "format_accuracy": 0.94140625,
  "answer_accuracy": 0.61328125,
  "avg_response_token_length": 380.92578125,
  "rollout_seconds": 13.30168104171753,
  "mean_reward": 0.61328125,
  "std_reward": 0.4879522919654846,
  "min_reward": 0.0,
  "max_reward": 1.0,
  "mean_advantage": 0.0,
  "std_advantage": 0.2572478652000427,
  "num_groups": 32.0
}
