{
  "type": "rollout",
  "grpo_step": 94,
  "num_questions": 32,
  "group_size": 8.0,
  "num_rollouts": 256,
  "reward": 0.76171875,
  "format_accuracy": 0.875,
  "answer_accuracy": 0.76171875,
  "avg_response_token_length": 497.5,
  "rollout_seconds": 16.457782745361328,
  "mean_reward": 0.76171875,
  "std_reward": 0.4268665611743927,
  "min_reward": 0.0,
  "max_reward": 1.0,
  "mean_advantage": 0.0,
  "std_advantage": 0.6416874527931213,
  "num_groups": 32.0
}
