{
  "type": "rollout",
  "grpo_step": 152,
  "num_questions": 32,
  "group_size": 8.0,
  "num_rollouts": 256,
  "reward": 0.45703125,
  "format_accuracy": 0.84765625,
  "answer_accuracy": 0.45703125,
  "avg_response_token_length": 291.453125,
  "rollout_seconds": 11.411711692810059,
  "mean_reward": 0.45703125,
  "std_reward": 0.4991260766983032,
  "min_reward": 0.0,
  "max_reward": 1.0,
  "mean_advantage": 3.725290298461914e-09,
  "std_advantage": 0.7409568428993225,
  "num_groups": 32.0
}
