{
  "type": "rollout",
  "grpo_step": 160,
  "num_questions": 32,
  "group_size": 8.0,
  "num_rollouts": 256,
  "reward": 0.14453125,
  "format_accuracy": 0.80859375,
  "answer_accuracy": 0.14453125,
  "avg_response_token_length": 79.671875,
  "rollout_seconds": 6.8599114418029785,
  "mean_reward": 0.14453125,
  "std_reward": 0.35231637954711914,
  "min_reward": 0.0,
  "max_reward": 1.0,
  "mean_advantage": 0.0,
  "std_advantage": 0.49704882502555847,
  "num_groups": 32.0
}
