{
  "type": "rollout",
  "grpo_step": 46,
  "num_questions": 32,
  "group_size": 8.0,
  "num_rollouts": 256,
  "reward": 0.2890625,
  "format_accuracy": 0.95703125,
  "answer_accuracy": 0.2890625,
  "avg_response_token_length": 33.18359375,
  "rollout_seconds": 5.6470067501068115,
  "mean_reward": 0.2890625,
  "std_reward": 0.45421501994132996,
  "min_reward": 0.0,
  "max_reward": 1.0,
  "mean_advantage": 9.313225746154785e-10,
  "std_advantage": 0.5739424824714661,
  "num_groups": 32.0
}
