{
  "type": "rollout",
  "grpo_step": 157,
  "num_questions": 32,
  "group_size": 8.0,
  "num_rollouts": 256,
  "reward": 0.49609375,
  "format_accuracy": 0.67578125,
  "answer_accuracy": 0.49609375,
  "avg_response_token_length": 449.48828125,
  "rollout_seconds": 15.702727317810059,
  "mean_reward": 0.49609375,
  "std_reward": 0.5009641647338867,
  "min_reward": 0.0,
  "max_reward": 1.0,
  "mean_advantage": 9.313225746154785e-10,
  "std_advantage": 0.6627320051193237,
  "num_groups": 32.0
}
