{
  "type": "rollout",
  "grpo_step": 134,
  "num_questions": 32,
  "group_size": 8.0,
  "num_rollouts": 256,
  "reward": 0.65234375,
  "format_accuracy": 0.9375,
  "answer_accuracy": 0.65234375,
  "avg_response_token_length": 378.13671875,
  "rollout_seconds": 19.635090351104736,
  "mean_reward": 0.65234375,
  "std_reward": 0.4771590530872345,
  "min_reward": 0.0,
  "max_reward": 1.0,
  "mean_advantage": -1.862645149230957e-09,
  "std_advantage": 0.6627320647239685,
  "num_groups": 32.0
}
