{
  "type": "rollout",
  "grpo_step": 135,
  "num_questions": 32,
  "group_size": 8.0,
  "num_rollouts": 256,
  "reward": 0.4140625,
  "format_accuracy": 0.8671875,
  "answer_accuracy": 0.4140625,
  "avg_response_token_length": 149.2890625,
  "rollout_seconds": 8.5316641330719,
  "mean_reward": 0.4140625,
  "std_reward": 0.4935242533683777,
  "min_reward": 0.0,
  "max_reward": 1.0,
  "mean_advantage": 0.0,
  "std_advantage": 0.8448207974433899,
  "num_groups": 32.0
}
