{
  "type": "rollout",
  "grpo_step": 7,
  "num_questions": 32,
  "group_size": 8.0,
  "num_rollouts": 256,
  "reward": 0.19921875,
  "format_accuracy": 0.859375,
  "answer_accuracy": 0.19921875,
  "avg_response_token_length": 107.890625,
  "rollout_seconds": 7.549060106277466,
  "mean_reward": 0.19921875,
  "std_reward": 0.40019527077674866,
  "min_reward": 0.0,
  "max_reward": 1.0,
  "mean_advantage": 0.0,
  "std_advantage": 0.2756454050540924,
  "num_groups": 32.0
}
