{
  "type": "rollout",
  "grpo_step": 27,
  "num_questions": 32,
  "group_size": 8.0,
  "num_rollouts": 256,
  "reward": 0.5859375,
  "format_accuracy": 0.96484375,
  "answer_accuracy": 0.5859375,
  "avg_response_token_length": 216.203125,
  "rollout_seconds": 9.54532265663147,
  "mean_reward": 0.5859375,
  "std_reward": 0.4935242533683777,
  "min_reward": 0.0,
  "max_reward": 1.0,
  "mean_advantage": -2.7939677238464355e-09,
  "std_advantage": 0.7029332518577576,
  "num_groups": 32.0
}
