{
  "type": "rollout",
  "grpo_step": 27,
  "num_questions": 32,
  "group_size": 8.0,
  "num_rollouts": 256,
  "reward": 0.62890625,
  "format_accuracy": 0.93359375,
  "answer_accuracy": 0.62890625,
  "avg_response_token_length": 277.1640625,
  "rollout_seconds": 12.737325668334961,
  "mean_reward": 0.62890625,
  "std_reward": 0.48404380679130554,
  "min_reward": 0.0,
  "max_reward": 1.0,
  "mean_advantage": 1.862645149230957e-09,
  "std_advantage": 0.6199289560317993,
  "num_groups": 32.0
}
