{
  "type": "rollout",
  "grpo_step": 33,
  "num_questions": 32,
  "group_size": 8.0,
  "num_rollouts": 256,
  "reward": 0.19140625,
  "format_accuracy": 0.63671875,
  "answer_accuracy": 0.19140625,
  "avg_response_token_length": 179.84375,
  "rollout_seconds": 11.545058488845825,
  "mean_reward": 0.19140625,
  "std_reward": 0.39417868852615356,
  "min_reward": 0.0,
  "max_reward": 1.0,
  "mean_advantage": 3.725290298461914e-09,
  "std_advantage": 0.6416875720024109,
  "num_groups": 32.0
}
