{
  "type": "rollout",
  "grpo_step": 104,
  "num_questions": 32,
  "group_size": 8.0,
  "num_rollouts": 256,
  "reward": 0.7265625,
  "format_accuracy": 0.984375,
  "answer_accuracy": 0.7265625,
  "avg_response_token_length": 370.51171875,
  "rollout_seconds": 13.012828588485718,
  "mean_reward": 0.7265625,
  "std_reward": 0.44659659266471863,
  "min_reward": 0.0,
  "max_reward": 1.0,
  "mean_advantage": 3.725290298461914e-09,
  "std_advantage": 0.5739427804946899,
  "num_groups": 32.0
}
