{
  "type": "rollout",
  "grpo_step": 82,
  "num_questions": 32,
  "group_size": 8.0,
  "num_rollouts": 256,
  "reward": 0.19921875,
  "format_accuracy": 0.78515625,
  "answer_accuracy": 0.19921875,
  "avg_response_token_length": 128.6328125,
  "rollout_seconds": 9.9248788356781,
  "mean_reward": 0.19921875,
  "std_reward": 0.40019527077674866,
  "min_reward": 0.0,
  "max_reward": 1.0,
  "mean_advantage": 3.725290298461914e-09,
  "std_advantage": 0.5239354968070984,
  "num_groups": 32.0
}
