{
  "type": "rollout",
  "grpo_step": 41,
  "num_questions": 32,
  "group_size": 8.0,
  "num_rollouts": 256,
  "reward": 0.765625,
  "format_accuracy": 0.94921875,
  "answer_accuracy": 0.765625,
  "avg_response_token_length": 526.0234375,
  "rollout_seconds": 16.26249408721924,
  "mean_reward": 0.765625,
  "std_reward": 0.42443734407424927,
  "min_reward": 0.0,
  "max_reward": 1.0,
  "mean_advantage": -6.05359673500061e-09,
  "std_advantage": 0.683128297328949,
  "num_groups": 32.0
}
