{
  "type": "rollout",
  "grpo_step": 68,
  "num_questions": 32,
  "group_size": 8.0,
  "num_rollouts": 256,
  "reward": 0.671875,
  "format_accuracy": 0.95703125,
  "answer_accuracy": 0.671875,
  "avg_response_token_length": 372.1953125,
  "rollout_seconds": 10.468939065933228,
  "mean_reward": 0.671875,
  "std_reward": 0.47045034170150757,
  "min_reward": 0.0,
  "max_reward": 1.0,
  "mean_advantage": -1.862645149230957e-09,
  "std_advantage": 0.5973784327507019,
  "num_groups": 32.0
}
