{
  "type": "rollout",
  "ei_step": 3,
  "num_questions": 1024,
  "rollouts_per_question": 8,
  "num_rollouts": 8192,
  "num_accepted": 2258,
  "accepted_fraction": 0.275634765625,
  "question_coverage_with_accept": 0.70703125,
  "reward": 0.275634765625,
  "format_accuracy": 0.8145751953125,
  "answer_accuracy": 0.275634765625,
  "avg_token_entropy": 0.8207021057605743,
  "avg_accepted_token_entropy": 0.6503832726693977,
  "avg_response_token_length": 239.0728759765625,
  "avg_accepted_response_token_length": 152.28919397697078,
  "rollout_seconds": 473.10013341903687
}
