{
  "type": "rollout",
  "ei_step": 3,
  "num_questions": 1024,
  "rollouts_per_question": 8,
  "num_rollouts": 8192,
  "num_accepted": 2247,
  "accepted_fraction": 0.2742919921875,
  "question_coverage_with_accept": 0.6943359375,
  "reward": 0.2742919921875,
  "format_accuracy": 0.826171875,
  "answer_accuracy": 0.2742919921875,
  "avg_token_entropy": 0.8269572854042053,
  "avg_accepted_token_entropy": 0.6738368171450824,
  "avg_response_token_length": 221.1514892578125,
  "avg_accepted_response_token_length": 142.69826435246995,
  "rollout_seconds": 301.1088533401489
}
