{
  "type": "rollout",
  "grpo_step": 21,
  "num_questions": 32,
  "group_size": 8.0,
  "num_rollouts": 256,
  "reward": 0.27734375,
  "format_accuracy": 0.8828125,
  "answer_accuracy": 0.27734375,
  "avg_response_token_length": 128.6640625,
  "rollout_seconds": 7.94659161567688,
  "mean_reward": 0.27734375,
  "std_reward": 0.4485645592212677,
  "min_reward": 0.0,
  "max_reward": 1.0,
  "mean_advantage": 0.0,
  "std_advantage": 0.329140305519104,
  "num_groups": 32.0
}
