{
  "type": "rollout",
  "grpo_step": 9,
  "num_questions": 32,
  "group_size": 8.0,
  "num_rollouts": 256,
  "reward": 0.08984375,
  "format_accuracy": 0.421875,
  "answer_accuracy": 0.08984375,
  "avg_response_token_length": 271.9765625,
  "rollout_seconds": 10.638353109359741,
  "mean_reward": 0.08984375,
  "std_reward": 0.2865179181098938,
  "min_reward": 0.0,
  "max_reward": 1.0,
  "mean_advantage": 5.587935447692871e-09,
  "std_advantage": 0.5739426612854004,
  "num_groups": 32.0
}
