{
  "type": "rollout",
  "grpo_step": 7,
  "num_questions": 32,
  "group_size": 8.0,
  "num_rollouts": 256,
  "reward": 0.43359375,
  "format_accuracy": 0.87109375,
  "answer_accuracy": 0.43359375,
  "avg_response_token_length": 189.34765625,
  "rollout_seconds": 9.0306978225708,
  "mean_reward": 0.43359375,
  "std_reward": 0.4965413510799408,
  "min_reward": 0.0,
  "max_reward": 1.0,
  "mean_advantage": 2.7939677238464355e-09,
  "std_advantage": 0.8116775751113892,
  "num_groups": 32.0
}
