{
  "type": "rollout",
  "grpo_step": 113,
  "num_questions": 32,
  "group_size": 8.0,
  "num_rollouts": 256,
  "reward": 0.2265625,
  "format_accuracy": 0.3828125,
  "answer_accuracy": 0.2265625,
  "avg_response_token_length": 600.12109375,
  "rollout_seconds": 19.219810724258423,
  "mean_reward": 0.2265625,
  "std_reward": 0.41942712664604187,
  "min_reward": 0.0,
  "max_reward": 1.0,
  "mean_advantage": 0.0,
  "std_advantage": 0.3298841118812561,
  "num_groups": 32.0
}
