{
  "type": "rollout",
  "grpo_step": 208,
  "num_questions": 32,
  "group_size": 8.0,
  "num_rollouts": 256,
  "reward": 0.76171875,
  "format_accuracy": 0.9375,
  "answer_accuracy": 0.76171875,
  "avg_response_token_length": 362.296875,
  "rollout_seconds": 13.064022064208984,
  "mean_reward": 0.76171875,
  "std_reward": 0.4268665611743927,
  "min_reward": 0.0,
  "max_reward": 1.0,
  "mean_advantage": -5.587935447692871e-09,
  "std_advantage": 0.5239354968070984,
  "num_groups": 32.0
}
