{
  "type": "rollout",
  "grpo_step": 192,
  "num_questions": 32,
  "group_size": 8.0,
  "num_rollouts": 256,
  "reward": 0.51953125,
  "format_accuracy": 0.55859375,
  "answer_accuracy": 0.51953125,
  "avg_response_token_length": 600.5859375,
  "rollout_seconds": 18.362032413482666,
  "mean_reward": 0.51953125,
  "std_reward": 0.5005970597267151,
  "min_reward": 0.0,
  "max_reward": 1.0,
  "mean_advantage": -7.450580596923828e-09,
  "std_advantage": 0.6831284761428833,
  "num_groups": 32.0
}
