{
  "type": "rollout",
  "grpo_step": 172,
  "num_questions": 32,
  "group_size": 8.0,
  "num_rollouts": 256,
  "reward": 0.87109375,
  "format_accuracy": 0.95703125,
  "answer_accuracy": 0.87109375,
  "avg_response_token_length": 417.1171875,
  "rollout_seconds": 10.938358306884766,
  "mean_reward": 0.87109375,
  "std_reward": 0.33575254678726196,
  "min_reward": 0.0,
  "max_reward": 1.0,
  "mean_advantage": -3.725290298461914e-09,
  "std_advantage": 0.4686221778392792,
  "num_groups": 32.0
}
