{
  "type": "rollout",
  "grpo_step": 92,
  "num_questions": 32,
  "group_size": 8.0,
  "num_rollouts": 256,
  "reward": 0.45703125,
  "format_accuracy": 0.9765625,
  "answer_accuracy": 0.45703125,
  "avg_response_token_length": 284.421875,
  "rollout_seconds": 11.005592823028564,
  "mean_reward": 0.45703125,
  "std_reward": 0.4991260766983032,
  "min_reward": 0.0,
  "max_reward": 1.0,
  "mean_advantage": 6.984919309616089e-10,
  "std_advantage": 0.6199290752410889,
  "num_groups": 32.0
}
