{
  "type": "rollout",
  "grpo_step": 3,
  "num_questions": 32,
  "group_size": 8.0,
  "num_rollouts": 256,
  "reward": 0.15625,
  "format_accuracy": 0.74609375,
  "answer_accuracy": 0.15625,
  "avg_response_token_length": 122.69921875,
  "rollout_seconds": 8.656120300292969,
  "mean_reward": 0.15625,
  "std_reward": 0.3638034462928772,
  "min_reward": 0.0,
  "max_reward": 1.0,
  "mean_advantage": 5.587935447692871e-09,
  "std_advantage": 0.7409567832946777,
  "num_groups": 32.0
}
