{
  "type": "rollout",
  "grpo_step": 97,
  "num_questions": 32,
  "group_size": 8.0,
  "num_rollouts": 256,
  "reward": 0.3359375,
  "format_accuracy": 0.51171875,
  "answer_accuracy": 0.3359375,
  "avg_response_token_length": 595.0234375,
  "rollout_seconds": 18.23389434814453,
  "mean_reward": 0.3359375,
  "std_reward": 0.4732423722743988,
  "min_reward": 0.0,
  "max_reward": 1.0,
  "mean_advantage": -1.3969838619232178e-09,
  "std_advantage": 0.6416873335838318,
  "num_groups": 32.0
}
