{
  "type": "rollout",
  "grpo_step": 143,
  "num_questions": 32,
  "group_size": 8.0,
  "num_rollouts": 256,
  "reward": 0.828125,
  "format_accuracy": 0.94921875,
  "answer_accuracy": 0.828125,
  "avg_response_token_length": 334.63671875,
  "rollout_seconds": 9.703793287277222,
  "mean_reward": 0.828125,
  "std_reward": 0.3780107796192169,
  "min_reward": 0.0,
  "max_reward": 1.0,
  "mean_advantage": -1.3969838619232178e-09,
  "std_advantage": 0.40583884716033936,
  "num_groups": 32.0
}
