{
  "type": "rollout",
  "grpo_step": 166,
  "num_questions": 32,
  "group_size": 8.0,
  "num_rollouts": 256,
  "reward": 0.7734375,
  "format_accuracy": 0.94921875,
  "answer_accuracy": 0.7734375,
  "avg_response_token_length": 453.25,
  "rollout_seconds": 15.662643909454346,
  "mean_reward": 0.7734375,
  "std_reward": 0.41942712664604187,
  "min_reward": 0.0,
  "max_reward": 1.0,
  "mean_advantage": -2.3283064365386963e-09,
  "std_advantage": 0.5495083332061768,
  "num_groups": 32.0
}
