{
  "type": "rollout",
  "grpo_step": 174,
  "num_questions": 32,
  "group_size": 8.0,
  "num_rollouts": 256,
  "reward": 0.71875,
  "format_accuracy": 0.90234375,
  "answer_accuracy": 0.71875,
  "avg_response_token_length": 499.31640625,
  "rollout_seconds": 16.12663960456848,
  "mean_reward": 0.71875,
  "std_reward": 0.45048993825912476,
  "min_reward": 0.0,
  "max_reward": 1.0,
  "mean_advantage": -2.0954757928848267e-09,
  "std_advantage": 0.6416874527931213,
  "num_groups": 32.0
}
