{
  "type": "rollout",
  "grpo_step": 188,
  "num_questions": 32,
  "group_size": 8.0,
  "num_rollouts": 256,
  "reward": 0.7421875,
  "format_accuracy": 0.9765625,
  "answer_accuracy": 0.7421875,
  "avg_response_token_length": 402.48828125,
  "rollout_seconds": 14.030012845993042,
  "mean_reward": 0.7421875,
  "std_reward": 0.4382871091365814,
  "min_reward": 0.0,
  "max_reward": 1.0,
  "mean_advantage": -9.313225746154785e-10,
  "std_advantage": 0.49704888463020325,
  "num_groups": 32.0
}
