{
  "type": "rollout",
  "grpo_step": 104,
  "num_questions": 32,
  "group_size": 8.0,
  "num_rollouts": 256,
  "reward": 0.8203125,
  "format_accuracy": 0.9453125,
  "answer_accuracy": 0.8203125,
  "avg_response_token_length": 385.2265625,
  "rollout_seconds": 10.417498111724854,
  "mean_reward": 0.8203125,
  "std_reward": 0.38467901945114136,
  "min_reward": 0.0,
  "max_reward": 1.0,
  "mean_advantage": 1.862645149230957e-09,
  "std_advantage": 0.5239356160163879,
  "num_groups": 32.0
}
