{
  "type": "rollout",
  "grpo_step": 223,
  "num_questions": 32,
  "group_size": 8.0,
  "num_rollouts": 256,
  "reward": 0.8203125,
  "format_accuracy": 0.98046875,
  "answer_accuracy": 0.8203125,
  "avg_response_token_length": 377.90234375,
  "rollout_seconds": 10.56690001487732,
  "mean_reward": 0.8203125,
  "std_reward": 0.38467901945114136,
  "min_reward": 0.0,
  "max_reward": 1.0,
  "mean_advantage": 9.313225746154785e-10,
  "std_advantage": 0.5495083332061768,
  "num_groups": 32.0
}
