{
  "type": "rollout",
  "grpo_step": 20,
  "num_questions": 32,
  "group_size": 8.0,
  "num_rollouts": 256,
  "reward": 0.73046875,
  "format_accuracy": 0.890625,
  "answer_accuracy": 0.73046875,
  "avg_response_token_length": 556.01171875,
  "rollout_seconds": 17.14176845550537,
  "mean_reward": 0.73046875,
  "std_reward": 0.4445854723453522,
  "min_reward": 0.0,
  "max_reward": 1.0,
  "mean_advantage": -2.7939677238464355e-09,
  "std_advantage": 0.6627318263053894,
  "num_groups": 32.0
}
