{
  "type": "rollout",
  "grpo_step": 397,
  "num_questions": 32,
  "group_size": 8.0,
  "num_rollouts": 256,
  "reward": 0.79296875,
  "format_accuracy": 0.95703125,
  "answer_accuracy": 0.79296875,
  "avg_response_token_length": 416.609375,
  "rollout_seconds": 13.84732723236084,
  "mean_reward": 0.79296875,
  "std_reward": 0.40597182512283325,
  "min_reward": 0.0,
  "max_reward": 1.0,
  "mean_advantage": 1.862645149230957e-09,
  "std_advantage": 0.37047845125198364,
  "num_groups": 32.0
}
