{
  "type": "rollout",
  "grpo_step": 68,
  "num_questions": 32,
  "group_size": 8.0,
  "num_rollouts": 256,
  "reward": 0.69921875,
  "format_accuracy": 0.92578125,
  "answer_accuracy": 0.69921875,
  "avg_response_token_length": 542.953125,
  "rollout_seconds": 16.573859691619873,
  "mean_reward": 0.69921875,
  "std_reward": 0.45949608087539673,
  "min_reward": 0.0,
  "max_reward": 1.0,
  "mean_advantage": 1.862645149230957e-09,
  "std_advantage": 0.7221954464912415,
  "num_groups": 32.0
}
