{
  "type": "rollout",
  "grpo_step": 6,
  "num_questions": 32,
  "group_size": 8.0,
  "num_rollouts": 256,
  "reward": 0.43359375,
  "format_accuracy": 0.69921875,
  "answer_accuracy": 0.43359375,
  "avg_response_token_length": 304.79296875,
  "rollout_seconds": 12.105973243713379,
  "mean_reward": 0.43359375,
  "std_reward": 0.4965413510799408,
  "min_reward": 0.0,
  "max_reward": 1.0,
  "mean_advantage": -2.7939677238464355e-09,
  "std_advantage": 0.8448207974433899,
  "num_groups": 32.0
}
