{
  "type": "rollout",
  "grpo_step": 6,
  "num_questions": 32,
  "group_size": 8.0,
  "num_rollouts": 256,
  "reward": 0.359375,
  "format_accuracy": 0.62109375,
  "answer_accuracy": 0.359375,
  "avg_response_token_length": 273.15625,
  "rollout_seconds": 10.829946994781494,
  "mean_reward": 0.359375,
  "std_reward": 0.4807571768760681,
  "min_reward": 0.0,
  "max_reward": 1.0,
  "mean_advantage": 0.0,
  "std_advantage": 0.369153767824173,
  "num_groups": 32.0
}
