{
  "type": "rollout",
  "grpo_step": 77,
  "num_questions": 32,
  "group_size": 8.0,
  "num_rollouts": 256,
  "reward": 0.6328125,
  "format_accuracy": 0.96484375,
  "answer_accuracy": 0.6328125,
  "avg_response_token_length": 321.8515625,
  "rollout_seconds": 11.906111478805542,
  "mean_reward": 0.6328125,
  "std_reward": 0.48298245668411255,
  "min_reward": 0.0,
  "max_reward": 1.0,
  "mean_advantage": 2.2118911147117615e-09,
  "std_advantage": 0.5973785519599915,
  "num_groups": 32.0
}
