{
  "type": "rollout",
  "grpo_step": 54,
  "num_questions": 32,
  "group_size": 8.0,
  "num_rollouts": 256,
  "reward": 0.6484375,
  "format_accuracy": 0.97265625,
  "answer_accuracy": 0.6484375,
  "avg_response_token_length": 285.41796875,
  "rollout_seconds": 11.241220235824585,
  "mean_reward": 0.6484375,
  "std_reward": 0.47839346528053284,
  "min_reward": 0.0,
  "max_reward": 1.0,
  "mean_advantage": -5.587935447692871e-09,
  "std_advantage": 0.6199289560317993,
  "num_groups": 32.0
}
