{
  "type": "rollout",
  "grpo_step": 197,
  "num_questions": 32,
  "group_size": 8.0,
  "num_rollouts": 256,
  "reward": 0.83984375,
  "format_accuracy": 1.0,
  "answer_accuracy": 0.83984375,
  "avg_response_token_length": 448.71484375,
  "rollout_seconds": 14.398927211761475,
  "mean_reward": 0.83984375,
  "std_reward": 0.36746931076049805,
  "min_reward": 0.0,
  "max_reward": 1.0,
  "mean_advantage": -7.450580596923828e-09,
  "std_advantage": 0.641687273979187,
  "num_groups": 32.0
}
