{
  "type": "rollout",
  "grpo_step": 176,
  "num_questions": 32,
  "group_size": 8.0,
  "num_rollouts": 256,
  "reward": 0.765625,
  "format_accuracy": 0.96484375,
  "answer_accuracy": 0.765625,
  "avg_response_token_length": 483.5078125,
  "rollout_seconds": 15.666810989379883,
  "mean_reward": 0.765625,
  "std_reward": 0.42443734407424927,
  "min_reward": 0.0,
  "max_reward": 1.0,
  "mean_advantage": 0.0,
  "std_advantage": 0.2504897117614746,
  "num_groups": 32.0
}
