{
  "type": "rollout",
  "ei_step": 5,
  "num_questions": 512,
  "rollouts_per_question": 2,
  "num_rollouts": 1024,
  "num_accepted": 264,
  "accepted_fraction": 0.2578125,
  "question_coverage_with_accept": 0.392578125,
  "reward": 0.2578125,
  "format_accuracy": 0.8662109375,
  "answer_accuracy": 0.2578125,
  "avg_token_entropy": 1.251424789428711,
  "avg_accepted_token_entropy": 1.0294559363162878,
  "avg_response_token_length": 105.173828125,
  "avg_accepted_response_token_length": 79.89393939393939,
  "rollout_seconds": 22.924349308013916
}
