{
  "type": "rollout",
  "ei_step": 5,
  "num_questions": 512,
  "rollouts_per_question": 2,
  "num_rollouts": 1024,
  "num_accepted": 280,
  "accepted_fraction": 0.2734375,
  "question_coverage_with_accept": 0.353515625,
  "reward": 0.2734375,
  "format_accuracy": 0.9560546875,
  "answer_accuracy": 0.2734375,
  "avg_token_entropy": 0.6720685958862305,
  "avg_accepted_token_entropy": 0.5561383928571428,
  "avg_response_token_length": 34.6728515625,
  "avg_accepted_response_token_length": 30.12142857142857,
  "rollout_seconds": 11.942581176757812
}
