{
  "type": "rollout",
  "grpo_step": 238,
  "num_questions": 32,
  "group_size": 8.0,
  "num_rollouts": 256,
  "reward": 0.73046875,
  "format_accuracy": 0.87890625,
  "answer_accuracy": 0.73046875,
  "avg_response_token_length": 434.5390625,
  "rollout_seconds": 14.759066104888916,
  "mean_reward": 0.73046875,
  "std_reward": 0.4445854723453522,
  "min_reward": 0.0,
  "max_reward": 1.0,
  "mean_advantage": -5.587935447692871e-09,
  "std_advantage": 0.6199288368225098,
  "num_groups": 32.0
}
