{
  "type": "rollout",
  "grpo_step": 29,
  "num_questions": 32,
  "group_size": 8.0,
  "num_rollouts": 256,
  "reward": 0.40234375,
  "format_accuracy": 0.96484375,
  "answer_accuracy": 0.40234375,
  "avg_response_token_length": 120.5546875,
  "rollout_seconds": 8.92719578742981,
  "mean_reward": 0.40234375,
  "std_reward": 0.4913311004638672,
  "min_reward": 0.0,
  "max_reward": 1.0,
  "mean_advantage": -3.725290298461914e-09,
  "std_advantage": 0.7029333710670471,
  "num_groups": 32.0
}
