{
  "type": "rollout",
  "grpo_step": 29,
  "num_questions": 32,
  "group_size": 8.0,
  "num_rollouts": 256,
  "reward": 0.5546875,
  "format_accuracy": 0.96484375,
  "answer_accuracy": 0.5546875,
  "avg_response_token_length": 317.88671875,
  "rollout_seconds": 11.778024196624756,
  "mean_reward": 0.5546875,
  "std_reward": 0.49797382950782776,
  "min_reward": 0.0,
  "max_reward": 1.0,
  "mean_advantage": 0.0,
  "std_advantage": 0.2970442771911621,
  "num_groups": 32.0
}
