{
  "type": "rollout",
  "grpo_step": 34,
  "num_questions": 32,
  "group_size": 8.0,
  "num_rollouts": 256,
  "reward": 0.5390625,
  "format_accuracy": 0.9140625,
  "answer_accuracy": 0.5390625,
  "avg_response_token_length": 220.21484375,
  "rollout_seconds": 9.606797218322754,
  "mean_reward": 0.5390625,
  "std_reward": 0.4994482398033142,
  "min_reward": 0.0,
  "max_reward": 1.0,
  "mean_advantage": 0.0,
  "std_advantage": 0.29372522234916687,
  "num_groups": 32.0
}
