{
  "type": "rollout",
  "grpo_step": 61,
  "num_questions": 32,
  "group_size": 8.0,
  "num_rollouts": 256,
  "reward": 0.20703125,
  "format_accuracy": 0.84375,
  "answer_accuracy": 0.20703125,
  "avg_response_token_length": 151.5703125,
  "rollout_seconds": 8.241588354110718,
  "mean_reward": 0.20703125,
  "std_reward": 0.40597182512283325,
  "min_reward": 0.0,
  "max_reward": 1.0,
  "mean_advantage": 5.122274160385132e-09,
  "std_advantage": 0.7771220207214355,
  "num_groups": 32.0
}
