{
  "type": "rollout",
  "grpo_step": 61,
  "num_questions": 32,
  "group_size": 8.0,
  "num_rollouts": 256,
  "reward": 0.3984375,
  "format_accuracy": 0.8359375,
  "answer_accuracy": 0.3984375,
  "avg_response_token_length": 231.6328125,
  "rollout_seconds": 10.144542932510376,
  "mean_reward": 0.3984375,
  "std_reward": 0.4905354082584381,
  "min_reward": 0.0,
  "max_reward": 1.0,
  "mean_advantage": 0.0,
  "std_advantage": 0.7771220803260803,
  "num_groups": 32.0
}
