{
  "type": "rollout",
  "grpo_step": 114,
  "num_questions": 32,
  "group_size": 8.0,
  "num_rollouts": 256,
  "reward": 0.62109375,
  "format_accuracy": 0.94921875,
  "answer_accuracy": 0.62109375,
  "avg_response_token_length": 310.43359375,
  "rollout_seconds": 12.091936349868774,
  "mean_reward": 0.62109375,
  "std_reward": 0.48606500029563904,
  "min_reward": 0.0,
  "max_reward": 1.0,
  "mean_advantage": 0.0,
  "std_advantage": 0.22902178764343262,
  "num_groups": 32.0
}
