{
  "type": "rollout",
  "grpo_step": 21,
  "num_questions": 32,
  "group_size": 8.0,
  "num_rollouts": 256,
  "reward": 0.375,
  "format_accuracy": 0.88671875,
  "answer_accuracy": 0.375,
  "avg_response_token_length": 239.64453125,
  "rollout_seconds": 10.22393012046814,
  "mean_reward": 0.375,
  "std_reward": 0.48507124185562134,
  "min_reward": 0.0,
  "max_reward": 1.0,
  "mean_advantage": 0.0,
  "std_advantage": 0.662731945514679,
  "num_groups": 32.0
}
