{
  "type": "rollout",
  "grpo_step": 7,
  "num_questions": 32,
  "group_size": 8.0,
  "num_rollouts": 256,
  "reward": 0.28515625,
  "format_accuracy": 0.8671875,
  "answer_accuracy": 0.28515625,
  "avg_response_token_length": 177.26953125,
  "rollout_seconds": 8.801433563232422,
  "mean_reward": 0.28515625,
  "std_reward": 0.4523732364177704,
  "min_reward": 0.0,
  "max_reward": 1.0,
  "mean_advantage": -9.313225746154785e-10,
  "std_advantage": 0.828415036201477,
  "num_groups": 32.0
}
