{
  "type": "rollout",
  "ei_step": 1,
  "num_questions": 512,
  "rollouts_per_question": 4,
  "num_rollouts": 2048,
  "num_accepted": 46,
  "accepted_fraction": 0.0224609375,
  "question_coverage_with_accept": 0.08203125,
  "reward": 0.0224609375,
  "format_accuracy": 0.16552734375,
  "answer_accuracy": 0.0224609375,
  "avg_token_entropy": 0.9755434989929199,
  "avg_accepted_token_entropy": 0.776961616847826,
  "avg_response_token_length": 338.0146484375,
  "avg_accepted_response_token_length": 132.2826086956522,
  "rollout_seconds": 102.3924343585968
}
