{
  "type": "rollout",
  "grpo_step": 189,
  "num_questions": 32,
  "group_size": 8.0,
  "num_rollouts": 256,
  "reward": 0.8046875,
  "format_accuracy": 0.9609375,
  "answer_accuracy": 0.8046875,
  "avg_response_token_length": 501.48828125,
  "rollout_seconds": 15.68669056892395,
  "mean_reward": 0.8046875,
  "std_reward": 0.39721766114234924,
  "min_reward": 0.0,
  "max_reward": 1.0,
  "mean_advantage": -3.725290298461914e-09,
  "std_advantage": 0.662731945514679,
  "num_groups": 32.0
}
