{
  "type": "rollout",
  "grpo_step": 35,
  "num_questions": 32,
  "group_size": 8.0,
  "num_rollouts": 256,
  "reward": 0.16796875,
  "format_accuracy": 0.26953125,
  "answer_accuracy": 0.16796875,
  "avg_response_token_length": 794.375,
  "rollout_seconds": 25.290537357330322,
  "mean_reward": 0.16796875,
  "std_reward": 0.3745708465576172,
  "min_reward": 0.0,
  "max_reward": 1.0,
  "mean_advantage": 1.862645149230957e-09,
  "std_advantage": 0.6831284165382385,
  "num_groups": 32.0
}
