{
  "type": "rollout",
  "grpo_step": 50,
  "num_questions": 32,
  "group_size": 8.0,
  "num_rollouts": 256,
  "reward": 0.7421875,
  "format_accuracy": 0.94140625,
  "answer_accuracy": 0.7421875,
  "avg_response_token_length": 496.19140625,
  "rollout_seconds": 35.474416971206665,
  "mean_reward": 0.7421875,
  "std_reward": 0.4382871091365814,
  "min_reward": 0.0,
  "max_reward": 1.0,
  "mean_advantage": 0.0,
  "std_advantage": 0.2504897117614746,
  "num_groups": 32.0
}
