{
  "type": "rollout",
  "grpo_step": 30,
  "num_questions": 32,
  "group_size": 8.0,
  "num_rollouts": 256,
  "reward": 0.17578125,
  "format_accuracy": 0.82421875,
  "answer_accuracy": 0.17578125,
  "avg_response_token_length": 70.98046875,
  "rollout_seconds": 7.190425395965576,
  "mean_reward": 0.17578125,
  "std_reward": 0.38137954473495483,
  "min_reward": 0.0,
  "max_reward": 1.0,
  "mean_advantage": -1.862645149230957e-09,
  "std_advantage": 0.46862223744392395,
  "num_groups": 32.0
}
