{
  "type": "rollout",
  "grpo_step": 31,
  "num_questions": 32,
  "group_size": 8.0,
  "num_rollouts": 256,
  "reward": 0.14453125,
  "format_accuracy": 0.61328125,
  "answer_accuracy": 0.14453125,
  "avg_response_token_length": 181.6953125,
  "rollout_seconds": 8.85391640663147,
  "mean_reward": 0.14453125,
  "std_reward": 0.35231637954711914,
  "min_reward": 0.0,
  "max_reward": 1.0,
  "mean_advantage": 1.862645149230957e-09,
  "std_advantage": 0.6627318859100342,
  "num_groups": 32.0
}
