{
  "type": "rollout",
  "grpo_step": 192,
  "num_questions": 32,
  "group_size": 8.0,
  "num_rollouts": 256,
  "reward": 0.8984375,
  "format_accuracy": 0.98046875,
  "answer_accuracy": 0.8984375,
  "avg_response_token_length": 351.51953125,
  "rollout_seconds": 12.408947467803955,
  "mean_reward": 0.8984375,
  "std_reward": 0.3026638329029083,
  "min_reward": 0.0,
  "max_reward": 1.0,
  "mean_advantage": 0.0,
  "std_advantage": 0.2004895955324173,
  "num_groups": 32.0
}
