{
  "type": "rollout",
  "grpo_step": 21,
  "num_questions": 32,
  "group_size": 8.0,
  "num_rollouts": 256,
  "reward": 0.23828125,
  "format_accuracy": 0.66796875,
  "answer_accuracy": 0.23828125,
  "avg_response_token_length": 283.46484375,
  "rollout_seconds": 11.05494999885559,
  "mean_reward": 0.23828125,
  "std_reward": 0.4268665611743927,
  "min_reward": 0.0,
  "max_reward": 1.0,
  "mean_advantage": 7.450580596923828e-09,
  "std_advantage": 0.7592548727989197,
  "num_groups": 32.0
}
