{
  "type": "rollout",
  "grpo_step": 60,
  "num_questions": 32,
  "group_size": 8.0,
  "num_rollouts": 256,
  "reward": 0.234375,
  "format_accuracy": 0.7578125,
  "answer_accuracy": 0.234375,
  "avg_response_token_length": 279.1796875,
  "rollout_seconds": 10.897923231124878,
  "mean_reward": 0.234375,
  "std_reward": 0.42443734407424927,
  "min_reward": 0.0,
  "max_reward": 1.0,
  "mean_advantage": 1.862645149230957e-09,
  "std_advantage": 0.7029333114624023,
  "num_groups": 32.0
}
