{
  "type": "rollout",
  "grpo_step": 29,
  "num_questions": 32,
  "group_size": 8.0,
  "num_rollouts": 256,
  "reward": 0.3515625,
  "format_accuracy": 0.9453125,
  "answer_accuracy": 0.3515625,
  "avg_response_token_length": 15.3125,
  "rollout_seconds": 2.0449159145355225,
  "mean_reward": 0.3515625,
  "std_reward": 0.47839346528053284,
  "min_reward": 0.0,
  "max_reward": 1.0,
  "mean_advantage": 0.0,
  "std_advantage": 0.5495082139968872,
  "num_groups": 32.0
}
