{
  "type": "rollout",
  "grpo_step": 90,
  "num_questions": 32,
  "group_size": 8.0,
  "num_rollouts": 256,
  "reward": 0.671875,
  "format_accuracy": 0.90234375,
  "answer_accuracy": 0.671875,
  "avg_response_token_length": 388.1015625,
  "rollout_seconds": 13.384902000427246,
  "mean_reward": 0.671875,
  "std_reward": 0.47045034170150757,
  "min_reward": 0.0,
  "max_reward": 1.0,
  "mean_advantage": 0.0,
  "std_advantage": 0.497048944234848,
  "num_groups": 32.0
}
