{
  "type": "rollout",
  "grpo_step": 64,
  "num_questions": 32,
  "group_size": 8.0,
  "num_rollouts": 256,
  "reward": 0.2421875,
  "format_accuracy": 0.77734375,
  "answer_accuracy": 0.2421875,
  "avg_response_token_length": 116.53125,
  "rollout_seconds": 7.564064025878906,
  "mean_reward": 0.2421875,
  "std_reward": 0.42924636602401733,
  "min_reward": 0.0,
  "max_reward": 1.0,
  "mean_advantage": 3.725290298461914e-09,
  "std_advantage": 0.5739427208900452,
  "num_groups": 32.0
}
