{
  "type": "rollout",
  "grpo_step": 170,
  "num_questions": 32,
  "group_size": 8.0,
  "num_rollouts": 256,
  "reward": 0.62109375,
  "format_accuracy": 0.7578125,
  "answer_accuracy": 0.62109375,
  "avg_response_token_length": 383.8828125,
  "rollout_seconds": 13.761969566345215,
  "mean_reward": 0.62109375,
  "std_reward": 0.48606500029563904,
  "min_reward": 0.0,
  "max_reward": 1.0,
  "mean_advantage": 4.656612873077393e-10,
  "std_advantage": 0.4686222970485687,
  "num_groups": 32.0
}
