{
  "type": "rollout",
  "grpo_step": 85,
  "num_questions": 32,
  "group_size": 8.0,
  "num_rollouts": 256,
  "reward": 0.27734375,
  "format_accuracy": 0.80859375,
  "answer_accuracy": 0.27734375,
  "avg_response_token_length": 25.23828125,
  "rollout_seconds": 5.871830463409424,
  "mean_reward": 0.27734375,
  "std_reward": 0.4485645592212677,
  "min_reward": 0.0,
  "max_reward": 1.0,
  "mean_advantage": 9.313225746154785e-09,
  "std_advantage": 0.6627318859100342,
  "num_groups": 32.0
}
