{
  "type": "rollout",
  "grpo_step": 111,
  "num_questions": 32,
  "group_size": 8.0,
  "num_rollouts": 256,
  "reward": 0.375,
  "format_accuracy": 0.91796875,
  "answer_accuracy": 0.375,
  "avg_response_token_length": 382.12890625,
  "rollout_seconds": 13.081704139709473,
  "mean_reward": 0.375,
  "std_reward": 0.48507124185562134,
  "min_reward": 0.0,
  "max_reward": 1.0,
  "mean_advantage": 1.862645149230957e-09,
  "std_advantage": 0.6416873335838318,
  "num_groups": 32.0
}
