{
  "type": "rollout",
  "grpo_step": 113,
  "num_questions": 32,
  "group_size": 8.0,
  "num_rollouts": 256,
  "reward": 0.26953125,
  "format_accuracy": 1.0,
  "answer_accuracy": 0.26953125,
  "avg_response_token_length": 16.03125,
  "rollout_seconds": 1.3639187812805176,
  "mean_reward": 0.26953125,
  "std_reward": 0.4445854723453522,
  "min_reward": 0.0,
  "max_reward": 1.0,
  "mean_advantage": 9.313225746154785e-10,
  "std_advantage": 0.2869713306427002,
  "num_groups": 32.0
}
