{
  "type": "rollout",
  "grpo_step": 3,
  "num_questions": 32,
  "group_size": 8.0,
  "num_rollouts": 256,
  "reward": 0.07421875,
  "format_accuracy": 0.26171875,
  "answer_accuracy": 0.07421875,
  "avg_response_token_length": 386.53515625,
  "rollout_seconds": 12.959258317947388,
  "mean_reward": 0.07421875,
  "std_reward": 0.2626400291919708,
  "min_reward": 0.0,
  "max_reward": 1.0,
  "mean_advantage": 0.0,
  "std_advantage": 0.23742903769016266,
  "num_groups": 32.0
}
