{
  "type": "rollout",
  "grpo_step": 147,
  "num_questions": 32,
  "group_size": 8.0,
  "num_rollouts": 256,
  "reward": 0.65625,
  "format_accuracy": 0.953125,
  "answer_accuracy": 0.65625,
  "avg_response_token_length": 238.48046875,
  "rollout_seconds": 10.160165786743164,
  "mean_reward": 0.65625,
  "std_reward": 0.47588926553726196,
  "min_reward": 0.0,
  "max_reward": 1.0,
  "mean_advantage": 9.313225746154785e-10,
  "std_advantage": 0.5495083332061768,
  "num_groups": 32.0
}
