{
  "type": "rollout",
  "grpo_step": 85,
  "num_questions": 32,
  "group_size": 8.0,
  "num_rollouts": 256,
  "reward": 0.64453125,
  "format_accuracy": 0.9609375,
  "answer_accuracy": 0.64453125,
  "avg_response_token_length": 275.00390625,
  "rollout_seconds": 11.51438307762146,
  "mean_reward": 0.64453125,
  "std_reward": 0.4795927405357361,
  "min_reward": 0.0,
  "max_reward": 1.0,
  "mean_advantage": -2.0954757928848267e-09,
  "std_advantage": 0.6416873335838318,
  "num_groups": 32.0
}
