{
  "type": "rollout",
  "grpo_step": 93,
  "num_questions": 32,
  "group_size": 8.0,
  "num_rollouts": 256,
  "reward": 0.8359375,
  "format_accuracy": 0.9453125,
  "answer_accuracy": 0.8359375,
  "avg_response_token_length": 493.5234375,
  "rollout_seconds": 15.394003868103027,
  "mean_reward": 0.8359375,
  "std_reward": 0.3710577189922333,
  "min_reward": 0.0,
  "max_reward": 1.0,
  "mean_advantage": -3.725290298461914e-09,
  "std_advantage": 0.5973783731460571,
  "num_groups": 32.0
}
