{
  "type": "rollout",
  "grpo_step": 149,
  "num_questions": 32,
  "group_size": 8.0,
  "num_rollouts": 256,
  "reward": 0.265625,
  "format_accuracy": 0.7890625,
  "answer_accuracy": 0.265625,
  "avg_response_token_length": 182.9140625,
  "rollout_seconds": 8.995269060134888,
  "mean_reward": 0.265625,
  "std_reward": 0.4425306022167206,
  "min_reward": 0.0,
  "max_reward": 1.0,
  "mean_advantage": 2.7939677238464355e-09,
  "std_advantage": 0.7029334902763367,
  "num_groups": 32.0
}
