{
  "type": "rollout",
  "grpo_step": 132,
  "num_questions": 32,
  "group_size": 8.0,
  "num_rollouts": 256,
  "reward": 0.76953125,
  "format_accuracy": 0.9140625,
  "answer_accuracy": 0.76953125,
  "avg_response_token_length": 378.71484375,
  "rollout_seconds": 10.137863636016846,
  "mean_reward": 0.76953125,
  "std_reward": 0.4219578206539154,
  "min_reward": 0.0,
  "max_reward": 1.0,
  "mean_advantage": -4.190951585769653e-09,
  "std_advantage": 0.5739425420761108,
  "num_groups": 32.0
}
