{
  "type": "rollout",
  "grpo_step": 7,
  "num_questions": 32,
  "group_size": 8.0,
  "num_rollouts": 256,
  "reward": 0.30078125,
  "format_accuracy": 0.9453125,
  "answer_accuracy": 0.30078125,
  "avg_response_token_length": 38.9453125,
  "rollout_seconds": 6.046304941177368,
  "mean_reward": 0.30078125,
  "std_reward": 0.45949608087539673,
  "min_reward": 0.0,
  "max_reward": 1.0,
  "mean_advantage": 0.0,
  "std_advantage": 0.2912111282348633,
  "num_groups": 32.0
}
