{
  "type": "rollout",
  "grpo_step": 44,
  "num_questions": 32,
  "group_size": 8.0,
  "num_rollouts": 256,
  "reward": 0.46484375,
  "format_accuracy": 0.93359375,
  "answer_accuracy": 0.46484375,
  "avg_response_token_length": 135.046875,
  "rollout_seconds": 7.789014577865601,
  "mean_reward": 0.46484375,
  "std_reward": 0.49973952770233154,
  "min_reward": 0.0,
  "max_reward": 1.0,
  "mean_advantage": 0.0,
  "std_advantage": 0.35631558299064636,
  "num_groups": 32.0
}
