{
  "type": "rollout",
  "grpo_step": 71,
  "num_questions": 32,
  "group_size": 8.0,
  "num_rollouts": 256,
  "reward": 0.30078125,
  "format_accuracy": 0.61328125,
  "answer_accuracy": 0.30078125,
  "avg_response_token_length": 338.51953125,
  "rollout_seconds": 12.436738729476929,
  "mean_reward": 0.30078125,
  "std_reward": 0.45949608087539673,
  "min_reward": 0.0,
  "max_reward": 1.0,
  "mean_advantage": 0.0,
  "std_advantage": 0.35631558299064636,
  "num_groups": 32.0
}
