{
  "type": "rollout",
  "grpo_step": 36,
  "num_questions": 32,
  "group_size": 8.0,
  "num_rollouts": 256,
  "reward": 0.6953125,
  "format_accuracy": 0.96484375,
  "answer_accuracy": 0.6953125,
  "avg_response_token_length": 329.60546875,
  "rollout_seconds": 15.402361869812012,
  "mean_reward": 0.6953125,
  "std_reward": 0.4611765742301941,
  "min_reward": 0.0,
  "max_reward": 1.0,
  "mean_advantage": 1.862645149230957e-09,
  "std_advantage": 0.6199289560317993,
  "num_groups": 32.0
}
