{
  "num_examples": 3199,
  "reward": 0.31322288215067207,
  "format_accuracy": 0.8558924663957487,
  "answer_accuracy": 0.31322288215067207,
  "temperature": 1.0,
  "top_p": 1.0,
  "max_tokens": 1024,
  "stop": "</answer>",
  "include_stop_str_in_output": true,
  "eval_seconds": 119.1132378578186
}
