{
  "num_examples": 3199,
  "reward": 0.4010628321350422,
  "format_accuracy": 0.9293529227883713,
  "answer_accuracy": 0.4010628321350422,
  "temperature": 1.0,
  "top_p": 1.0,
  "max_tokens": 1024,
  "stop": "</answer>",
  "include_stop_str_in_output": true,
  "eval_seconds": 128.30369925498962
}
