{
  "num_examples": 3199,
  "reward": 0.4054391997499219,
  "format_accuracy": 0.9424820256330103,
  "answer_accuracy": 0.4054391997499219,
  "temperature": 1.0,
  "top_p": 1.0,
  "max_tokens": 1024,
  "stop": "</answer>",
  "include_stop_str_in_output": true,
  "eval_seconds": 125.1785216331482
}
