{
  "type": "rollout",
  "grpo_step": 47,
  "num_questions": 32,
  "group_size": 8.0,
  "num_rollouts": 256,
  "reward": 0.6640625,
  "format_accuracy": 0.9453125,
  "answer_accuracy": 0.6640625,
  "avg_response_token_length": 315.921875,
  "rollout_seconds": 11.840617179870605,
  "mean_reward": 0.6640625,
  "std_reward": 0.4732423722743988,
  "min_reward": 0.0,
  "max_reward": 1.0,
  "mean_advantage": -1.0244548320770264e-08,
  "std_advantage": 0.7771220803260803,
  "num_groups": 32.0
}
