{
  "type": "rollout",
  "grpo_step": 25,
  "num_questions": 32,
  "group_size": 8.0,
  "num_rollouts": 256,
  "reward": 0.51953125,
  "format_accuracy": 0.94921875,
  "answer_accuracy": 0.51953125,
  "avg_response_token_length": 217.4921875,
  "rollout_seconds": 18.8061044216156,
  "mean_reward": 0.51953125,
  "std_reward": 0.5005970597267151,
  "min_reward": 0.0,
  "max_reward": 1.0,
  "mean_advantage": -2.7939677238464355e-09,
  "std_advantage": 0.7409568428993225,
  "num_groups": 32.0
}
