{
  "type": "rollout",
  "grpo_step": 65,
  "num_questions": 32,
  "group_size": 8.0,
  "num_rollouts": 256,
  "reward": 0.359375,
  "format_accuracy": 0.91796875,
  "answer_accuracy": 0.359375,
  "avg_response_token_length": 25.90625,
  "rollout_seconds": 6.752579689025879,
  "mean_reward": 0.359375,
  "std_reward": 0.4807571768760681,
  "min_reward": 0.0,
  "max_reward": 1.0,
  "mean_advantage": 9.313225746154785e-10,
  "std_advantage": 0.5973783731460571,
  "num_groups": 32.0
}
