{
  "type": "rollout",
  "grpo_step": 123,
  "num_questions": 32,
  "group_size": 8.0,
  "num_rollouts": 256,
  "reward": 0.3359375,
  "format_accuracy": 0.91796875,
  "answer_accuracy": 0.3359375,
  "avg_response_token_length": 17.3046875,
  "rollout_seconds": 1.3977203369140625,
  "mean_reward": 0.3359375,
  "std_reward": 0.4732423722743988,
  "min_reward": 0.0,
  "max_reward": 1.0,
  "mean_advantage": -3.725290298461914e-09,
  "std_advantage": 0.5739425420761108,
  "num_groups": 32.0
}
