{
  "type": "rollout",
  "grpo_step": 361,
  "num_questions": 32,
  "group_size": 8.0,
  "num_rollouts": 256,
  "reward": 0.72265625,
  "format_accuracy": 0.93359375,
  "answer_accuracy": 0.72265625,
  "avg_response_token_length": 474.69140625,
  "rollout_seconds": 13.379489421844482,
  "mean_reward": 0.72265625,
  "std_reward": 0.4485645592212677,
  "min_reward": 0.0,
  "max_reward": 1.0,
  "mean_advantage": -2.7939677238464355e-09,
  "std_advantage": 0.662731945514679,
  "num_groups": 32.0
}
