{
  "type": "rollout",
  "grpo_step": 54,
  "num_questions": 32,
  "group_size": 8.0,
  "num_rollouts": 256,
  "reward": 0.20703125,
  "format_accuracy": 0.69140625,
  "answer_accuracy": 0.20703125,
  "avg_response_token_length": 181.01953125,
  "rollout_seconds": 9.487565755844116,
  "mean_reward": 0.20703125,
  "std_reward": 0.40597182512283325,
  "min_reward": 0.0,
  "max_reward": 1.0,
  "mean_advantage": 7.450580596923828e-09,
  "std_advantage": 0.7592547535896301,
  "num_groups": 32.0
}
