{
  "type": "rollout",
  "grpo_step": 215,
  "num_questions": 32,
  "group_size": 8.0,
  "num_rollouts": 256,
  "reward": 0.796875,
  "format_accuracy": 0.9765625,
  "answer_accuracy": 0.796875,
  "avg_response_token_length": 318.140625,
  "rollout_seconds": 12.28697395324707,
  "mean_reward": 0.796875,
  "std_reward": 0.40311288833618164,
  "min_reward": 0.0,
  "max_reward": 1.0,
  "mean_advantage": -4.190951585769653e-09,
  "std_advantage": 0.5739426612854004,
  "num_groups": 32.0
}
