{
  "type": "rollout",
  "grpo_step": 303,
  "num_questions": 32,
  "group_size": 8.0,
  "num_rollouts": 256,
  "reward": 0.76171875,
  "format_accuracy": 0.95703125,
  "answer_accuracy": 0.76171875,
  "avg_response_token_length": 386.93359375,
  "rollout_seconds": 14.160063028335571,
  "mean_reward": 0.76171875,
  "std_reward": 0.4268665611743927,
  "min_reward": 0.0,
  "max_reward": 1.0,
  "mean_advantage": -1.3969838619232178e-09,
  "std_advantage": 0.49704891443252563,
  "num_groups": 32.0
}
