{
  "type": "rollout",
  "grpo_step": 108,
  "num_questions": 32,
  "group_size": 8.0,
  "num_rollouts": 256,
  "reward": 0.28125,
  "format_accuracy": 0.98828125,
  "answer_accuracy": 0.28125,
  "avg_response_token_length": 28.96875,
  "rollout_seconds": 5.647994041442871,
  "mean_reward": 0.28125,
  "std_reward": 0.45048993825912476,
  "min_reward": 0.0,
  "max_reward": 1.0,
  "mean_advantage": 3.14321368932724e-09,
  "std_advantage": 0.4058386981487274,
  "num_groups": 32.0
}
