{
  "type": "rollout",
  "grpo_step": 123,
  "num_questions": 32,
  "group_size": 8.0,
  "num_rollouts": 256,
  "reward": 0.74609375,
  "format_accuracy": 0.89453125,
  "answer_accuracy": 0.74609375,
  "avg_response_token_length": 462.97265625,
  "rollout_seconds": 32.17315721511841,
  "mean_reward": 0.74609375,
  "std_reward": 0.4360972046852112,
  "min_reward": 0.0,
  "max_reward": 1.0,
  "mean_advantage": 0.0,
  "std_advantage": 0.24753688275814056,
  "num_groups": 32.0
}
