{
  "type": "rollout",
  "grpo_step": 32,
  "num_questions": 32,
  "group_size": 8.0,
  "num_rollouts": 256,
  "reward": 0.54296875,
  "format_accuracy": 0.96484375,
  "answer_accuracy": 0.54296875,
  "avg_response_token_length": 305.41796875,
  "rollout_seconds": 11.869848251342773,
  "mean_reward": 0.54296875,
  "std_reward": 0.4991260766983032,
  "min_reward": 0.0,
  "max_reward": 1.0,
  "mean_advantage": -5.587935447692871e-09,
  "std_advantage": 0.6199288964271545,
  "num_groups": 32.0
}
