{
  "type": "rollout",
  "grpo_step": 12,
  "num_questions": 32,
  "group_size": 8.0,
  "num_rollouts": 256,
  "reward": 0.52734375,
  "format_accuracy": 0.9140625,
  "answer_accuracy": 0.52734375,
  "avg_response_token_length": 290.74609375,
  "rollout_seconds": 12.733332633972168,
  "mean_reward": 0.52734375,
  "std_reward": 0.5002297163009644,
  "min_reward": 0.0,
  "max_reward": 1.0,
  "mean_advantage": -3.725290298461914e-09,
  "std_advantage": 0.7029334306716919,
  "num_groups": 32.0
}
