{
  "type": "rollout",
  "grpo_step": 164,
  "num_questions": 32,
  "group_size": 8.0,
  "num_rollouts": 256,
  "reward": 0.65234375,
  "format_accuracy": 0.8359375,
  "answer_accuracy": 0.65234375,
  "avg_response_token_length": 492.546875,
  "rollout_seconds": 12.114136934280396,
  "mean_reward": 0.65234375,
  "std_reward": 0.4771590530872345,
  "min_reward": 0.0,
  "max_reward": 1.0,
  "mean_advantage": 3.725290298461914e-09,
  "std_advantage": 0.46862223744392395,
  "num_groups": 32.0
}
