{
  "type": "rollout",
  "grpo_step": 141,
  "num_questions": 32,
  "group_size": 8.0,
  "num_rollouts": 256,
  "reward": 0.40234375,
  "format_accuracy": 0.8359375,
  "answer_accuracy": 0.40234375,
  "avg_response_token_length": 169.97265625,
  "rollout_seconds": 15.25016188621521,
  "mean_reward": 0.40234375,
  "std_reward": 0.4913311004638672,
  "min_reward": 0.0,
  "max_reward": 1.0,
  "mean_advantage": -1.862645149230957e-09,
  "std_advantage": 0.7592549324035645,
  "num_groups": 32.0
}
