{
  "type": "rollout",
  "grpo_step": 141,
  "num_questions": 32,
  "group_size": 8.0,
  "num_rollouts": 256,
  "reward": 0.53515625,
  "format_accuracy": 0.90234375,
  "answer_accuracy": 0.53515625,
  "avg_response_token_length": 239.5078125,
  "rollout_seconds": 10.96037769317627,
  "mean_reward": 0.53515625,
  "std_reward": 0.49973952770233154,
  "min_reward": 0.0,
  "max_reward": 1.0,
  "mean_advantage": 9.313225746154785e-10,
  "std_advantage": 0.6831283569335938,
  "num_groups": 32.0
}
