{
  "type": "rollout",
  "grpo_step": 131,
  "num_questions": 32,
  "group_size": 8.0,
  "num_rollouts": 256,
  "reward": 0.36328125,
  "format_accuracy": 0.8359375,
  "answer_accuracy": 0.36328125,
  "avg_response_token_length": 174.046875,
  "rollout_seconds": 8.882273197174072,
  "mean_reward": 0.36328125,
  "std_reward": 0.48188698291778564,
  "min_reward": 0.0,
  "max_reward": 1.0,
  "mean_advantage": 2.7939677238464355e-09,
  "std_advantage": 0.7409569025039673,
  "num_groups": 32.0
}
