{
  "type": "rollout",
  "grpo_step": 131,
  "num_questions": 32,
  "group_size": 8.0,
  "num_rollouts": 256,
  "reward": 0.515625,
  "format_accuracy": 0.85546875,
  "answer_accuracy": 0.515625,
  "avg_response_token_length": 250.75390625,
  "rollout_seconds": 11.00434160232544,
  "mean_reward": 0.515625,
  "std_reward": 0.5007347464561462,
  "min_reward": 0.0,
  "max_reward": 1.0,
  "mean_advantage": -9.313225746154785e-10,
  "std_advantage": 0.662731945514679,
  "num_groups": 32.0
}
