{
  "type": "rollout",
  "grpo_step": 73,
  "num_questions": 32,
  "group_size": 8.0,
  "num_rollouts": 256,
  "reward": 0.5390625,
  "format_accuracy": 0.94140625,
  "answer_accuracy": 0.5390625,
  "avg_response_token_length": 251.37109375,
  "rollout_seconds": 10.880898237228394,
  "mean_reward": 0.5390625,
  "std_reward": 0.4994482398033142,
  "min_reward": 0.0,
  "max_reward": 1.0,
  "mean_advantage": 3.14321368932724e-09,
  "std_advantage": 0.6831283569335938,
  "num_groups": 32.0
}
