{
  "type": "rollout",
  "grpo_step": 148,
  "num_questions": 32,
  "group_size": 8.0,
  "num_rollouts": 256,
  "reward": 0.484375,
  "format_accuracy": 0.85546875,
  "answer_accuracy": 0.484375,
  "avg_response_token_length": 242.6640625,
  "rollout_seconds": 10.460888862609863,
  "mean_reward": 0.484375,
  "std_reward": 0.5007347464561462,
  "min_reward": 0.0,
  "max_reward": 1.0,
  "mean_advantage": -5.587935447692871e-09,
  "std_advantage": 0.6831284165382385,
  "num_groups": 32.0
}
