{
  "type": "rollout",
  "grpo_step": 46,
  "num_questions": 32,
  "group_size": 8.0,
  "num_rollouts": 256,
  "reward": 0.1953125,
  "format_accuracy": 0.84765625,
  "answer_accuracy": 0.1953125,
  "avg_response_token_length": 54.13671875,
  "rollout_seconds": 6.44945764541626,
  "mean_reward": 0.1953125,
  "std_reward": 0.39721766114234924,
  "min_reward": 0.0,
  "max_reward": 1.0,
  "mean_advantage": -5.587935447692871e-09,
  "std_advantage": 0.5739426612854004,
  "num_groups": 32.0
}
