{
  "type": "rollout",
  "grpo_step": 75,
  "num_questions": 32,
  "group_size": 8.0,
  "num_rollouts": 256,
  "reward": 0.8046875,
  "format_accuracy": 0.96484375,
  "answer_accuracy": 0.8046875,
  "avg_response_token_length": 377.41796875,
  "rollout_seconds": 25.54948878288269,
  "mean_reward": 0.8046875,
  "std_reward": 0.39721766114234924,
  "min_reward": 0.0,
  "max_reward": 1.0,
  "mean_advantage": -1.3969838619232178e-09,
  "std_advantage": 0.5239356756210327,
  "num_groups": 32.0
}
