{
  "type": "rollout",
  "grpo_step": 110,
  "num_questions": 32,
  "group_size": 8.0,
  "num_rollouts": 256,
  "reward": 0.7734375,
  "format_accuracy": 0.95703125,
  "answer_accuracy": 0.7734375,
  "avg_response_token_length": 377.1953125,
  "rollout_seconds": 13.671320915222168,
  "mean_reward": 0.7734375,
  "std_reward": 0.41942712664604187,
  "min_reward": 0.0,
  "max_reward": 1.0,
  "mean_advantage": -1.1641532182693481e-09,
  "std_advantage": 0.49704891443252563,
  "num_groups": 32.0
}
