{
  "num_examples": 1024,
  "reward": 0.4599609375,
  "format_accuracy": 0.841796875,
  "answer_accuracy": 0.4599609375,
  "temperature": 1.0,
  "top_p": 1.0,
  "max_tokens": 1024,
  "stop": "</answer>",
  "include_stop_str_in_output": true,
  "eval_seconds": 34.726407527923584
}
