{
  "type": "rollout",
  "grpo_step": 317,
  "num_questions": 32,
  "group_size": 8.0,
  "num_rollouts": 256,
  "reward": 0.78125,
  "format_accuracy": 0.98046875,
  "answer_accuracy": 0.78125,
  "avg_response_token_length": 337.95703125,
  "rollout_seconds": 9.53043532371521,
  "mean_reward": 0.78125,
  "std_reward": 0.41420844197273254,
  "min_reward": 0.0,
  "max_reward": 1.0,
  "mean_advantage": -1.862645149230957e-09,
  "std_advantage": 0.5495083332061768,
  "num_groups": 32.0
}
