{
  "type": "rollout",
  "grpo_step": 317,
  "num_questions": 32,
  "group_size": 8.0,
  "num_rollouts": 256,
  "reward": 0.82421875,
  "format_accuracy": 0.94140625,
  "answer_accuracy": 0.82421875,
  "avg_response_token_length": 383.0078125,
  "rollout_seconds": 13.558944702148438,
  "mean_reward": 0.82421875,
  "std_reward": 0.38137954473495483,
  "min_reward": 0.0,
  "max_reward": 1.0,
  "mean_advantage": -5.3551048040390015e-09,
  "std_advantage": 0.6199288368225098,
  "num_groups": 32.0
}
