{
  "type": "rollout",
  "grpo_step": 36,
  "num_questions": 32,
  "group_size": 8.0,
  "num_rollouts": 256,
  "reward": 0.21875,
  "format_accuracy": 0.8671875,
  "answer_accuracy": 0.21875,
  "avg_response_token_length": 64.72265625,
  "rollout_seconds": 7.072300434112549,
  "mean_reward": 0.21875,
  "std_reward": 0.41420844197273254,
  "min_reward": 0.0,
  "max_reward": 1.0,
  "mean_advantage": 3.725290298461914e-09,
  "std_advantage": 0.6831284761428833,
  "num_groups": 32.0
}
