{
  "type": "rollout",
  "grpo_step": 151,
  "num_questions": 32,
  "group_size": 8.0,
  "num_rollouts": 256,
  "reward": 0.2265625,
  "format_accuracy": 0.8203125,
  "answer_accuracy": 0.2265625,
  "avg_response_token_length": 202.8125,
  "rollout_seconds": 9.50623345375061,
  "mean_reward": 0.2265625,
  "std_reward": 0.41942712664604187,
  "min_reward": 0.0,
  "max_reward": 1.0,
  "mean_advantage": -9.313225746154785e-10,
  "std_advantage": 0.6831285357475281,
  "num_groups": 32.0
}
