{
  "type": "rollout",
  "grpo_step": 151,
  "num_questions": 32,
  "group_size": 8.0,
  "num_rollouts": 256,
  "reward": 0.4765625,
  "format_accuracy": 0.83984375,
  "answer_accuracy": 0.4765625,
  "avg_response_token_length": 300.2421875,
  "rollout_seconds": 12.274147272109985,
  "mean_reward": 0.4765625,
  "std_reward": 0.5004287362098694,
  "min_reward": 0.0,
  "max_reward": 1.0,
  "mean_advantage": 1.862645149230957e-09,
  "std_advantage": 0.8116776347160339,
  "num_groups": 32.0
}
