{
  "type": "rollout",
  "grpo_step": 173,
  "num_questions": 32,
  "group_size": 8.0,
  "num_rollouts": 256,
  "reward": 0.4296875,
  "format_accuracy": 0.57421875,
  "answer_accuracy": 0.4296875,
  "avg_response_token_length": 577.36328125,
  "rollout_seconds": 17.93964719772339,
  "mean_reward": 0.4296875,
  "std_reward": 0.49600115418434143,
  "min_reward": 0.0,
  "max_reward": 1.0,
  "mean_advantage": -4.190951585769653e-09,
  "std_advantage": 0.7029333710670471,
  "num_groups": 32.0
}
