{
  "type": "rollout",
  "grpo_step": 293,
  "num_questions": 32,
  "group_size": 8.0,
  "num_rollouts": 256,
  "reward": 0.75,
  "format_accuracy": 0.9609375,
  "answer_accuracy": 0.75,
  "avg_response_token_length": 357.13671875,
  "rollout_seconds": 10.065569162368774,
  "mean_reward": 0.75,
  "std_reward": 0.4338609278202057,
  "min_reward": 0.0,
  "max_reward": 1.0,
  "mean_advantage": 0.0,
  "std_advantage": 0.5495081543922424,
  "num_groups": 32.0
}
