{
  "type": "rollout",
  "grpo_step": 84,
  "num_questions": 32,
  "group_size": 8.0,
  "num_rollouts": 256,
  "reward": 0.515625,
  "format_accuracy": 0.94921875,
  "answer_accuracy": 0.515625,
  "avg_response_token_length": 304.34765625,
  "rollout_seconds": 12.354426860809326,
  "mean_reward": 0.515625,
  "std_reward": 0.5007347464561462,
  "min_reward": 0.0,
  "max_reward": 1.0,
  "mean_advantage": -9.313225746154785e-10,
  "std_advantage": 0.641687273979187,
  "num_groups": 32.0
}
