{
  "num_examples": 1024,
  "reward": 0.822265625,
  "format_accuracy": 0.9443359375,
  "answer_accuracy": 0.822265625,
  "temperature": 1.0,
  "top_p": 1.0,
  "max_tokens": 1024,
  "stop": "</answer>",
  "include_stop_str_in_output": true,
  "eval_seconds": 51.867578744888306
}
