{
  "type": "rollout",
  "grpo_step": 194,
  "num_questions": 32,
  "group_size": 8.0,
  "num_rollouts": 256,
  "reward": 0.7421875,
  "format_accuracy": 0.921875,
  "answer_accuracy": 0.7421875,
  "avg_response_token_length": 428.62109375,
  "rollout_seconds": 11.191264152526855,
  "mean_reward": 0.7421875,
  "std_reward": 0.4382871091365814,
  "min_reward": 0.0,
  "max_reward": 1.0,
  "mean_advantage": 3.725290298461914e-09,
  "std_advantage": 0.5239356160163879,
  "num_groups": 32.0
}
