{
  "type": "rollout",
  "grpo_step": 23,
  "num_questions": 32,
  "group_size": 8.0,
  "num_rollouts": 256,
  "reward": 0.67578125,
  "format_accuracy": 0.9296875,
  "answer_accuracy": 0.67578125,
  "avg_response_token_length": 565.72265625,
  "rollout_seconds": 17.357088088989258,
  "mean_reward": 0.67578125,
  "std_reward": 0.46899911761283875,
  "min_reward": 0.0,
  "max_reward": 1.0,
  "mean_advantage": 2.7939677238464355e-09,
  "std_advantage": 0.6416873931884766,
  "num_groups": 32.0
}
