{
  "type": "rollout",
  "grpo_step": 186,
  "num_questions": 32,
  "group_size": 8.0,
  "num_rollouts": 256,
  "reward": 0.6796875,
  "format_accuracy": 0.93359375,
  "answer_accuracy": 0.6796875,
  "avg_response_token_length": 391.81640625,
  "rollout_seconds": 13.440144777297974,
  "mean_reward": 0.6796875,
  "std_reward": 0.4675106108188629,
  "min_reward": 0.0,
  "max_reward": 1.0,
  "mean_advantage": 1.6298145055770874e-09,
  "std_advantage": 0.5495083332061768,
  "num_groups": 32.0
}
