{
  "type": "rollout",
  "grpo_step": 105,
  "num_questions": 32,
  "group_size": 8.0,
  "num_rollouts": 256,
  "reward": 0.75390625,
  "format_accuracy": 0.97265625,
  "answer_accuracy": 0.75390625,
  "avg_response_token_length": 370.66015625,
  "rollout_seconds": 20.872311115264893,
  "mean_reward": 0.75390625,
  "std_reward": 0.43157756328582764,
  "min_reward": 0.0,
  "max_reward": 1.0,
  "mean_advantage": -3.725290298461914e-09,
  "std_advantage": 0.549508273601532,
  "num_groups": 32.0
}
