{
  "type": "rollout",
  "grpo_step": 145,
  "num_questions": 32,
  "group_size": 8.0,
  "num_rollouts": 256,
  "reward": 0.50390625,
  "format_accuracy": 0.90234375,
  "answer_accuracy": 0.50390625,
  "avg_response_token_length": 504.1953125,
  "rollout_seconds": 16.87237000465393,
  "mean_reward": 0.50390625,
  "std_reward": 0.5009641647338867,
  "min_reward": 0.0,
  "max_reward": 1.0,
  "mean_advantage": 6.05359673500061e-09,
  "std_advantage": 0.7221953868865967,
  "num_groups": 32.0
}
