{
  "type": "rollout",
  "grpo_step": 5,
  "num_questions": 32,
  "group_size": 8.0,
  "num_rollouts": 256,
  "reward": 0.29296875,
  "format_accuracy": 0.8046875,
  "answer_accuracy": 0.29296875,
  "avg_response_token_length": 164.81640625,
  "rollout_seconds": 8.834746360778809,
  "mean_reward": 0.29296875,
  "std_reward": 0.45601576566696167,
  "min_reward": 0.0,
  "max_reward": 1.0,
  "mean_advantage": 0.0,
  "std_advantage": 0.3507694602012634,
  "num_groups": 32.0
}
