{
  "type": "rollout",
  "grpo_step": 126,
  "num_questions": 32,
  "group_size": 8.0,
  "num_rollouts": 256,
  "reward": 0.55859375,
  "format_accuracy": 0.88671875,
  "answer_accuracy": 0.55859375,
  "avg_response_token_length": 246.58984375,
  "rollout_seconds": 17.17596697807312,
  "mean_reward": 0.55859375,
  "std_reward": 0.4975275993347168,
  "min_reward": 0.0,
  "max_reward": 1.0,
  "mean_advantage": -9.313225746154785e-10,
  "std_advantage": 0.7029334306716919,
  "num_groups": 32.0
}
