{
  "type": "rollout",
  "grpo_step": 141,
  "num_questions": 32,
  "group_size": 8.0,
  "num_rollouts": 256,
  "reward": 0.73046875,
  "format_accuracy": 0.93359375,
  "answer_accuracy": 0.73046875,
  "avg_response_token_length": 353.0625,
  "rollout_seconds": 12.79333209991455,
  "mean_reward": 0.73046875,
  "std_reward": 0.4445854723453522,
  "min_reward": 0.0,
  "max_reward": 1.0,
  "mean_advantage": -9.313225746154785e-10,
  "std_advantage": 0.5239355564117432,
  "num_groups": 32.0
}
