{
  "type": "rollout",
  "grpo_step": 181,
  "num_questions": 32,
  "group_size": 8.0,
  "num_rollouts": 256,
  "reward": 0.703125,
  "format_accuracy": 0.92578125,
  "answer_accuracy": 0.703125,
  "avg_response_token_length": 470.1640625,
  "rollout_seconds": 26.592943906784058,
  "mean_reward": 0.703125,
  "std_reward": 0.45777595043182373,
  "min_reward": 0.0,
  "max_reward": 1.0,
  "mean_advantage": 3.259629011154175e-09,
  "std_advantage": 0.6627318859100342,
  "num_groups": 32.0
}
