{
  "type": "rollout",
  "grpo_step": 173,
  "num_questions": 32,
  "group_size": 8.0,
  "num_rollouts": 256,
  "reward": 0.2421875,
  "format_accuracy": 0.99609375,
  "answer_accuracy": 0.2421875,
  "avg_response_token_length": 20.3359375,
  "rollout_seconds": 5.4902191162109375,
  "mean_reward": 0.2421875,
  "std_reward": 0.42924636602401733,
  "min_reward": 0.0,
  "max_reward": 1.0,
  "mean_advantage": 1.862645149230957e-09,
  "std_advantage": 0.5239354372024536,
  "num_groups": 32.0
}
