{
  "type": "rollout",
  "grpo_step": 182,
  "num_questions": 32,
  "group_size": 8.0,
  "num_rollouts": 256,
  "reward": 0.5703125,
  "format_accuracy": 0.7109375,
  "answer_accuracy": 0.5703125,
  "avg_response_token_length": 410.828125,
  "rollout_seconds": 14.308728694915771,
  "mean_reward": 0.5703125,
  "std_reward": 0.49600115418434143,
  "min_reward": 0.0,
  "max_reward": 1.0,
  "mean_advantage": -1.862645149230957e-09,
  "std_advantage": 0.6199290156364441,
  "num_groups": 32.0
}
