{
  "type": "rollout",
  "grpo_step": 92,
  "num_questions": 32,
  "group_size": 8.0,
  "num_rollouts": 256,
  "reward": 0.5703125,
  "format_accuracy": 0.92578125,
  "answer_accuracy": 0.5703125,
  "avg_response_token_length": 317.94921875,
  "rollout_seconds": 11.780181407928467,
  "mean_reward": 0.5703125,
  "std_reward": 0.49600115418434143,
  "min_reward": 0.0,
  "max_reward": 1.0,
  "mean_advantage": -9.313225746154785e-10,
  "std_advantage": 0.6831284761428833,
  "num_groups": 32.0
}
