{
  "type": "rollout",
  "grpo_step": 22,
  "num_questions": 32,
  "group_size": 8.0,
  "num_rollouts": 256,
  "reward": 0.51171875,
  "format_accuracy": 0.8984375,
  "answer_accuracy": 0.51171875,
  "avg_response_token_length": 318.05859375,
  "rollout_seconds": 11.813594102859497,
  "mean_reward": 0.51171875,
  "std_reward": 0.5008417963981628,
  "min_reward": 0.0,
  "max_reward": 1.0,
  "mean_advantage": -9.313225746154785e-10,
  "std_advantage": 0.7029334306716919,
  "num_groups": 32.0
}
