{
  "type": "rollout",
  "grpo_step": 4,
  "num_questions": 32,
  "group_size": 8.0,
  "num_rollouts": 256,
  "reward": 0.171875,
  "format_accuracy": 0.328125,
  "answer_accuracy": 0.171875,
  "avg_response_token_length": 476.12890625,
  "rollout_seconds": 15.81981086730957,
  "mean_reward": 0.171875,
  "std_reward": 0.3780107796192169,
  "min_reward": 0.0,
  "max_reward": 1.0,
  "mean_advantage": 9.313225746154785e-10,
  "std_advantage": 0.7221952676773071,
  "num_groups": 32.0
}
