{
  "type": "rollout",
  "grpo_step": 74,
  "num_questions": 32,
  "group_size": 8.0,
  "num_rollouts": 256,
  "reward": 0.31640625,
  "format_accuracy": 0.921875,
  "answer_accuracy": 0.31640625,
  "avg_response_token_length": 49.18359375,
  "rollout_seconds": 6.374323844909668,
  "mean_reward": 0.31640625,
  "std_reward": 0.4659844934940338,
  "min_reward": 0.0,
  "max_reward": 1.0,
  "mean_advantage": 3.725290298461914e-09,
  "std_advantage": 0.7029334306716919,
  "num_groups": 32.0
}
