{
  "type": "rollout",
  "grpo_step": 17,
  "num_questions": 32,
  "group_size": 8.0,
  "num_rollouts": 256,
  "reward": 0.2265625,
  "format_accuracy": 0.9140625,
  "answer_accuracy": 0.2265625,
  "avg_response_token_length": 71.08203125,
  "rollout_seconds": 6.57540488243103,
  "mean_reward": 0.2265625,
  "std_reward": 0.41942712664604187,
  "min_reward": 0.0,
  "max_reward": 1.0,
  "mean_advantage": 3.725290298461914e-09,
  "std_advantage": 0.6831284761428833,
  "num_groups": 32.0
}
