{
  "type": "rollout",
  "grpo_step": 93,
  "num_questions": 32,
  "group_size": 8.0,
  "num_rollouts": 256,
  "reward": 0.76171875,
  "format_accuracy": 0.89453125,
  "answer_accuracy": 0.76171875,
  "avg_response_token_length": 518.8046875,
  "rollout_seconds": 22.948938608169556,
  "mean_reward": 0.76171875,
  "std_reward": 0.4268665611743927,
  "min_reward": 0.0,
  "max_reward": 1.0,
  "mean_advantage": 0.0,
  "std_advantage": 0.21805737912654877,
  "num_groups": 32.0
}
