{
  "type": "rollout",
  "grpo_step": 25,
  "num_questions": 32,
  "group_size": 8.0,
  "num_rollouts": 256,
  "reward": 0.71875,
  "format_accuracy": 0.95703125,
  "answer_accuracy": 0.71875,
  "avg_response_token_length": 495.13671875,
  "rollout_seconds": 15.709547758102417,
  "mean_reward": 0.71875,
  "std_reward": 0.45048993825912476,
  "min_reward": 0.0,
  "max_reward": 1.0,
  "mean_advantage": 4.656612873077393e-10,
  "std_advantage": 0.6627318263053894,
  "num_groups": 32.0
}
