{
  "type": "rollout",
  "grpo_step": 189,
  "num_questions": 32,
  "group_size": 8.0,
  "num_rollouts": 256,
  "reward": 0.82421875,
  "format_accuracy": 0.9375,
  "answer_accuracy": 0.82421875,
  "avg_response_token_length": 425.0859375,
  "rollout_seconds": 14.372578859329224,
  "mean_reward": 0.82421875,
  "std_reward": 0.38137954473495483,
  "min_reward": 0.0,
  "max_reward": 1.0,
  "mean_advantage": -5.587935447692871e-09,
  "std_advantage": 0.5739426016807556,
  "num_groups": 32.0
}
