{
  "type": "rollout",
  "grpo_step": 152,
  "num_questions": 32,
  "group_size": 8.0,
  "num_rollouts": 256,
  "reward": 0.25,
  "format_accuracy": 0.62109375,
  "answer_accuracy": 0.25,
  "avg_response_token_length": 344.7890625,
  "rollout_seconds": 12.537701845169067,
  "mean_reward": 0.25,
  "std_reward": 0.4338609278202057,
  "min_reward": 0.0,
  "max_reward": 1.0,
  "mean_advantage": 0.0,
  "std_advantage": 0.3486669361591339,
  "num_groups": 32.0
}
