{
  "type": "rollout",
  "grpo_step": 53,
  "num_questions": 32,
  "group_size": 8.0,
  "num_rollouts": 256,
  "reward": 0.7578125,
  "format_accuracy": 0.9140625,
  "answer_accuracy": 0.7578125,
  "avg_response_token_length": 529.9453125,
  "rollout_seconds": 16.66161608695984,
  "mean_reward": 0.7578125,
  "std_reward": 0.42924636602401733,
  "min_reward": 0.0,
  "max_reward": 1.0,
  "mean_advantage": -6.51925802230835e-09,
  "std_advantage": 0.7221953272819519,
  "num_groups": 32.0
}
