{
  "type": "rollout",
  "grpo_step": 180,
  "num_questions": 32,
  "group_size": 8.0,
  "num_rollouts": 256,
  "reward": 0.37890625,
  "format_accuracy": 0.8515625,
  "answer_accuracy": 0.37890625,
  "avg_response_token_length": 174.8984375,
  "rollout_seconds": 10.102475881576538,
  "mean_reward": 0.37890625,
  "std_reward": 0.48606500029563904,
  "min_reward": 0.0,
  "max_reward": 1.0,
  "mean_advantage": 1.1175870895385742e-08,
  "std_advantage": 0.7945876717567444,
  "num_groups": 32.0
}
