{
  "type": "rollout",
  "grpo_step": 4,
  "num_questions": 32,
  "group_size": 8.0,
  "num_rollouts": 256,
  "reward": 0.25390625,
  "format_accuracy": 0.578125,
  "answer_accuracy": 0.25390625,
  "avg_response_token_length": 320.1015625,
  "rollout_seconds": 11.544343709945679,
  "mean_reward": 0.25390625,
  "std_reward": 0.4360972046852112,
  "min_reward": 0.0,
  "max_reward": 1.0,
  "mean_advantage": 3.725290298461914e-09,
  "std_advantage": 0.7409569025039673,
  "num_groups": 32.0
}
