{
  "type": "rollout",
  "grpo_step": 41,
  "num_questions": 32,
  "group_size": 8.0,
  "num_rollouts": 256,
  "reward": 0.05859375,
  "format_accuracy": 0.0625,
  "answer_accuracy": 0.05859375,
  "avg_response_token_length": 966.48046875,
  "rollout_seconds": 27.869828701019287,
  "mean_reward": 0.05859375,
  "std_reward": 0.23532283306121826,
  "min_reward": 0.0,
  "max_reward": 1.0,
  "mean_advantage": 0.0,
  "std_advantage": 0.2869713008403778,
  "num_groups": 32.0
}
