{
  "type": "rollout",
  "grpo_step": 41,
  "num_questions": 32,
  "group_size": 8.0,
  "num_rollouts": 256,
  "reward": 0.43359375,
  "format_accuracy": 0.98828125,
  "answer_accuracy": 0.43359375,
  "avg_response_token_length": 113.33203125,
  "rollout_seconds": 6.210908889770508,
  "mean_reward": 0.43359375,
  "std_reward": 0.4965413510799408,
  "min_reward": 0.0,
  "max_reward": 1.0,
  "mean_advantage": -3.725290298461914e-09,
  "std_advantage": 0.6627318859100342,
  "num_groups": 32.0
}
