{
  "type": "rollout",
  "grpo_step": 192,
  "num_questions": 32,
  "group_size": 8.0,
  "num_rollouts": 256,
  "reward": 0.78515625,
  "format_accuracy": 0.890625,
  "answer_accuracy": 0.78515625,
  "avg_response_token_length": 282.92578125,
  "rollout_seconds": 11.095690488815308,
  "mean_reward": 0.78515625,
  "std_reward": 0.4115184545516968,
  "min_reward": 0.0,
  "max_reward": 1.0,
  "mean_advantage": -5.587935447692871e-09,
  "std_advantage": 0.6199290156364441,
  "num_groups": 32.0
}
