{
  "type": "rollout",
  "grpo_step": 53,
  "num_questions": 32,
  "group_size": 8.0,
  "num_rollouts": 256,
  "reward": 0.66015625,
  "format_accuracy": 0.91796875,
  "answer_accuracy": 0.66015625,
  "avg_response_token_length": 368.2109375,
  "rollout_seconds": 15.628217697143555,
  "mean_reward": 0.66015625,
  "std_reward": 0.47458380460739136,
  "min_reward": 0.0,
  "max_reward": 1.0,
  "mean_advantage": 9.313225746154785e-10,
  "std_advantage": 0.6416874527931213,
  "num_groups": 32.0
}
