{
  "type": "rollout",
  "grpo_step": 22,
  "num_questions": 32,
  "group_size": 8.0,
  "num_rollouts": 256,
  "reward": 0.44140625,
  "format_accuracy": 0.78515625,
  "answer_accuracy": 0.44140625,
  "avg_response_token_length": 288.71875,
  "rollout_seconds": 11.158128023147583,
  "mean_reward": 0.44140625,
  "std_reward": 0.4975275993347168,
  "min_reward": 0.0,
  "max_reward": 1.0,
  "mean_advantage": -1.862645149230957e-09,
  "std_advantage": 0.740956723690033,
  "num_groups": 32.0
}
