{
  "type": "rollout",
  "grpo_step": 155,
  "num_questions": 32,
  "group_size": 8.0,
  "num_rollouts": 256,
  "reward": 0.6796875,
  "format_accuracy": 0.890625,
  "answer_accuracy": 0.6796875,
  "avg_response_token_length": 440.9140625,
  "rollout_seconds": 15.161987066268921,
  "mean_reward": 0.6796875,
  "std_reward": 0.4675106108188629,
  "min_reward": 0.0,
  "max_reward": 1.0,
  "mean_advantage": 2.3283064365386963e-10,
  "std_advantage": 0.4686223268508911,
  "num_groups": 32.0
}
