{
  "type": "rollout",
  "grpo_step": 23,
  "num_questions": 32,
  "group_size": 8.0,
  "num_rollouts": 256,
  "reward": 0.53515625,
  "format_accuracy": 0.83203125,
  "answer_accuracy": 0.53515625,
  "avg_response_token_length": 265.71484375,
  "rollout_seconds": 12.128118753433228,
  "mean_reward": 0.53515625,
  "std_reward": 0.49973952770233154,
  "min_reward": 0.0,
  "max_reward": 1.0,
  "mean_advantage": -3.725290298461914e-09,
  "std_advantage": 0.7221952080726624,
  "num_groups": 32.0
}
