{
  "type": "rollout",
  "grpo_step": 179,
  "num_questions": 32,
  "group_size": 8.0,
  "num_rollouts": 256,
  "reward": 0.6640625,
  "format_accuracy": 0.9453125,
  "answer_accuracy": 0.6640625,
  "avg_response_token_length": 264.30859375,
  "rollout_seconds": 11.075976610183716,
  "mean_reward": 0.6640625,
  "std_reward": 0.4732423722743988,
  "min_reward": 0.0,
  "max_reward": 1.0,
  "mean_advantage": -4.6566128730773926e-09,
  "std_advantage": 0.5973783731460571,
  "num_groups": 32.0
}
