{
  "type": "rollout",
  "grpo_step": 189,
  "num_questions": 32,
  "group_size": 8.0,
  "num_rollouts": 256,
  "reward": 0.37890625,
  "format_accuracy": 0.73046875,
  "answer_accuracy": 0.37890625,
  "avg_response_token_length": 278.5,
  "rollout_seconds": 11.150853157043457,
  "mean_reward": 0.37890625,
  "std_reward": 0.48606500029563904,
  "min_reward": 0.0,
  "max_reward": 1.0,
  "mean_advantage": 0.0,
  "std_advantage": 0.3866649866104126,
  "num_groups": 32.0
}
