{
  "type": "rollout",
  "grpo_step": 158,
  "num_questions": 32,
  "group_size": 8.0,
  "num_rollouts": 256,
  "reward": 0.75,
  "format_accuracy": 0.87890625,
  "answer_accuracy": 0.75,
  "avg_response_token_length": 460.25390625,
  "rollout_seconds": 15.252010345458984,
  "mean_reward": 0.75,
  "std_reward": 0.4338609278202057,
  "min_reward": 0.0,
  "max_reward": 1.0,
  "mean_advantage": 1.6298145055770874e-09,
  "std_advantage": 0.4686221778392792,
  "num_groups": 32.0
}
