{
  "type": "rollout",
  "grpo_step": 234,
  "num_questions": 32,
  "group_size": 8.0,
  "num_rollouts": 256,
  "reward": 0.76953125,
  "format_accuracy": 0.9453125,
  "answer_accuracy": 0.76953125,
  "avg_response_token_length": 425.27734375,
  "rollout_seconds": 11.331080913543701,
  "mean_reward": 0.76953125,
  "std_reward": 0.4219578206539154,
  "min_reward": 0.0,
  "max_reward": 1.0,
  "mean_advantage": -2.0954757928848267e-09,
  "std_advantage": 0.5239354372024536,
  "num_groups": 32.0
}
