{
  "type": "rollout",
  "grpo_step": 182,
  "num_questions": 32,
  "group_size": 8.0,
  "num_rollouts": 256,
  "reward": 0.73828125,
  "format_accuracy": 0.9765625,
  "answer_accuracy": 0.73828125,
  "avg_response_token_length": 319.3984375,
  "rollout_seconds": 11.654162645339966,
  "mean_reward": 0.73828125,
  "std_reward": 0.4404313564300537,
  "min_reward": 0.0,
  "max_reward": 1.0,
  "mean_advantage": -1.862645149230957e-09,
  "std_advantage": 0.6416875123977661,
  "num_groups": 32.0
}
