{
  "type": "rollout",
  "grpo_step": 182,
  "num_questions": 32,
  "group_size": 8.0,
  "num_rollouts": 256,
  "reward": 0.83203125,
  "format_accuracy": 0.94921875,
  "answer_accuracy": 0.83203125,
  "avg_response_token_length": 421.50390625,
  "rollout_seconds": 11.360685348510742,
  "mean_reward": 0.83203125,
  "std_reward": 0.3745708465576172,
  "min_reward": 0.0,
  "max_reward": 1.0,
  "mean_advantage": -3.725290298461914e-09,
  "std_advantage": 0.4686222970485687,
  "num_groups": 32.0
}
