{
  "type": "rollout",
  "grpo_step": 83,
  "num_questions": 32,
  "group_size": 8.0,
  "num_rollouts": 256,
  "reward": 0.4921875,
  "format_accuracy": 0.61328125,
  "answer_accuracy": 0.4921875,
  "avg_response_token_length": 460.0546875,
  "rollout_seconds": 15.687506675720215,
  "mean_reward": 0.4921875,
  "std_reward": 0.5009182691574097,
  "min_reward": 0.0,
  "max_reward": 1.0,
  "mean_advantage": 3.725290298461914e-09,
  "std_advantage": 0.6199290156364441,
  "num_groups": 32.0
}
