{
  "type": "rollout",
  "grpo_step": 172,
  "num_questions": 32,
  "group_size": 8.0,
  "num_rollouts": 256,
  "reward": 0.828125,
  "format_accuracy": 0.98828125,
  "answer_accuracy": 0.828125,
  "avg_response_token_length": 383.38671875,
  "rollout_seconds": 27.293713331222534,
  "mean_reward": 0.828125,
  "std_reward": 0.3780107796192169,
  "min_reward": 0.0,
  "max_reward": 1.0,
  "mean_advantage": -2.3283064365386963e-09,
  "std_advantage": 0.46862220764160156,
  "num_groups": 32.0
}
