{
  "type": "rollout",
  "grpo_step": 111,
  "num_questions": 32,
  "group_size": 8.0,
  "num_rollouts": 256,
  "reward": 0.703125,
  "format_accuracy": 0.8515625,
  "answer_accuracy": 0.703125,
  "avg_response_token_length": 444.23046875,
  "rollout_seconds": 15.286385297775269,
  "mean_reward": 0.703125,
  "std_reward": 0.45777595043182373,
  "min_reward": 0.0,
  "max_reward": 1.0,
  "mean_advantage": -3.725290298461914e-09,
  "std_advantage": 0.6627318263053894,
  "num_groups": 32.0
}
