{
  "type": "rollout",
  "ei_step": 2,
  "num_questions": 512,
  "rollouts_per_question": 2,
  "num_rollouts": 1024,
  "num_accepted": 208,
  "accepted_fraction": 0.203125,
  "question_coverage_with_accept": 0.333984375,
  "reward": 0.203125,
  "format_accuracy": 0.8037109375,
  "answer_accuracy": 0.203125,
  "avg_token_entropy": 0.8566808700561523,
  "avg_accepted_token_entropy": 0.6025836651141827,
  "avg_response_token_length": 271.4482421875,
  "avg_accepted_response_token_length": 189.53846153846155,
  "rollout_seconds": 43.251225233078
}
