{
  "type": "rollout",
  "ei_step": 2,
  "num_questions": 512,
  "rollouts_per_question": 2,
  "num_rollouts": 1024,
  "num_accepted": 201,
  "accepted_fraction": 0.1962890625,
  "question_coverage_with_accept": 0.31640625,
  "reward": 0.1962890625,
  "format_accuracy": 0.8173828125,
  "answer_accuracy": 0.1962890625,
  "avg_token_entropy": 0.9701824188232422,
  "avg_accepted_token_entropy": 0.795888720460199,
  "avg_response_token_length": 183.9970703125,
  "avg_accepted_response_token_length": 119.97014925373135,
  "rollout_seconds": 37.75485396385193
}
