{
  "type": "rollout",
  "grpo_step": 135,
  "num_questions": 32,
  "group_size": 8.0,
  "num_rollouts": 256,
  "reward": 0.83203125,
  "format_accuracy": 0.95703125,
  "answer_accuracy": 0.83203125,
  "avg_response_token_length": 481.47265625,
  "rollout_seconds": 15.940185070037842,
  "mean_reward": 0.83203125,
  "std_reward": 0.3745708465576172,
  "min_reward": 0.0,
  "max_reward": 1.0,
  "mean_advantage": 0.0,
  "std_advantage": 0.22902178764343262,
  "num_groups": 32.0
}
