{
  "type": "rollout",
  "grpo_step": 135,
  "num_questions": 32,
  "group_size": 8.0,
  "num_rollouts": 256,
  "reward": 0.859375,
  "format_accuracy": 0.984375,
  "answer_accuracy": 0.859375,
  "avg_response_token_length": 455.0,
  "rollout_seconds": 14.350519895553589,
  "mean_reward": 0.859375,
  "std_reward": 0.3483152687549591,
  "min_reward": 0.0,
  "max_reward": 1.0,
  "mean_advantage": -3.725290298461914e-09,
  "std_advantage": 0.5239354968070984,
  "num_groups": 32.0
}
