{
  "type": "rollout",
  "grpo_step": 96,
  "num_questions": 32,
  "group_size": 8.0,
  "num_rollouts": 256,
  "reward": 0.8046875,
  "format_accuracy": 0.96484375,
  "answer_accuracy": 0.8046875,
  "avg_response_token_length": 318.62890625,
  "rollout_seconds": 12.284870147705078,
  "mean_reward": 0.8046875,
  "std_reward": 0.39721766114234924,
  "min_reward": 0.0,
  "max_reward": 1.0,
  "mean_advantage": 0.0,
  "std_advantage": 0.23431167006492615,
  "num_groups": 32.0
}
