{
  "type": "rollout",
  "grpo_step": 118,
  "num_questions": 32,
  "group_size": 8.0,
  "num_rollouts": 256,
  "reward": 0.8125,
  "format_accuracy": 0.93359375,
  "answer_accuracy": 0.8125,
  "avg_response_token_length": 366.45703125,
  "rollout_seconds": 12.672358274459839,
  "mean_reward": 0.8125,
  "std_reward": 0.3910769522190094,
  "min_reward": 0.0,
  "max_reward": 1.0,
  "mean_advantage": 9.313225746154785e-10,
  "std_advantage": 0.5973782539367676,
  "num_groups": 32.0
}
