{
  "type": "rollout",
  "grpo_step": 164,
  "num_questions": 32,
  "group_size": 8.0,
  "num_rollouts": 256,
  "reward": 0.640625,
  "format_accuracy": 0.90234375,
  "answer_accuracy": 0.640625,
  "avg_response_token_length": 442.98828125,
  "rollout_seconds": 15.008066654205322,
  "mean_reward": 0.640625,
  "std_reward": 0.4807571768760681,
  "min_reward": 0.0,
  "max_reward": 1.0,
  "mean_advantage": -1.862645149230957e-09,
  "std_advantage": 0.49704888463020325,
  "num_groups": 32.0
}
