{
  "type": "rollout",
  "grpo_step": 92,
  "num_questions": 32,
  "group_size": 8.0,
  "num_rollouts": 256,
  "reward": 0.64453125,
  "format_accuracy": 0.96875,
  "answer_accuracy": 0.64453125,
  "avg_response_token_length": 339.7890625,
  "rollout_seconds": 12.234262943267822,
  "mean_reward": 0.64453125,
  "std_reward": 0.4795927405357361,
  "min_reward": 0.0,
  "max_reward": 1.0,
  "mean_advantage": -1.862645149230957e-09,
  "std_advantage": 0.497048944234848,
  "num_groups": 32.0
}
