{
  "type": "rollout",
  "grpo_step": 94,
  "num_questions": 32,
  "group_size": 8.0,
  "num_rollouts": 256,
  "reward": 0.8203125,
  "format_accuracy": 0.984375,
  "answer_accuracy": 0.8203125,
  "avg_response_token_length": 363.23828125,
  "rollout_seconds": 12.891462326049805,
  "mean_reward": 0.8203125,
  "std_reward": 0.38467901945114136,
  "min_reward": 0.0,
  "max_reward": 1.0,
  "mean_advantage": -1.0710209608078003e-08,
  "std_advantage": 0.5739426016807556,
  "num_groups": 32.0
}
