{
  "type": "rollout",
  "grpo_step": 263,
  "num_questions": 32,
  "group_size": 8.0,
  "num_rollouts": 256,
  "reward": 0.85546875,
  "format_accuracy": 0.96484375,
  "answer_accuracy": 0.85546875,
  "avg_response_token_length": 388.19140625,
  "rollout_seconds": 33.33172583580017,
  "mean_reward": 0.85546875,
  "std_reward": 0.35231637954711914,
  "min_reward": 0.0,
  "max_reward": 1.0,
  "mean_advantage": -4.656612873077393e-10,
  "std_advantage": 0.4686221778392792,
  "num_groups": 32.0
}
