{
  "type": "rollout",
  "grpo_step": 165,
  "num_questions": 32,
  "group_size": 8.0,
  "num_rollouts": 256,
  "reward": 0.66796875,
  "format_accuracy": 0.921875,
  "answer_accuracy": 0.66796875,
  "avg_response_token_length": 360.1484375,
  "rollout_seconds": 12.628200054168701,
  "mean_reward": 0.66796875,
  "std_reward": 0.47186464071273804,
  "min_reward": 0.0,
  "max_reward": 1.0,
  "mean_advantage": -3.725290298461914e-09,
  "std_advantage": 0.5973783731460571,
  "num_groups": 32.0
}
