{
  "type": "rollout",
  "grpo_step": 168,
  "num_questions": 32,
  "group_size": 8.0,
  "num_rollouts": 256,
  "reward": 0.484375,
  "format_accuracy": 0.62109375,
  "answer_accuracy": 0.484375,
  "avg_response_token_length": 526.75,
  "rollout_seconds": 16.309314489364624,
  "mean_reward": 0.484375,
  "std_reward": 0.5007347464561462,
  "min_reward": 0.0,
  "max_reward": 1.0,
  "mean_advantage": 9.313225746154785e-10,
  "std_advantage": 0.6416874527931213,
  "num_groups": 32.0
}
