{
  "type": "rollout",
  "grpo_step": 168,
  "num_questions": 32,
  "group_size": 8.0,
  "num_rollouts": 256,
  "reward": 0.7421875,
  "format_accuracy": 0.94140625,
  "answer_accuracy": 0.7421875,
  "avg_response_token_length": 404.15234375,
  "rollout_seconds": 23.10000443458557,
  "mean_reward": 0.7421875,
  "std_reward": 0.4382871091365814,
  "min_reward": 0.0,
  "max_reward": 1.0,
  "mean_advantage": 2.7939677238464355e-09,
  "std_advantage": 0.4383560121059418,
  "num_groups": 32.0
}
