{
  "type": "rollout",
  "grpo_step": 94,
  "num_questions": 32,
  "group_size": 8.0,
  "num_rollouts": 256,
  "reward": 0.8203125,
  "format_accuracy": 0.9765625,
  "answer_accuracy": 0.8203125,
  "avg_response_token_length": 303.73046875,
  "rollout_seconds": 11.323756456375122,
  "mean_reward": 0.8203125,
  "std_reward": 0.38467901945114136,
  "min_reward": 0.0,
  "max_reward": 1.0,
  "mean_advantage": -3.725290298461914e-09,
  "std_advantage": 0.5973785519599915,
  "num_groups": 32.0
}
