{
  "type": "rollout",
  "grpo_step": 94,
  "num_questions": 32,
  "group_size": 8.0,
  "num_rollouts": 256,
  "reward": 0.421875,
  "format_accuracy": 0.55859375,
  "answer_accuracy": 0.421875,
  "avg_response_token_length": 544.29296875,
  "rollout_seconds": 17.272115230560303,
  "mean_reward": 0.421875,
  "std_reward": 0.49482616782188416,
  "min_reward": 0.0,
  "max_reward": 1.0,
  "mean_advantage": 1.862645149230957e-09,
  "std_advantage": 0.662731945514679,
  "num_groups": 32.0
}
