{
  "type": "rollout",
  "grpo_step": 166,
  "num_questions": 32,
  "group_size": 8.0,
  "num_rollouts": 256,
  "reward": 0.5390625,
  "format_accuracy": 0.84375,
  "answer_accuracy": 0.5390625,
  "avg_response_token_length": 273.74609375,
  "rollout_seconds": 10.934453248977661,
  "mean_reward": 0.5390625,
  "std_reward": 0.4994482398033142,
  "min_reward": 0.0,
  "max_reward": 1.0,
  "mean_advantage": 9.313225746154785e-10,
  "std_advantage": 0.7029334306716919,
  "num_groups": 32.0
}
