{
  "type": "rollout",
  "ei_step": 2,
  "num_questions": 2048,
  "rollouts_per_question": 4,
  "num_rollouts": 8192,
  "num_accepted": 2378,
  "accepted_fraction": 0.290283203125,
  "question_coverage_with_accept": 0.59521484375,
  "reward": 0.290283203125,
  "format_accuracy": 0.845458984375,
  "answer_accuracy": 0.290283203125,
  "avg_token_entropy": 0.8033880889415741,
  "avg_accepted_token_entropy": 0.6242096742929983,
  "avg_response_token_length": 204.4154052734375,
  "avg_accepted_response_token_length": 144.74642556770397,
  "rollout_seconds": 276.97235012054443
}
