{
  "type": "rollout",
  "grpo_step": 148,
  "num_questions": 32,
  "group_size": 8.0,
  "num_rollouts": 256,
  "reward": 0.765625,
  "format_accuracy": 0.90234375,
  "answer_accuracy": 0.765625,
  "avg_response_token_length": 520.171875,
  "rollout_seconds": 16.16813373565674,
  "mean_reward": 0.765625,
  "std_reward": 0.42443734407424927,
  "min_reward": 0.0,
  "max_reward": 1.0,
  "mean_advantage": 0.0,
  "std_advantage": 0.4970490038394928,
  "num_groups": 32.0
}
