{
  "type": "rollout",
  "grpo_step": 232,
  "num_questions": 32,
  "group_size": 8.0,
  "num_rollouts": 256,
  "reward": 0.84765625,
  "format_accuracy": 0.91796875,
  "answer_accuracy": 0.84765625,
  "avg_response_token_length": 387.51953125,
  "rollout_seconds": 13.48643970489502,
  "mean_reward": 0.84765625,
  "std_reward": 0.36005768179893494,
  "min_reward": 0.0,
  "max_reward": 1.0,
  "mean_advantage": -1.862645149230957e-09,
  "std_advantage": 0.40583866834640503,
  "num_groups": 32.0
}
