{
  "type": "rollout",
  "grpo_step": 173,
  "num_questions": 32,
  "group_size": 8.0,
  "num_rollouts": 256,
  "reward": 0.5703125,
  "format_accuracy": 0.91796875,
  "answer_accuracy": 0.5703125,
  "avg_response_token_length": 313.50390625,
  "rollout_seconds": 12.100419759750366,
  "mean_reward": 0.5703125,
  "std_reward": 0.49600115418434143,
  "min_reward": 0.0,
  "max_reward": 1.0,
  "mean_advantage": 2.0954757928848267e-09,
  "std_advantage": 0.6831284165382385,
  "num_groups": 32.0
}
