{
  "type": "rollout",
  "grpo_step": 21,
  "num_questions": 32,
  "group_size": 8.0,
  "num_rollouts": 256,
  "reward": 0.6484375,
  "format_accuracy": 0.890625,
  "answer_accuracy": 0.6484375,
  "avg_response_token_length": 368.46484375,
  "rollout_seconds": 14.591078519821167,
  "mean_reward": 0.6484375,
  "std_reward": 0.47839346528053284,
  "min_reward": 0.0,
  "max_reward": 1.0,
  "mean_advantage": -4.6566128730773926e-09,
  "std_advantage": 0.5739427208900452,
  "num_groups": 32.0
}
