{
  "type": "rollout",
  "grpo_step": 166,
  "num_questions": 32,
  "group_size": 8.0,
  "num_rollouts": 256,
  "reward": 0.8125,
  "format_accuracy": 0.9609375,
  "answer_accuracy": 0.8125,
  "avg_response_token_length": 352.40625,
  "rollout_seconds": 12.706584215164185,
  "mean_reward": 0.8125,
  "std_reward": 0.3910769522190094,
  "min_reward": 0.0,
  "max_reward": 1.0,
  "mean_advantage": -2.0954757928848267e-09,
  "std_advantage": 0.49704882502555847,
  "num_groups": 32.0
}
