{
  "type": "rollout",
  "grpo_step": 155,
  "num_questions": 32,
  "group_size": 8.0,
  "num_rollouts": 256,
  "reward": 0.28125,
  "format_accuracy": 0.56640625,
  "answer_accuracy": 0.28125,
  "avg_response_token_length": 423.7109375,
  "rollout_seconds": 14.702138423919678,
  "mean_reward": 0.28125,
  "std_reward": 0.45048993825912476,
  "min_reward": 0.0,
  "max_reward": 1.0,
  "mean_advantage": 0.0,
  "std_advantage": 0.3238857090473175,
  "num_groups": 32.0
}
