{
  "type": "rollout",
  "grpo_step": 135,
  "num_questions": 32,
  "group_size": 8.0,
  "num_rollouts": 256,
  "reward": 0.4375,
  "format_accuracy": 0.99609375,
  "answer_accuracy": 0.4375,
  "avg_response_token_length": 18.8359375,
  "rollout_seconds": 5.215541839599609,
  "mean_reward": 0.4375,
  "std_reward": 0.49705013632774353,
  "min_reward": 0.0,
  "max_reward": 1.0,
  "mean_advantage": -1.1641532182693481e-09,
  "std_advantage": 0.3704783618450165,
  "num_groups": 32.0
}
