{
  "type": "rollout",
  "grpo_step": 158,
  "num_questions": 32,
  "group_size": 8.0,
  "num_rollouts": 256,
  "reward": 0.7890625,
  "format_accuracy": 0.90625,
  "answer_accuracy": 0.7890625,
  "avg_response_token_length": 405.6015625,
  "rollout_seconds": 10.629275798797607,
  "mean_reward": 0.7890625,
  "std_reward": 0.408773273229599,
  "min_reward": 0.0,
  "max_reward": 1.0,
  "mean_advantage": 3.725290298461914e-09,
  "std_advantage": 0.5495083332061768,
  "num_groups": 32.0
}
