{
  "type": "rollout",
  "grpo_step": 71,
  "num_questions": 32,
  "group_size": 8.0,
  "num_rollouts": 256,
  "reward": 0.515625,
  "format_accuracy": 0.89453125,
  "answer_accuracy": 0.515625,
  "avg_response_token_length": 436.87890625,
  "rollout_seconds": 14.608944416046143,
  "mean_reward": 0.515625,
  "std_reward": 0.5007347464561462,
  "min_reward": 0.0,
  "max_reward": 1.0,
  "mean_advantage": 0.0,
  "std_advantage": 0.2363944798707962,
  "num_groups": 32.0
}
