{
  "type": "rollout",
  "grpo_step": 29,
  "num_questions": 32,
  "group_size": 8.0,
  "num_rollouts": 256,
  "reward": 0.3203125,
  "format_accuracy": 0.8984375,
  "answer_accuracy": 0.3203125,
  "avg_response_token_length": 144.73046875,
  "rollout_seconds": 8.184697389602661,
  "mean_reward": 0.3203125,
  "std_reward": 0.4675106108188629,
  "min_reward": 0.0,
  "max_reward": 1.0,
  "mean_advantage": 0.0,
  "std_advantage": 0.32084447145462036,
  "num_groups": 32.0
}
