{
  "type": "rollout",
  "grpo_step": 5,
  "num_questions": 32,
  "group_size": 8.0,
  "num_rollouts": 256,
  "reward": 0.2421875,
  "format_accuracy": 0.7890625,
  "answer_accuracy": 0.2421875,
  "avg_response_token_length": 108.01953125,
  "rollout_seconds": 7.793267726898193,
  "mean_reward": 0.2421875,
  "std_reward": 0.42924636602401733,
  "min_reward": 0.0,
  "max_reward": 1.0,
  "mean_advantage": 0.0,
  "std_advantage": 0.31777411699295044,
  "num_groups": 32.0
}
