{
  "type": "rollout",
  "grpo_step": 37,
  "num_questions": 32,
  "group_size": 8.0,
  "num_rollouts": 256,
  "reward": 0.6875,
  "format_accuracy": 0.96484375,
  "answer_accuracy": 0.6875,
  "avg_response_token_length": 296.83984375,
  "rollout_seconds": 11.216877222061157,
  "mean_reward": 0.6875,
  "std_reward": 0.4644203782081604,
  "min_reward": 0.0,
  "max_reward": 1.0,
  "mean_advantage": 1.862645149230957e-09,
  "std_advantage": 0.7029333114624023,
  "num_groups": 32.0
}
