{
  "type": "rollout",
  "grpo_step": 92,
  "num_questions": 32,
  "group_size": 8.0,
  "num_rollouts": 256,
  "reward": 0.27734375,
  "format_accuracy": 0.86328125,
  "answer_accuracy": 0.27734375,
  "avg_response_token_length": 16.99609375,
  "rollout_seconds": 1.4019246101379395,
  "mean_reward": 0.27734375,
  "std_reward": 0.4485645592212677,
  "min_reward": 0.0,
  "max_reward": 1.0,
  "mean_advantage": 0.0,
  "std_advantage": 0.641687273979187,
  "num_groups": 32.0
}
