{
  "type": "rollout",
  "grpo_step": 23,
  "num_questions": 32,
  "group_size": 8.0,
  "num_rollouts": 256,
  "reward": 0.34375,
  "format_accuracy": 0.9921875,
  "answer_accuracy": 0.34375,
  "avg_response_token_length": 90.4375,
  "rollout_seconds": 5.522613048553467,
  "mean_reward": 0.34375,
  "std_reward": 0.47588926553726196,
  "min_reward": 0.0,
  "max_reward": 1.0,
  "mean_advantage": 2.7939677238464355e-09,
  "std_advantage": 0.6627318859100342,
  "num_groups": 32.0
}
