{
  "type": "rollout",
  "grpo_step": 190,
  "num_questions": 32,
  "group_size": 8.0,
  "num_rollouts": 256,
  "reward": 0.7734375,
  "format_accuracy": 0.921875,
  "answer_accuracy": 0.7734375,
  "avg_response_token_length": 470.9296875,
  "rollout_seconds": 15.081518173217773,
  "mean_reward": 0.7734375,
  "std_reward": 0.41942712664604187,
  "min_reward": 0.0,
  "max_reward": 1.0,
  "mean_advantage": -5.587935447692871e-09,
  "std_advantage": 0.6416873931884766,
  "num_groups": 32.0
}
