{
  "type": "rollout",
  "grpo_step": 85,
  "num_questions": 32,
  "group_size": 8.0,
  "num_rollouts": 256,
  "reward": 0.69140625,
  "format_accuracy": 0.94921875,
  "answer_accuracy": 0.69140625,
  "avg_response_token_length": 403.4296875,
  "rollout_seconds": 10.814781188964844,
  "mean_reward": 0.69140625,
  "std_reward": 0.46281784772872925,
  "min_reward": 0.0,
  "max_reward": 1.0,
  "mean_advantage": 1.1641532182693481e-10,
  "std_advantage": 0.5739426612854004,
  "num_groups": 32.0
}
