{
  "type": "rollout",
  "grpo_step": 14,
  "num_questions": 32,
  "group_size": 8.0,
  "num_rollouts": 256,
  "reward": 0.41796875,
  "format_accuracy": 0.86328125,
  "answer_accuracy": 0.41796875,
  "avg_response_token_length": 248.7421875,
  "rollout_seconds": 10.346044540405273,
  "mean_reward": 0.41796875,
  "std_reward": 0.49419113993644714,
  "min_reward": 0.0,
  "max_reward": 1.0,
  "mean_advantage": 1.862645149230957e-09,
  "std_advantage": 0.7592548131942749,
  "num_groups": 32.0
}
