{
  "type": "rollout",
  "grpo_step": 197,
  "num_questions": 32,
  "group_size": 8.0,
  "num_rollouts": 256,
  "reward": 0.66796875,
  "format_accuracy": 0.96875,
  "answer_accuracy": 0.66796875,
  "avg_response_token_length": 211.87890625,
  "rollout_seconds": 10.39167332649231,
  "mean_reward": 0.66796875,
  "std_reward": 0.47186464071273804,
  "min_reward": 0.0,
  "max_reward": 1.0,
  "mean_advantage": -6.752088665962219e-09,
  "std_advantage": 0.7029333710670471,
  "num_groups": 32.0
}
