{
  "type": "rollout",
  "grpo_step": 6,
  "num_questions": 32,
  "group_size": 8.0,
  "num_rollouts": 256,
  "reward": 0.11328125,
  "format_accuracy": 0.37890625,
  "answer_accuracy": 0.11328125,
  "avg_response_token_length": 389.10546875,
  "rollout_seconds": 14.700787544250488,
  "mean_reward": 0.11328125,
  "std_reward": 0.31755712628364563,
  "min_reward": 0.0,
  "max_reward": 1.0,
  "mean_advantage": 1.862645149230957e-09,
  "std_advantage": 0.5239356160163879,
  "num_groups": 32.0
}
