{
  "type": "rollout",
  "grpo_step": 36,
  "num_questions": 32,
  "group_size": 8.0,
  "num_rollouts": 256,
  "reward": 0.6640625,
  "format_accuracy": 0.9296875,
  "answer_accuracy": 0.6640625,
  "avg_response_token_length": 312.55859375,
  "rollout_seconds": 12.592591285705566,
  "mean_reward": 0.6640625,
  "std_reward": 0.4732423722743988,
  "min_reward": 0.0,
  "max_reward": 1.0,
  "mean_advantage": -6.51925802230835e-09,
  "std_advantage": 0.6416873931884766,
  "num_groups": 32.0
}
