{
  "type": "rollout",
  "grpo_step": 54,
  "num_questions": 32,
  "group_size": 8.0,
  "num_rollouts": 256,
  "reward": 0.66796875,
  "format_accuracy": 0.95703125,
  "answer_accuracy": 0.66796875,
  "avg_response_token_length": 198.67578125,
  "rollout_seconds": 8.78197455406189,
  "mean_reward": 0.66796875,
  "std_reward": 0.47186464071273804,
  "min_reward": 0.0,
  "max_reward": 1.0,
  "mean_advantage": 0.0,
  "std_advantage": 0.2610311508178711,
  "num_groups": 32.0
}
