{
  "type": "rollout",
  "grpo_step": 21,
  "num_questions": 32,
  "group_size": 8.0,
  "num_rollouts": 256,
  "reward": 0.6171875,
  "format_accuracy": 0.9375,
  "answer_accuracy": 0.6171875,
  "avg_response_token_length": 297.3671875,
  "rollout_seconds": 9.207116603851318,
  "mean_reward": 0.6171875,
  "std_reward": 0.48702529072761536,
  "min_reward": 0.0,
  "max_reward": 1.0,
  "mean_advantage": 1.862645149230957e-09,
  "std_advantage": 0.8116774559020996,
  "num_groups": 32.0
}
