{
  "type": "rollout",
  "grpo_step": 116,
  "num_questions": 32,
  "group_size": 8.0,
  "num_rollouts": 256,
  "reward": 0.421875,
  "format_accuracy": 0.98828125,
  "answer_accuracy": 0.421875,
  "avg_response_token_length": 16.32421875,
  "rollout_seconds": 1.5574884414672852,
  "mean_reward": 0.421875,
  "std_reward": 0.49482616782188416,
  "min_reward": 0.0,
  "max_reward": 1.0,
  "mean_advantage": 0.0,
  "std_advantage": 0.37047842144966125,
  "num_groups": 32.0
}
