{
  "type": "rollout",
  "grpo_step": 75,
  "num_questions": 32,
  "group_size": 8.0,
  "num_rollouts": 256,
  "reward": 0.79296875,
  "format_accuracy": 0.96875,
  "answer_accuracy": 0.79296875,
  "avg_response_token_length": 391.9453125,
  "rollout_seconds": 10.414880990982056,
  "mean_reward": 0.79296875,
  "std_reward": 0.40597182512283325,
  "min_reward": 0.0,
  "max_reward": 1.0,
  "mean_advantage": 0.0,
  "std_advantage": 0.5495082139968872,
  "num_groups": 32.0
}
