{
  "type": "rollout",
  "grpo_step": 148,
  "num_questions": 32,
  "group_size": 8.0,
  "num_rollouts": 256,
  "reward": 0.7109375,
  "format_accuracy": 0.953125,
  "answer_accuracy": 0.7109375,
  "avg_response_token_length": 354.77734375,
  "rollout_seconds": 21.709609985351562,
  "mean_reward": 0.7109375,
  "std_reward": 0.45421501994132996,
  "min_reward": 0.0,
  "max_reward": 1.0,
  "mean_advantage": 3.259629011154175e-09,
  "std_advantage": 0.4686223864555359,
  "num_groups": 32.0
}
