{
  "type": "rollout",
  "grpo_step": 53,
  "num_questions": 32,
  "group_size": 8.0,
  "num_rollouts": 256,
  "reward": 0.33203125,
  "format_accuracy": 0.94140625,
  "answer_accuracy": 0.33203125,
  "avg_response_token_length": 47.84375,
  "rollout_seconds": 5.918388605117798,
  "mean_reward": 0.33203125,
  "std_reward": 0.47186464071273804,
  "min_reward": 0.0,
  "max_reward": 1.0,
  "mean_advantage": -3.725290298461914e-09,
  "std_advantage": 0.7771220803260803,
  "num_groups": 32.0
}
