{
  "type": "rollout",
  "grpo_step": 151,
  "num_questions": 32,
  "group_size": 8.0,
  "num_rollouts": 256,
  "reward": 0.7578125,
  "format_accuracy": 0.9453125,
  "answer_accuracy": 0.7578125,
  "avg_response_token_length": 419.9453125,
  "rollout_seconds": 29.487245321273804,
  "mean_reward": 0.7578125,
  "std_reward": 0.42924636602401733,
  "min_reward": 0.0,
  "max_reward": 1.0,
  "mean_advantage": 9.313225746154785e-10,
  "std_advantage": 0.5239356160163879,
  "num_groups": 32.0
}
