{
  "type": "rollout",
  "grpo_step": 77,
  "num_questions": 32,
  "group_size": 8.0,
  "num_rollouts": 256,
  "reward": 0.6484375,
  "format_accuracy": 0.8828125,
  "answer_accuracy": 0.6484375,
  "avg_response_token_length": 465.9296875,
  "rollout_seconds": 11.944325685501099,
  "mean_reward": 0.6484375,
  "std_reward": 0.47839346528053284,
  "min_reward": 0.0,
  "max_reward": 1.0,
  "mean_advantage": -4.656612873077393e-10,
  "std_advantage": 0.5739426612854004,
  "num_groups": 32.0
}
