{
  "type": "rollout",
  "grpo_step": 109,
  "num_questions": 32,
  "group_size": 8.0,
  "num_rollouts": 256,
  "reward": 0.64453125,
  "format_accuracy": 0.9140625,
  "answer_accuracy": 0.64453125,
  "avg_response_token_length": 363.6171875,
  "rollout_seconds": 12.616674900054932,
  "mean_reward": 0.64453125,
  "std_reward": 0.4795927405357361,
  "min_reward": 0.0,
  "max_reward": 1.0,
  "mean_advantage": 0.0,
  "std_advantage": 0.6199289560317993,
  "num_groups": 32.0
}
