{
  "type": "rollout",
  "grpo_step": 167,
  "num_questions": 32,
  "group_size": 8.0,
  "num_rollouts": 256,
  "reward": 0.43359375,
  "format_accuracy": 0.9921875,
  "answer_accuracy": 0.43359375,
  "avg_response_token_length": 22.4296875,
  "rollout_seconds": 5.347073554992676,
  "mean_reward": 0.43359375,
  "std_reward": 0.4965413510799408,
  "min_reward": 0.0,
  "max_reward": 1.0,
  "mean_advantage": -2.7939677238464355e-09,
  "std_advantage": 0.40583860874176025,
  "num_groups": 32.0
}
