{
  "type": "rollout",
  "grpo_step": 5,
  "num_questions": 32,
  "group_size": 8.0,
  "num_rollouts": 256,
  "reward": 0.27734375,
  "format_accuracy": 0.890625,
  "answer_accuracy": 0.27734375,
  "avg_response_token_length": 100.31640625,
  "rollout_seconds": 7.501114130020142,
  "mean_reward": 0.27734375,
  "std_reward": 0.4485645592212677,
  "min_reward": 0.0,
  "max_reward": 1.0,
  "mean_advantage": 0.0,
  "std_advantage": 0.3493691682815552,
  "num_groups": 32.0
}
