{
  "type": "rollout",
  "grpo_step": 79,
  "num_questions": 32,
  "group_size": 8.0,
  "num_rollouts": 256,
  "reward": 0.296875,
  "format_accuracy": 0.953125,
  "answer_accuracy": 0.296875,
  "avg_response_token_length": 21.66796875,
  "rollout_seconds": 6.844769716262817,
  "mean_reward": 0.296875,
  "std_reward": 0.45777595043182373,
  "min_reward": 0.0,
  "max_reward": 1.0,
  "mean_advantage": 7.450580596923828e-09,
  "std_advantage": 0.5239354968070984,
  "num_groups": 32.0
}
