{
  "type": "rollout",
  "grpo_step": 99,
  "num_questions": 32,
  "group_size": 8.0,
  "num_rollouts": 256,
  "reward": 0.64453125,
  "format_accuracy": 0.9375,
  "answer_accuracy": 0.64453125,
  "avg_response_token_length": 408.28515625,
  "rollout_seconds": 13.933977842330933,
  "mean_reward": 0.64453125,
  "std_reward": 0.4795927405357361,
  "min_reward": 0.0,
  "max_reward": 1.0,
  "mean_advantage": 6.984919309616089e-10,
  "std_advantage": 0.7221954464912415,
  "num_groups": 32.0
}
