{
  "type": "rollout",
  "grpo_step": 157,
  "num_questions": 32,
  "group_size": 8.0,
  "num_rollouts": 256,
  "reward": 0.734375,
  "format_accuracy": 0.9375,
  "answer_accuracy": 0.734375,
  "avg_response_token_length": 401.5234375,
  "rollout_seconds": 23.32185459136963,
  "mean_reward": 0.734375,
  "std_reward": 0.4425306022167206,
  "min_reward": 0.0,
  "max_reward": 1.0,
  "mean_advantage": -5.587935447692871e-09,
  "std_advantage": 0.549508273601532,
  "num_groups": 32.0
}
