{
  "type": "rollout",
  "grpo_step": 87,
  "num_questions": 32,
  "group_size": 8.0,
  "num_rollouts": 256,
  "reward": 0.58203125,
  "format_accuracy": 0.73046875,
  "answer_accuracy": 0.58203125,
  "avg_response_token_length": 394.9921875,
  "rollout_seconds": 14.026983737945557,
  "mean_reward": 0.58203125,
  "std_reward": 0.49419113993644714,
  "min_reward": 0.0,
  "max_reward": 1.0,
  "mean_advantage": 0.0,
  "std_advantage": 0.7029333114624023,
  "num_groups": 32.0
}
