{
  "type": "rollout",
  "grpo_step": 48,
  "num_questions": 32,
  "group_size": 8.0,
  "num_rollouts": 256,
  "reward": 0.40625,
  "format_accuracy": 0.91796875,
  "answer_accuracy": 0.40625,
  "avg_response_token_length": 208.5703125,
  "rollout_seconds": 12.792647123336792,
  "mean_reward": 0.40625,
  "std_reward": 0.49209436774253845,
  "min_reward": 0.0,
  "max_reward": 1.0,
  "mean_advantage": -5.587935447692871e-09,
  "std_advantage": 0.6627320051193237,
  "num_groups": 32.0
}
