{
  "type": "rollout",
  "grpo_step": 40,
  "num_questions": 32,
  "group_size": 8.0,
  "num_rollouts": 256,
  "reward": 0.1953125,
  "format_accuracy": 0.640625,
  "answer_accuracy": 0.1953125,
  "avg_response_token_length": 228.30859375,
  "rollout_seconds": 10.240238666534424,
  "mean_reward": 0.1953125,
  "std_reward": 0.39721766114234924,
  "min_reward": 0.0,
  "max_reward": 1.0,
  "mean_advantage": 6.51925802230835e-09,
  "std_advantage": 0.7029333710670471,
  "num_groups": 32.0
}
