{
  "type": "rollout",
  "grpo_step": 40,
  "num_questions": 32,
  "group_size": 8.0,
  "num_rollouts": 256,
  "reward": 0.2890625,
  "format_accuracy": 0.7109375,
  "answer_accuracy": 0.2890625,
  "avg_response_token_length": 298.05859375,
  "rollout_seconds": 11.598810195922852,
  "mean_reward": 0.2890625,
  "std_reward": 0.45421501994132996,
  "min_reward": 0.0,
  "max_reward": 1.0,
  "mean_advantage": 3.725290298461914e-09,
  "std_advantage": 0.7592548131942749,
  "num_groups": 32.0
}
