{
  "type": "rollout",
  "grpo_step": 133,
  "num_questions": 32,
  "group_size": 8.0,
  "num_rollouts": 256,
  "reward": 0.27734375,
  "format_accuracy": 1.0,
  "answer_accuracy": 0.27734375,
  "avg_response_token_length": 16.00390625,
  "rollout_seconds": 1.3265228271484375,
  "mean_reward": 0.27734375,
  "std_reward": 0.4485645592212677,
  "min_reward": 0.0,
  "max_reward": 1.0,
  "mean_advantage": 8.149072527885437e-10,
  "std_advantage": 0.3313659429550171,
  "num_groups": 32.0
}
