{
  "type": "rollout",
  "grpo_step": 125,
  "num_questions": 32,
  "group_size": 8.0,
  "num_rollouts": 256,
  "reward": 0.23046875,
  "format_accuracy": 1.0,
  "answer_accuracy": 0.23046875,
  "avg_response_token_length": 16.59375,
  "rollout_seconds": 1.3672971725463867,
  "mean_reward": 0.23046875,
  "std_reward": 0.4219578206539154,
  "min_reward": 0.0,
  "max_reward": 1.0,
  "mean_advantage": 5.587935447692871e-09,
  "std_advantage": 0.5239354968070984,
  "num_groups": 32.0
}
