{
  "type": "rollout",
  "grpo_step": 155,
  "num_questions": 32,
  "group_size": 8.0,
  "num_rollouts": 256,
  "reward": 0.41796875,
  "format_accuracy": 0.65234375,
  "answer_accuracy": 0.41796875,
  "avg_response_token_length": 508.03515625,
  "rollout_seconds": 16.353764533996582,
  "mean_reward": 0.41796875,
  "std_reward": 0.49419113993644714,
  "min_reward": 0.0,
  "max_reward": 1.0,
  "mean_advantage": 4.656612873077393e-10,
  "std_advantage": 0.6199289560317993,
  "num_groups": 32.0
}
