{
  "type": "rollout",
  "grpo_step": 145,
  "num_questions": 32,
  "group_size": 8.0,
  "num_rollouts": 256,
  "reward": 0.265625,
  "format_accuracy": 0.99609375,
  "answer_accuracy": 0.265625,
  "avg_response_token_length": 19.14453125,
  "rollout_seconds": 5.294848680496216,
  "mean_reward": 0.265625,
  "std_reward": 0.4425306022167206,
  "min_reward": 0.0,
  "max_reward": 1.0,
  "mean_advantage": 3.725290298461914e-09,
  "std_advantage": 0.4383559226989746,
  "num_groups": 32.0
}
