{
  "type": "rollout",
  "grpo_step": 145,
  "num_questions": 32,
  "group_size": 8.0,
  "num_rollouts": 256,
  "reward": 0.32421875,
  "format_accuracy": 1.0,
  "answer_accuracy": 0.32421875,
  "avg_response_token_length": 16.06640625,
  "rollout_seconds": 1.408017635345459,
  "mean_reward": 0.32421875,
  "std_reward": 0.46899911761283875,
  "min_reward": 0.0,
  "max_reward": 1.0,
  "mean_advantage": -4.656612873077393e-10,
  "std_advantage": 0.3313659429550171,
  "num_groups": 32.0
}
