{
  "type": "rollout",
  "grpo_step": 161,
  "num_questions": 32,
  "group_size": 8.0,
  "num_rollouts": 256,
  "reward": 0.45703125,
  "format_accuracy": 0.88671875,
  "answer_accuracy": 0.45703125,
  "avg_response_token_length": 259.14453125,
  "rollout_seconds": 11.426169157028198,
  "mean_reward": 0.45703125,
  "std_reward": 0.4991260766983032,
  "min_reward": 0.0,
  "max_reward": 1.0,
  "mean_advantage": -1.862645149230957e-09,
  "std_advantage": 0.8116775751113892,
  "num_groups": 32.0
}
