{
  "type": "rollout",
  "grpo_step": 156,
  "num_questions": 32,
  "group_size": 8.0,
  "num_rollouts": 256,
  "reward": 0.76953125,
  "format_accuracy": 0.9140625,
  "answer_accuracy": 0.76953125,
  "avg_response_token_length": 432.546875,
  "rollout_seconds": 14.421342849731445,
  "mean_reward": 0.76953125,
  "std_reward": 0.4219578206539154,
  "min_reward": 0.0,
  "max_reward": 1.0,
  "mean_advantage": -2.7939677238464355e-09,
  "std_advantage": 0.37047845125198364,
  "num_groups": 32.0
}
