{
  "type": "rollout",
  "grpo_step": 156,
  "num_questions": 32,
  "group_size": 8.0,
  "num_rollouts": 256,
  "reward": 0.1875,
  "format_accuracy": 0.546875,
  "answer_accuracy": 0.1875,
  "avg_response_token_length": 428.421875,
  "rollout_seconds": 14.552676677703857,
  "mean_reward": 0.1875,
  "std_reward": 0.3910769522190094,
  "min_reward": 0.0,
  "max_reward": 1.0,
  "mean_advantage": 0.0,
  "std_advantage": 0.33136674761772156,
  "num_groups": 32.0
}
