{
  "type": "rollout",
  "grpo_step": 49,
  "num_questions": 32,
  "group_size": 8.0,
  "num_rollouts": 256,
  "reward": 0.375,
  "format_accuracy": 0.98828125,
  "answer_accuracy": 0.375,
  "avg_response_token_length": 176.48046875,
  "rollout_seconds": 8.583051919937134,
  "mean_reward": 0.375,
  "std_reward": 0.48507124185562134,
  "min_reward": 0.0,
  "max_reward": 1.0,
  "mean_advantage": 0.0,
  "std_advantage": 0.6831285357475281,
  "num_groups": 32.0
}
