{
  "type": "rollout",
  "grpo_step": 126,
  "num_questions": 32,
  "group_size": 8.0,
  "num_rollouts": 256,
  "reward": 0.32421875,
  "format_accuracy": 1.0,
  "answer_accuracy": 0.32421875,
  "avg_response_token_length": 15.90625,
  "rollout_seconds": 3.8563268184661865,
  "mean_reward": 0.32421875,
  "std_reward": 0.46899911761283875,
  "min_reward": 0.0,
  "max_reward": 1.0,
  "mean_advantage": 0.0,
  "std_advantage": 0.16568304598331451,
  "num_groups": 32.0
}
