{
  "type": "rollout",
  "grpo_step": 86,
  "num_questions": 32,
  "group_size": 8.0,
  "num_rollouts": 256,
  "reward": 0.73046875,
  "format_accuracy": 0.98046875,
  "answer_accuracy": 0.73046875,
  "avg_response_token_length": 351.078125,
  "rollout_seconds": 12.456201076507568,
  "mean_reward": 0.73046875,
  "std_reward": 0.4445854723453522,
  "min_reward": 0.0,
  "max_reward": 1.0,
  "mean_advantage": 0.0,
  "std_advantage": 0.25340813398361206,
  "num_groups": 32.0
}
