{
  "type": "rollout",
  "grpo_step": 9,
  "num_questions": 32,
  "group_size": 8.0,
  "num_rollouts": 256,
  "reward": 0.0859375,
  "format_accuracy": 0.64453125,
  "answer_accuracy": 0.0859375,
  "avg_response_token_length": 106.78515625,
  "rollout_seconds": 7.2465150356292725,
  "mean_reward": 0.0859375,
  "std_reward": 0.28082075715065,
  "min_reward": 0.0,
  "max_reward": 1.0,
  "mean_advantage": 5.587935447692871e-09,
  "std_advantage": 0.5495082139968872,
  "num_groups": 32.0
}
