{
  "type": "rollout",
  "grpo_step": 124,
  "num_questions": 32,
  "group_size": 8.0,
  "num_rollouts": 256,
  "reward": 0.64453125,
  "format_accuracy": 0.92578125,
  "answer_accuracy": 0.64453125,
  "avg_response_token_length": 401.67578125,
  "rollout_seconds": 13.541958808898926,
  "mean_reward": 0.64453125,
  "std_reward": 0.4795927405357361,
  "min_reward": 0.0,
  "max_reward": 1.0,
  "mean_advantage": 1.862645149230957e-09,
  "std_advantage": 0.6416874527931213,
  "num_groups": 32.0
}
