{
  "type": "rollout",
  "grpo_step": 62,
  "num_questions": 32,
  "group_size": 8.0,
  "num_rollouts": 256,
  "reward": 0.4921875,
  "format_accuracy": 0.96875,
  "answer_accuracy": 0.4921875,
  "avg_response_token_length": 247.40234375,
  "rollout_seconds": 10.285607814788818,
  "mean_reward": 0.4921875,
  "std_reward": 0.5009182691574097,
  "min_reward": 0.0,
  "max_reward": 1.0,
  "mean_advantage": -1.862645149230957e-09,
  "std_advantage": 0.7771220803260803,
  "num_groups": 32.0
}
