{
  "type": "rollout",
  "grpo_step": 143,
  "num_questions": 32,
  "group_size": 8.0,
  "num_rollouts": 256,
  "reward": 0.703125,
  "format_accuracy": 0.94921875,
  "answer_accuracy": 0.703125,
  "avg_response_token_length": 410.9609375,
  "rollout_seconds": 14.292322874069214,
  "mean_reward": 0.703125,
  "std_reward": 0.45777595043182373,
  "min_reward": 0.0,
  "max_reward": 1.0,
  "mean_advantage": -2.7939677238464355e-09,
  "std_advantage": 0.5239354968070984,
  "num_groups": 32.0
}
