{
  "type": "rollout",
  "grpo_step": 187,
  "num_questions": 32,
  "group_size": 8.0,
  "num_rollouts": 256,
  "reward": 0.9140625,
  "format_accuracy": 0.984375,
  "answer_accuracy": 0.9140625,
  "avg_response_token_length": 362.59375,
  "rollout_seconds": 12.634587287902832,
  "mean_reward": 0.9140625,
  "std_reward": 0.28082075715065,
  "min_reward": 0.0,
  "max_reward": 1.0,
  "mean_advantage": -1.3969838619232178e-09,
  "std_advantage": 0.4058386981487274,
  "num_groups": 32.0
}
