{
  "type": "rollout",
  "grpo_step": 133,
  "num_questions": 32,
  "group_size": 8.0,
  "num_rollouts": 256,
  "reward": 0.66015625,
  "format_accuracy": 0.94140625,
  "answer_accuracy": 0.66015625,
  "avg_response_token_length": 379.89453125,
  "rollout_seconds": 13.400249004364014,
  "mean_reward": 0.66015625,
  "std_reward": 0.47458380460739136,
  "min_reward": 0.0,
  "max_reward": 1.0,
  "mean_advantage": -9.313225746154785e-10,
  "std_advantage": 0.5973783731460571,
  "num_groups": 32.0
}
