{
  "type": "rollout",
  "ei_step": 1,
  "num_questions": 1024,
  "rollouts_per_question": 8,
  "num_rollouts": 8192,
  "num_accepted": 241,
  "accepted_fraction": 0.0294189453125,
  "question_coverage_with_accept": 0.1875,
  "reward": 0.0294189453125,
  "format_accuracy": 0.1800537109375,
  "answer_accuracy": 0.0294189453125,
  "avg_token_entropy": 1.022400975227356,
  "avg_accepted_token_entropy": 0.7220322225103735,
  "avg_response_token_length": 334.0098876953125,
  "avg_accepted_response_token_length": 129.850622406639,
  "rollout_seconds": 466.07804012298584
}
