{
  "type": "rollout",
  "grpo_step": 57,
  "num_questions": 32,
  "group_size": 8.0,
  "num_rollouts": 256,
  "reward": 0.3125,
  "format_accuracy": 0.7734375,
  "answer_accuracy": 0.3125,
  "avg_response_token_length": 200.95703125,
  "rollout_seconds": 9.369295835494995,
  "mean_reward": 0.3125,
  "std_reward": 0.4644203782081604,
  "min_reward": 0.0,
  "max_reward": 1.0,
  "mean_advantage": 0.0,
  "std_advantage": 0.4686223566532135,
  "num_groups": 32.0
}
