{
  "type": "rollout",
  "grpo_step": 159,
  "num_questions": 32,
  "group_size": 8.0,
  "num_rollouts": 256,
  "reward": 0.59765625,
  "format_accuracy": 0.859375,
  "answer_accuracy": 0.59765625,
  "avg_response_token_length": 528.69921875,
  "rollout_seconds": 13.128466844558716,
  "mean_reward": 0.59765625,
  "std_reward": 0.4913311004638672,
  "min_reward": 0.0,
  "max_reward": 1.0,
  "mean_advantage": -1.3969838619232178e-09,
  "std_advantage": 0.5973784327507019,
  "num_groups": 32.0
}
