{
  "type": "rollout",
  "grpo_step": 8,
  "num_questions": 32,
  "group_size": 8.0,
  "num_rollouts": 256,
  "reward": 0.4296875,
  "format_accuracy": 0.8828125,
  "answer_accuracy": 0.4296875,
  "avg_response_token_length": 270.44921875,
  "rollout_seconds": 9.892174243927002,
  "mean_reward": 0.4296875,
  "std_reward": 0.49600115418434143,
  "min_reward": 0.0,
  "max_reward": 1.0,
  "mean_advantage": -9.313225746154785e-10,
  "std_advantage": 0.7592547535896301,
  "num_groups": 32.0
}
