{
  "type": "rollout",
  "ei_step": 3,
  "num_questions": 2048,
  "rollouts_per_question": 4,
  "num_rollouts": 8192,
  "num_accepted": 2673,
  "accepted_fraction": 0.3262939453125,
  "question_coverage_with_accept": 0.63720703125,
  "reward": 0.3262939453125,
  "format_accuracy": 0.855224609375,
  "answer_accuracy": 0.3262939453125,
  "avg_token_entropy": 0.4665908068418503,
  "avg_accepted_token_entropy": 0.3761072640467172,
  "avg_response_token_length": 222.103515625,
  "avg_accepted_response_token_length": 149.60980172091283,
  "rollout_seconds": 312.72059321403503
}
