{
  "type": "rollout",
  "grpo_step": 86,
  "num_questions": 32,
  "group_size": 8.0,
  "num_rollouts": 256,
  "reward": 0.734375,
  "format_accuracy": 0.97265625,
  "answer_accuracy": 0.734375,
  "avg_response_token_length": 279.1484375,
  "rollout_seconds": 11.355323791503906,
  "mean_reward": 0.734375,
  "std_reward": 0.4425306022167206,
  "min_reward": 0.0,
  "max_reward": 1.0,
  "mean_advantage": -2.7939677238464355e-09,
  "std_advantage": 0.49704891443252563,
  "num_groups": 32.0
}
