{
  "type": "rollout",
  "grpo_step": 348,
  "num_questions": 32,
  "group_size": 8.0,
  "num_rollouts": 256,
  "reward": 0.79296875,
  "format_accuracy": 0.91796875,
  "answer_accuracy": 0.79296875,
  "avg_response_token_length": 434.66796875,
  "rollout_seconds": 11.278505325317383,
  "mean_reward": 0.79296875,
  "std_reward": 0.40597182512283325,
  "min_reward": 0.0,
  "max_reward": 1.0,
  "mean_advantage": -2.7939677238464355e-09,
  "std_advantage": 0.5239355564117432,
  "num_groups": 32.0
}
