{
  "type": "rollout",
  "grpo_step": 30,
  "num_questions": 32,
  "group_size": 8.0,
  "num_rollouts": 256,
  "reward": 0.6328125,
  "format_accuracy": 0.8515625,
  "answer_accuracy": 0.6328125,
  "avg_response_token_length": 582.7109375,
  "rollout_seconds": 17.453932523727417,
  "mean_reward": 0.6328125,
  "std_reward": 0.48298245668411255,
  "min_reward": 0.0,
  "max_reward": 1.0,
  "mean_advantage": 2.7939677238464355e-09,
  "std_advantage": 0.6199288368225098,
  "num_groups": 32.0
}
