{
  "type": "rollout",
  "grpo_step": 92,
  "num_questions": 32,
  "group_size": 8.0,
  "num_rollouts": 256,
  "reward": 0.234375,
  "format_accuracy": 0.84765625,
  "answer_accuracy": 0.234375,
  "avg_response_token_length": 146.76953125,
  "rollout_seconds": 8.248267650604248,
  "mean_reward": 0.234375,
  "std_reward": 0.42443734407424927,
  "min_reward": 0.0,
  "max_reward": 1.0,
  "mean_advantage": -1.862645149230957e-09,
  "std_advantage": 0.6199290752410889,
  "num_groups": 32.0
}
