{
  "type": "rollout",
  "grpo_step": 43,
  "num_questions": 32,
  "group_size": 8.0,
  "num_rollouts": 256,
  "reward": 0.640625,
  "format_accuracy": 0.97265625,
  "answer_accuracy": 0.640625,
  "avg_response_token_length": 221.41796875,
  "rollout_seconds": 9.568397998809814,
  "mean_reward": 0.640625,
  "std_reward": 0.4807571768760681,
  "min_reward": 0.0,
  "max_reward": 1.0,
  "mean_advantage": -3.725290298461914e-09,
  "std_advantage": 0.7771220803260803,
  "num_groups": 32.0
}
