{
  "type": "rollout",
  "grpo_step": 119,
  "num_questions": 32,
  "group_size": 8.0,
  "num_rollouts": 256,
  "reward": 0.70703125,
  "format_accuracy": 0.90234375,
  "answer_accuracy": 0.70703125,
  "avg_response_token_length": 275.09765625,
  "rollout_seconds": 11.04391598701477,
  "mean_reward": 0.70703125,
  "std_reward": 0.45601576566696167,
  "min_reward": 0.0,
  "max_reward": 1.0,
  "mean_advantage": 0.0,
  "std_advantage": 0.6416873335838318,
  "num_groups": 32.0
}
