{
  "type": "rollout",
  "grpo_step": 124,
  "num_questions": 32,
  "group_size": 8.0,
  "num_rollouts": 256,
  "reward": 0.34765625,
  "format_accuracy": 1.0,
  "answer_accuracy": 0.34765625,
  "avg_response_token_length": 16.14453125,
  "rollout_seconds": 1.2962863445281982,
  "mean_reward": 0.34765625,
  "std_reward": 0.4771590530872345,
  "min_reward": 0.0,
  "max_reward": 1.0,
  "mean_advantage": 9.313225746154785e-10,
  "std_advantage": 0.5495082139968872,
  "num_groups": 32.0
}
