{
  "type": "rollout",
  "grpo_step": 124,
  "num_questions": 32,
  "group_size": 8.0,
  "num_rollouts": 256,
  "reward": 0.359375,
  "format_accuracy": 0.7421875,
  "answer_accuracy": 0.359375,
  "avg_response_token_length": 19.88671875,
  "rollout_seconds": 1.2318079471588135,
  "mean_reward": 0.359375,
  "std_reward": 0.4807571768760681,
  "min_reward": 0.0,
  "max_reward": 1.0,
  "mean_advantage": -7.450580596923828e-09,
  "std_advantage": 0.6831285357475281,
  "num_groups": 32.0
}
