{
  "type": "rollout",
  "grpo_step": 294,
  "num_questions": 32,
  "group_size": 8.0,
  "num_rollouts": 256,
  "reward": 0.67578125,
  "format_accuracy": 0.9609375,
  "answer_accuracy": 0.67578125,
  "avg_response_token_length": 347.78125,
  "rollout_seconds": 10.147826194763184,
  "mean_reward": 0.67578125,
  "std_reward": 0.46899911761283875,
  "min_reward": 0.0,
  "max_reward": 1.0,
  "mean_advantage": 2.7939677238464355e-09,
  "std_advantage": 0.49704891443252563,
  "num_groups": 32.0
}
