{
  "type": "rollout",
  "grpo_step": 64,
  "num_questions": 32,
  "group_size": 8.0,
  "num_rollouts": 256,
  "reward": 0.625,
  "format_accuracy": 0.91015625,
  "answer_accuracy": 0.625,
  "avg_response_token_length": 552.47265625,
  "rollout_seconds": 17.747080087661743,
  "mean_reward": 0.625,
  "std_reward": 0.48507124185562134,
  "min_reward": 0.0,
  "max_reward": 1.0,
  "mean_advantage": 0.0,
  "std_advantage": 0.31154265999794006,
  "num_groups": 32.0
}
