{
  "type": "rollout",
  "grpo_step": 171,
  "num_questions": 32,
  "group_size": 8.0,
  "num_rollouts": 256,
  "reward": 0.78515625,
  "format_accuracy": 0.97265625,
  "answer_accuracy": 0.78515625,
  "avg_response_token_length": 398.12890625,
  "rollout_seconds": 26.399805307388306,
  "mean_reward": 0.78515625,
  "std_reward": 0.4115184545516968,
  "min_reward": 0.0,
  "max_reward": 1.0,
  "mean_advantage": 1.862645149230957e-09,
  "std_advantage": 0.5239354968070984,
  "num_groups": 32.0
}
