{
  "type": "rollout",
  "grpo_step": 366,
  "num_questions": 32,
  "group_size": 8.0,
  "num_rollouts": 256,
  "reward": 0.7890625,
  "format_accuracy": 0.9453125,
  "answer_accuracy": 0.7890625,
  "avg_response_token_length": 478.59375,
  "rollout_seconds": 12.22756052017212,
  "mean_reward": 0.7890625,
  "std_reward": 0.408773273229599,
  "min_reward": 0.0,
  "max_reward": 1.0,
  "mean_advantage": -1.3969838619232178e-09,
  "std_advantage": 0.549508273601532,
  "num_groups": 32.0
}
