{
  "type": "rollout",
  "grpo_step": 27,
  "num_questions": 32,
  "group_size": 8.0,
  "num_rollouts": 256,
  "reward": 0.6015625,
  "format_accuracy": 0.93359375,
  "answer_accuracy": 0.6015625,
  "avg_response_token_length": 266.03125,
  "rollout_seconds": 12.148630857467651,
  "mean_reward": 0.6015625,
  "std_reward": 0.4905354082584381,
  "min_reward": 0.0,
  "max_reward": 1.0,
  "mean_advantage": -2.7939677238464355e-09,
  "std_advantage": 0.7771221399307251,
  "num_groups": 32.0
}
