{
  "type": "rollout",
  "grpo_step": 178,
  "num_questions": 32,
  "group_size": 8.0,
  "num_rollouts": 256,
  "reward": 0.7265625,
  "format_accuracy": 0.87890625,
  "answer_accuracy": 0.7265625,
  "avg_response_token_length": 314.8046875,
  "rollout_seconds": 12.068174362182617,
  "mean_reward": 0.7265625,
  "std_reward": 0.44659659266471863,
  "min_reward": 0.0,
  "max_reward": 1.0,
  "mean_advantage": 0.0,
  "std_advantage": 0.27296483516693115,
  "num_groups": 32.0
}
