{
  "type": "rollout",
  "grpo_step": 172,
  "num_questions": 32,
  "group_size": 8.0,
  "num_rollouts": 256,
  "reward": 0.453125,
  "format_accuracy": 0.8125,
  "answer_accuracy": 0.453125,
  "avg_response_token_length": 177.46484375,
  "rollout_seconds": 10.507197380065918,
  "mean_reward": 0.453125,
  "std_reward": 0.4987730085849762,
  "min_reward": 0.0,
  "max_reward": 1.0,
  "mean_advantage": 3.725290298461914e-09,
  "std_advantage": 0.828415036201477,
  "num_groups": 32.0
}
