{
  "type": "rollout",
  "grpo_step": 135,
  "num_questions": 32,
  "group_size": 8.0,
  "num_rollouts": 256,
  "reward": 0.82421875,
  "format_accuracy": 0.953125,
  "answer_accuracy": 0.82421875,
  "avg_response_token_length": 370.9609375,
  "rollout_seconds": 12.74806833267212,
  "mean_reward": 0.82421875,
  "std_reward": 0.38137954473495483,
  "min_reward": 0.0,
  "max_reward": 1.0,
  "mean_advantage": 0.0,
  "std_advantage": 0.2514662742614746,
  "num_groups": 32.0
}
