{
  "type": "rollout",
  "ei_step": 5,
  "num_questions": 2048,
  "rollouts_per_question": 4,
  "num_rollouts": 8192,
  "num_accepted": 1741,
  "accepted_fraction": 0.2125244140625,
  "question_coverage_with_accept": 0.50537109375,
  "reward": 0.2125244140625,
  "format_accuracy": 0.7515869140625,
  "answer_accuracy": 0.2125244140625,
  "avg_token_entropy": 0.773737758398056,
  "avg_accepted_token_entropy": 0.7014580846586014,
  "avg_response_token_length": 357.7615966796875,
  "avg_accepted_response_token_length": 207.0057438253877,
  "rollout_seconds": 447.26105189323425
}
