{
  "type": "rollout",
  "ei_step": 5,
  "num_questions": 2048,
  "rollouts_per_question": 4,
  "num_rollouts": 8192,
  "num_accepted": 2873,
  "accepted_fraction": 0.3507080078125,
  "question_coverage_with_accept": 0.65478515625,
  "reward": 0.3507080078125,
  "format_accuracy": 0.84716796875,
  "answer_accuracy": 0.3507080078125,
  "avg_token_entropy": 0.3649938702583313,
  "avg_accepted_token_entropy": 0.2650882815219283,
  "avg_response_token_length": 243.1236572265625,
  "avg_accepted_response_token_length": 153.2467803689523,
  "rollout_seconds": 372.4046778678894
}
