{
  "type": "rollout",
  "grpo_step": 114,
  "num_questions": 32,
  "group_size": 8.0,
  "num_rollouts": 256,
  "reward": 0.44921875,
  "format_accuracy": 0.8984375,
  "answer_accuracy": 0.44921875,
  "avg_response_token_length": 229.91796875,
  "rollout_seconds": 16.598694801330566,
  "mean_reward": 0.44921875,
  "std_reward": 0.49838894605636597,
  "min_reward": 0.0,
  "max_reward": 1.0,
  "mean_advantage": 9.313225746154785e-10,
  "std_advantage": 0.6831283569335938,
  "num_groups": 32.0
}
