{
  "type": "rollout",
  "grpo_step": 21,
  "num_questions": 32,
  "group_size": 8.0,
  "num_rollouts": 256,
  "reward": 0.4140625,
  "format_accuracy": 0.90625,
  "answer_accuracy": 0.4140625,
  "avg_response_token_length": 225.13671875,
  "rollout_seconds": 10.008600950241089,
  "mean_reward": 0.4140625,
  "std_reward": 0.4935242533683777,
  "min_reward": 0.0,
  "max_reward": 1.0,
  "mean_advantage": 4.6566128730773926e-09,
  "std_advantage": 0.7592549324035645,
  "num_groups": 32.0
}
