{
  "type": "rollout",
  "grpo_step": 45,
  "num_questions": 32,
  "group_size": 8.0,
  "num_rollouts": 256,
  "reward": 0.47265625,
  "format_accuracy": 0.953125,
  "answer_accuracy": 0.47265625,
  "avg_response_token_length": 285.078125,
  "rollout_seconds": 14.322811126708984,
  "mean_reward": 0.47265625,
  "std_reward": 0.5002297163009644,
  "min_reward": 0.0,
  "max_reward": 1.0,
  "mean_advantage": -1.862645149230957e-09,
  "std_advantage": 0.7409567832946777,
  "num_groups": 32.0
}
