{
  "type": "rollout",
  "grpo_step": 138,
  "num_questions": 32,
  "group_size": 8.0,
  "num_rollouts": 256,
  "reward": 0.8125,
  "format_accuracy": 0.9296875,
  "answer_accuracy": 0.8125,
  "avg_response_token_length": 364.46484375,
  "rollout_seconds": 9.81121039390564,
  "mean_reward": 0.8125,
  "std_reward": 0.3910769522190094,
  "min_reward": 0.0,
  "max_reward": 1.0,
  "mean_advantage": 1.862645149230957e-09,
  "std_advantage": 0.49704885482788086,
  "num_groups": 32.0
}
