{
  "type": "rollout",
  "grpo_step": 29,
  "num_questions": 32,
  "group_size": 8.0,
  "num_rollouts": 256,
  "reward": 0.5859375,
  "format_accuracy": 0.92578125,
  "answer_accuracy": 0.5859375,
  "avg_response_token_length": 316.16796875,
  "rollout_seconds": 12.214940071105957,
  "mean_reward": 0.5859375,
  "std_reward": 0.4935242533683777,
  "min_reward": 0.0,
  "max_reward": 1.0,
  "mean_advantage": 9.313225746154785e-10,
  "std_advantage": 0.5739426612854004,
  "num_groups": 32.0
}
