{
  "type": "rollout",
  "grpo_step": 99,
  "num_questions": 32,
  "group_size": 8.0,
  "num_rollouts": 256,
  "reward": 0.44140625,
  "format_accuracy": 0.84375,
  "answer_accuracy": 0.44140625,
  "avg_response_token_length": 258.671875,
  "rollout_seconds": 11.009323835372925,
  "mean_reward": 0.44140625,
  "std_reward": 0.4975275993347168,
  "min_reward": 0.0,
  "max_reward": 1.0,
  "mean_advantage": -9.313225746154785e-10,
  "std_advantage": 0.7221954464912415,
  "num_groups": 32.0
}
