{
  "type": "rollout",
  "grpo_step": 27,
  "num_questions": 32,
  "group_size": 8.0,
  "num_rollouts": 256,
  "reward": 0.66015625,
  "format_accuracy": 0.91796875,
  "answer_accuracy": 0.66015625,
  "avg_response_token_length": 381.3828125,
  "rollout_seconds": 15.851033449172974,
  "mean_reward": 0.66015625,
  "std_reward": 0.47458380460739136,
  "min_reward": 0.0,
  "max_reward": 1.0,
  "mean_advantage": 0.0,
  "std_advantage": 0.5973785519599915,
  "num_groups": 32.0
}
