{
  "type": "rollout",
  "grpo_step": 108,
  "num_questions": 32,
  "group_size": 8.0,
  "num_rollouts": 256,
  "reward": 0.2109375,
  "format_accuracy": 0.4375,
  "answer_accuracy": 0.2109375,
  "avg_response_token_length": 560.94921875,
  "rollout_seconds": 17.719220399856567,
  "mean_reward": 0.2109375,
  "std_reward": 0.408773273229599,
  "min_reward": 0.0,
  "max_reward": 1.0,
  "mean_advantage": 0.0,
  "std_advantage": 0.3162277638912201,
  "num_groups": 32.0
}
