{
  "type": "rollout",
  "grpo_step": 13,
  "num_questions": 32,
  "group_size": 8.0,
  "num_rollouts": 256,
  "reward": 0.30859375,
  "format_accuracy": 0.96875,
  "answer_accuracy": 0.30859375,
  "avg_response_token_length": 64.90234375,
  "rollout_seconds": 7.971865892410278,
  "mean_reward": 0.30859375,
  "std_reward": 0.46281784772872925,
  "min_reward": 0.0,
  "max_reward": 1.0,
  "mean_advantage": -1.3969838619232178e-09,
  "std_advantage": 0.6831284165382385,
  "num_groups": 32.0
}
