{
  "type": "rollout",
  "grpo_step": 84,
  "num_questions": 32,
  "group_size": 8.0,
  "num_rollouts": 256,
  "reward": 0.5078125,
  "format_accuracy": 0.92578125,
  "answer_accuracy": 0.5078125,
  "avg_response_token_length": 361.51171875,
  "rollout_seconds": 13.635310173034668,
  "mean_reward": 0.5078125,
  "std_reward": 0.5009182691574097,
  "min_reward": 0.0,
  "max_reward": 1.0,
  "mean_advantage": -3.259629011154175e-09,
  "std_advantage": 0.5739427208900452,
  "num_groups": 32.0
}
