{
  "type": "rollout",
  "grpo_step": 81,
  "num_questions": 32,
  "group_size": 8.0,
  "num_rollouts": 256,
  "reward": 0.6796875,
  "format_accuracy": 0.921875,
  "answer_accuracy": 0.6796875,
  "avg_response_token_length": 284.828125,
  "rollout_seconds": 11.263123035430908,
  "mean_reward": 0.6796875,
  "std_reward": 0.4675106108188629,
  "min_reward": 0.0,
  "max_reward": 1.0,
  "mean_advantage": -2.7939677238464355e-09,
  "std_advantage": 0.5739426016807556,
  "num_groups": 32.0
}
