{
  "type": "rollout",
  "grpo_step": 109,
  "num_questions": 32,
  "group_size": 8.0,
  "num_rollouts": 256,
  "reward": 0.23046875,
  "format_accuracy": 1.0,
  "answer_accuracy": 0.23046875,
  "avg_response_token_length": 17.2734375,
  "rollout_seconds": 1.439584732055664,
  "mean_reward": 0.23046875,
  "std_reward": 0.4219578206539154,
  "min_reward": 0.0,
  "max_reward": 1.0,
  "mean_advantage": 2.7939677238464355e-09,
  "std_advantage": 0.4686221480369568,
  "num_groups": 32.0
}
