{
  "type": "rollout",
  "grpo_step": 138,
  "num_questions": 32,
  "group_size": 8.0,
  "num_rollouts": 256,
  "reward": 0.6484375,
  "format_accuracy": 0.91015625,
  "answer_accuracy": 0.6484375,
  "avg_response_token_length": 244.44921875,
  "rollout_seconds": 10.972259521484375,
  "mean_reward": 0.6484375,
  "std_reward": 0.47839346528053284,
  "min_reward": 0.0,
  "max_reward": 1.0,
  "mean_advantage": 4.6566128730773926e-09,
  "std_advantage": 0.662731945514679,
  "num_groups": 32.0
}
