{
  "type": "rollout",
  "grpo_step": 135,
  "num_questions": 32,
  "group_size": 8.0,
  "num_rollouts": 256,
  "reward": 0.35546875,
  "format_accuracy": 1.0,
  "answer_accuracy": 0.35546875,
  "avg_response_token_length": 15.8828125,
  "rollout_seconds": 1.3344335556030273,
  "mean_reward": 0.35546875,
  "std_reward": 0.4795927405357361,
  "min_reward": 0.0,
  "max_reward": 1.0,
  "mean_advantage": 9.313225746154785e-10,
  "std_advantage": 0.23431111872196198,
  "num_groups": 32.0
}
