{
  "type": "rollout",
  "grpo_step": 186,
  "num_questions": 32,
  "group_size": 8.0,
  "num_rollouts": 256,
  "reward": 0.63671875,
  "format_accuracy": 0.75,
  "answer_accuracy": 0.63671875,
  "avg_response_token_length": 469.95703125,
  "rollout_seconds": 16.01020622253418,
  "mean_reward": 0.63671875,
  "std_reward": 0.48188698291778564,
  "min_reward": 0.0,
  "max_reward": 1.0,
  "mean_advantage": -1.3969838619232178e-09,
  "std_advantage": 0.6416874527931213,
  "num_groups": 32.0
}
