run,train_step,answer_accuracy,format_accuracy,num_examples,eval_seconds
sft_256_step100,0,0.0556640625,0.2001953125,1024,42.06349015235901
sft_256_step100,100,0.392578125,0.888671875,1024,32.99788284301758
