{
  "type": "rollout",
  "grpo_step": 17,
  "num_questions": 32,
  "group_size": 8.0,
  "num_rollouts": 256,
  "reward": 0.41796875,
  "format_accuracy": 0.75390625,
  "answer_accuracy": 0.41796875,
  "avg_response_token_length": 283.5546875,
  "rollout_seconds": 11.693866968154907,
  "mean_reward": 0.41796875,
  "std_reward": 0.49419113993644714,
  "min_reward": 0.0,
  "max_reward": 1.0,
  "mean_advantage": 0.0,
  "std_advantage": 0.33504462242126465,
  "num_groups": 32.0
}
