{
  "type": "rollout",
  "grpo_step": 91,
  "num_questions": 32,
  "group_size": 8.0,
  "num_rollouts": 256,
  "reward": 0.51953125,
  "format_accuracy": 0.83203125,
  "answer_accuracy": 0.51953125,
  "avg_response_token_length": 310.1953125,
  "rollout_seconds": 12.201292276382446,
  "mean_reward": 0.51953125,
  "std_reward": 0.5005970597267151,
  "min_reward": 0.0,
  "max_reward": 1.0,
  "mean_advantage": 0.0,
  "std_advantage": 0.2878248393535614,
  "num_groups": 32.0
}
