{
  "type": "rollout",
  "grpo_step": 19,
  "num_questions": 32,
  "group_size": 8.0,
  "num_rollouts": 256,
  "reward": 0.05859375,
  "format_accuracy": 0.109375,
  "answer_accuracy": 0.05859375,
  "avg_response_token_length": 637.0078125,
  "rollout_seconds": 20.441225290298462,
  "mean_reward": 0.05859375,
  "std_reward": 0.23532283306121826,
  "min_reward": 0.0,
  "max_reward": 1.0,
  "mean_advantage": 0.0,
  "std_advantage": 0.21120569109916687,
  "num_groups": 32.0
}
