{
  "type": "rollout",
  "grpo_step": 76,
  "num_questions": 32,
  "group_size": 8.0,
  "num_rollouts": 256,
  "reward": 0.765625,
  "format_accuracy": 0.91015625,
  "answer_accuracy": 0.765625,
  "avg_response_token_length": 523.66796875,
  "rollout_seconds": 16.644713401794434,
  "mean_reward": 0.765625,
  "std_reward": 0.42443734407424927,
  "min_reward": 0.0,
  "max_reward": 1.0,
  "mean_advantage": 2.9103830456733704e-09,
  "std_advantage": 0.6199288964271545,
  "num_groups": 32.0
}
