{
  "type": "rollout",
  "grpo_step": 144,
  "num_questions": 32,
  "group_size": 8.0,
  "num_rollouts": 256,
  "reward": 0.265625,
  "format_accuracy": 0.75,
  "answer_accuracy": 0.265625,
  "avg_response_token_length": 216.77734375,
  "rollout_seconds": 9.98589277267456,
  "mean_reward": 0.265625,
  "std_reward": 0.4425306022167206,
  "min_reward": 0.0,
  "max_reward": 1.0,
  "mean_advantage": 0.0,
  "std_advantage": 0.7592549324035645,
  "num_groups": 32.0
}
