{
  "type": "rollout",
  "grpo_step": 144,
  "num_questions": 32,
  "group_size": 8.0,
  "num_rollouts": 256,
  "reward": 0.484375,
  "format_accuracy": 0.8203125,
  "answer_accuracy": 0.484375,
  "avg_response_token_length": 316.74609375,
  "rollout_seconds": 11.994807481765747,
  "mean_reward": 0.484375,
  "std_reward": 0.5007347464561462,
  "min_reward": 0.0,
  "max_reward": 1.0,
  "mean_advantage": 0.0,
  "std_advantage": 0.6831284761428833,
  "num_groups": 32.0
}
