{
  "type": "rollout",
  "grpo_step": 53,
  "num_questions": 32,
  "group_size": 8.0,
  "num_rollouts": 256,
  "reward": 0.7265625,
  "format_accuracy": 0.9453125,
  "answer_accuracy": 0.7265625,
  "avg_response_token_length": 309.48828125,
  "rollout_seconds": 21.851305961608887,
  "mean_reward": 0.7265625,
  "std_reward": 0.44659659266471863,
  "min_reward": 0.0,
  "max_reward": 1.0,
  "mean_advantage": 0.0,
  "std_advantage": 0.7029334306716919,
  "num_groups": 32.0
}
