{
  "type": "rollout",
  "grpo_step": 9,
  "num_questions": 32,
  "group_size": 8.0,
  "num_rollouts": 256,
  "reward": 0.5390625,
  "format_accuracy": 0.85546875,
  "answer_accuracy": 0.5390625,
  "avg_response_token_length": 267.0234375,
  "rollout_seconds": 10.892579078674316,
  "mean_reward": 0.5390625,
  "std_reward": 0.4994482398033142,
  "min_reward": 0.0,
  "max_reward": 1.0,
  "mean_advantage": -7.450580596923828e-09,
  "std_advantage": 0.6831284761428833,
  "num_groups": 32.0
}
