{
  "type": "rollout",
  "grpo_step": 145,
  "num_questions": 32,
  "group_size": 8.0,
  "num_rollouts": 256,
  "reward": 0.7265625,
  "format_accuracy": 0.92578125,
  "answer_accuracy": 0.7265625,
  "avg_response_token_length": 489.30859375,
  "rollout_seconds": 26.96034860610962,
  "mean_reward": 0.7265625,
  "std_reward": 0.44659659266471863,
  "min_reward": 0.0,
  "max_reward": 1.0,
  "mean_advantage": 0.0,
  "std_advantage": 0.5739427804946899,
  "num_groups": 32.0
}
