{
  "type": "rollout",
  "grpo_step": 34,
  "num_questions": 32,
  "group_size": 8.0,
  "num_rollouts": 256,
  "reward": 0.30078125,
  "format_accuracy": 0.91015625,
  "answer_accuracy": 0.30078125,
  "avg_response_token_length": 22.83984375,
  "rollout_seconds": 5.356491327285767,
  "mean_reward": 0.30078125,
  "std_reward": 0.45949608087539673,
  "min_reward": 0.0,
  "max_reward": 1.0,
  "mean_advantage": -1.862645149230957e-09,
  "std_advantage": 0.6199288964271545,
  "num_groups": 32.0
}
