{
  "type": "rollout",
  "grpo_step": 110,
  "num_questions": 32,
  "group_size": 8.0,
  "num_rollouts": 256,
  "reward": 0.8125,
  "format_accuracy": 0.95703125,
  "answer_accuracy": 0.8125,
  "avg_response_token_length": 448.56640625,
  "rollout_seconds": 15.200273990631104,
  "mean_reward": 0.8125,
  "std_reward": 0.3910769522190094,
  "min_reward": 0.0,
  "max_reward": 1.0,
  "mean_advantage": 4.6566128730773926e-09,
  "std_advantage": 0.5239355564117432,
  "num_groups": 32.0
}
