{
  "type": "rollout",
  "ei_step": 1,
  "num_questions": 2048,
  "rollouts_per_question": 4,
  "num_rollouts": 8192,
  "num_accepted": 204,
  "accepted_fraction": 0.02490234375,
  "question_coverage_with_accept": 0.09375,
  "reward": 0.02490234375,
  "format_accuracy": 0.176513671875,
  "answer_accuracy": 0.02490234375,
  "avg_token_entropy": 0.9790757894515991,
  "avg_accepted_token_entropy": 0.7398322610294118,
  "avg_response_token_length": 336.1529541015625,
  "avg_accepted_response_token_length": 135.69607843137254,
  "rollout_seconds": 409.8637375831604
}
