{
  "type": "rollout",
  "grpo_step": 89,
  "num_questions": 32,
  "group_size": 8.0,
  "num_rollouts": 256,
  "reward": 0.6484375,
  "format_accuracy": 0.9140625,
  "answer_accuracy": 0.6484375,
  "avg_response_token_length": 412.1875,
  "rollout_seconds": 13.930995464324951,
  "mean_reward": 0.6484375,
  "std_reward": 0.47839346528053284,
  "min_reward": 0.0,
  "max_reward": 1.0,
  "mean_advantage": -2.7939677238464355e-09,
  "std_advantage": 0.549508273601532,
  "num_groups": 32.0
}
