{
  "type": "rollout",
  "grpo_step": 84,
  "num_questions": 32,
  "group_size": 8.0,
  "num_rollouts": 256,
  "reward": 0.171875,
  "format_accuracy": 0.95703125,
  "answer_accuracy": 0.171875,
  "avg_response_token_length": 23.546875,
  "rollout_seconds": 5.413227796554565,
  "mean_reward": 0.171875,
  "std_reward": 0.3780107796192169,
  "min_reward": 0.0,
  "max_reward": 1.0,
  "mean_advantage": 1.3969838619232178e-09,
  "std_advantage": 0.23431110382080078,
  "num_groups": 32.0
}
