{
  "type": "rollout",
  "grpo_step": 84,
  "num_questions": 32,
  "group_size": 8.0,
  "num_rollouts": 256,
  "reward": 0.57421875,
  "format_accuracy": 0.78125,
  "answer_accuracy": 0.57421875,
  "avg_response_token_length": 320.125,
  "rollout_seconds": 12.033536195755005,
  "mean_reward": 0.57421875,
  "std_reward": 0.49542948603630066,
  "min_reward": 0.0,
  "max_reward": 1.0,
  "mean_advantage": 0.0,
  "std_advantage": 0.3170018792152405,
  "num_groups": 32.0
}
