{
  "type": "rollout",
  "grpo_step": 197,
  "num_questions": 32,
  "group_size": 8.0,
  "num_rollouts": 256,
  "reward": 0.5859375,
  "format_accuracy": 0.84375,
  "answer_accuracy": 0.5859375,
  "avg_response_token_length": 549.2421875,
  "rollout_seconds": 17.05920100212097,
  "mean_reward": 0.5859375,
  "std_reward": 0.4935242533683777,
  "min_reward": 0.0,
  "max_reward": 1.0,
  "mean_advantage": 7.450580596923828e-09,
  "std_advantage": 0.6627318263053894,
  "num_groups": 32.0
}
