{
  "type": "rollout",
  "grpo_step": 19,
  "num_questions": 32,
  "group_size": 8.0,
  "num_rollouts": 256,
  "reward": 0.26953125,
  "format_accuracy": 0.875,
  "answer_accuracy": 0.26953125,
  "avg_response_token_length": 239.33203125,
  "rollout_seconds": 10.368353843688965,
  "mean_reward": 0.26953125,
  "std_reward": 0.4445854723453522,
  "min_reward": 0.0,
  "max_reward": 1.0,
  "mean_advantage": 5.122274160385132e-09,
  "std_advantage": 0.7409568428993225,
  "num_groups": 32.0
}
