{
  "type": "rollout",
  "grpo_step": 372,
  "num_questions": 32,
  "group_size": 8.0,
  "num_rollouts": 256,
  "reward": 0.734375,
  "format_accuracy": 0.92578125,
  "answer_accuracy": 0.734375,
  "avg_response_token_length": 405.671875,
  "rollout_seconds": 13.510282278060913,
  "mean_reward": 0.734375,
  "std_reward": 0.4425306022167206,
  "min_reward": 0.0,
  "max_reward": 1.0,
  "mean_advantage": -1.3969838619232178e-09,
  "std_advantage": 0.4058386981487274,
  "num_groups": 32.0
}
