{
  "type": "rollout",
  "grpo_step": 82,
  "num_questions": 32,
  "group_size": 8.0,
  "num_rollouts": 256,
  "reward": 0.3046875,
  "format_accuracy": 0.8359375,
  "answer_accuracy": 0.3046875,
  "avg_response_token_length": 26.578125,
  "rollout_seconds": 5.472928524017334,
  "mean_reward": 0.3046875,
  "std_reward": 0.4611765742301941,
  "min_reward": 0.0,
  "max_reward": 1.0,
  "mean_advantage": -9.313225746154785e-09,
  "std_advantage": 0.6199288964271545,
  "num_groups": 32.0
}
