{
  "type": "rollout",
  "grpo_step": 82,
  "num_questions": 32,
  "group_size": 8.0,
  "num_rollouts": 256,
  "reward": 0.265625,
  "format_accuracy": 0.83203125,
  "answer_accuracy": 0.265625,
  "avg_response_token_length": 25.3828125,
  "rollout_seconds": 5.801876783370972,
  "mean_reward": 0.265625,
  "std_reward": 0.4425306022167206,
  "min_reward": 0.0,
  "max_reward": 1.0,
  "mean_advantage": -1.862645149230957e-09,
  "std_advantage": 0.6831284761428833,
  "num_groups": 32.0
}
