{
  "type": "rollout",
  "grpo_step": 225,
  "num_questions": 32,
  "group_size": 8.0,
  "num_rollouts": 256,
  "reward": 0.85546875,
  "format_accuracy": 0.97265625,
  "answer_accuracy": 0.85546875,
  "avg_response_token_length": 300.53125,
  "rollout_seconds": 11.313478469848633,
  "mean_reward": 0.85546875,
  "std_reward": 0.35231637954711914,
  "min_reward": 0.0,
  "max_reward": 1.0,
  "mean_advantage": -9.313225746154785e-10,
  "std_advantage": 0.5239354372024536,
  "num_groups": 32.0
}
