{
  "type": "rollout",
  "grpo_step": 24,
  "num_questions": 32,
  "group_size": 8.0,
  "num_rollouts": 256,
  "reward": 0.62890625,
  "format_accuracy": 0.8515625,
  "answer_accuracy": 0.62890625,
  "avg_response_token_length": 327.41015625,
  "rollout_seconds": 11.832486629486084,
  "mean_reward": 0.62890625,
  "std_reward": 0.48404380679130554,
  "min_reward": 0.0,
  "max_reward": 1.0,
  "mean_advantage": -2.3283064365386963e-09,
  "std_advantage": 0.7945874929428101,
  "num_groups": 32.0
}
