{
  "type": "rollout",
  "grpo_step": 9,
  "num_questions": 32,
  "group_size": 8.0,
  "num_rollouts": 256,
  "reward": 0.140625,
  "format_accuracy": 0.97265625,
  "answer_accuracy": 0.140625,
  "avg_response_token_length": 35.734375,
  "rollout_seconds": 5.825360536575317,
  "mean_reward": 0.140625,
  "std_reward": 0.3483152687549591,
  "min_reward": 0.0,
  "max_reward": 1.0,
  "mean_advantage": 0.0,
  "std_advantage": 0.246544748544693,
  "num_groups": 32.0
}
