{
  "type": "rollout",
  "grpo_step": 114,
  "num_questions": 32,
  "group_size": 8.0,
  "num_rollouts": 256,
  "reward": 0.71875,
  "format_accuracy": 0.92578125,
  "answer_accuracy": 0.71875,
  "avg_response_token_length": 387.59375,
  "rollout_seconds": 10.533436059951782,
  "mean_reward": 0.71875,
  "std_reward": 0.45048993825912476,
  "min_reward": 0.0,
  "max_reward": 1.0,
  "mean_advantage": 9.313225746154785e-10,
  "std_advantage": 0.4686221778392792,
  "num_groups": 32.0
}
