{
  "type": "rollout",
  "grpo_step": 114,
  "num_questions": 32,
  "group_size": 8.0,
  "num_rollouts": 256,
  "reward": 0.69921875,
  "format_accuracy": 0.90625,
  "answer_accuracy": 0.69921875,
  "avg_response_token_length": 369.73828125,
  "rollout_seconds": 14.668787240982056,
  "mean_reward": 0.69921875,
  "std_reward": 0.45949608087539673,
  "min_reward": 0.0,
  "max_reward": 1.0,
  "mean_advantage": 0.0,
  "std_advantage": 0.6199288368225098,
  "num_groups": 32.0
}
