{
  "type": "rollout",
  "grpo_step": 167,
  "num_questions": 32,
  "group_size": 8.0,
  "num_rollouts": 256,
  "reward": 0.76953125,
  "format_accuracy": 0.97265625,
  "answer_accuracy": 0.76953125,
  "avg_response_token_length": 405.76953125,
  "rollout_seconds": 31.72485637664795,
  "mean_reward": 0.76953125,
  "std_reward": 0.4219578206539154,
  "min_reward": 0.0,
  "max_reward": 1.0,
  "mean_advantage": 1.862645149230957e-09,
  "std_advantage": 0.4383559226989746,
  "num_groups": 32.0
}
