{
  "type": "rollout",
  "grpo_step": 44,
  "num_questions": 32,
  "group_size": 8.0,
  "num_rollouts": 256,
  "reward": 0.515625,
  "format_accuracy": 0.96875,
  "answer_accuracy": 0.515625,
  "avg_response_token_length": 236.8125,
  "rollout_seconds": 10.101678848266602,
  "mean_reward": 0.515625,
  "std_reward": 0.5007347464561462,
  "min_reward": 0.0,
  "max_reward": 1.0,
  "mean_advantage": 0.0,
  "std_advantage": 0.7221953272819519,
  "num_groups": 32.0
}
