{
  "type": "rollout",
  "grpo_step": 174,
  "num_questions": 32,
  "group_size": 8.0,
  "num_rollouts": 256,
  "reward": 0.82421875,
  "format_accuracy": 0.9453125,
  "answer_accuracy": 0.82421875,
  "avg_response_token_length": 372.59765625,
  "rollout_seconds": 13.130539655685425,
  "mean_reward": 0.82421875,
  "std_reward": 0.38137954473495483,
  "min_reward": 0.0,
  "max_reward": 1.0,
  "mean_advantage": 1.3969838619232178e-09,
  "std_advantage": 0.43835583329200745,
  "num_groups": 32.0
}
