{
  "type": "rollout",
  "grpo_step": 102,
  "num_questions": 32,
  "group_size": 8.0,
  "num_rollouts": 256,
  "reward": 0.4140625,
  "format_accuracy": 0.9921875,
  "answer_accuracy": 0.4140625,
  "avg_response_token_length": 16.28515625,
  "rollout_seconds": 1.2893896102905273,
  "mean_reward": 0.4140625,
  "std_reward": 0.4935242533683777,
  "min_reward": 0.0,
  "max_reward": 1.0,
  "mean_advantage": -1.862645149230957e-09,
  "std_advantage": 0.4970487356185913,
  "num_groups": 32.0
}
