{
  "type": "rollout",
  "grpo_step": 171,
  "num_questions": 32,
  "group_size": 8.0,
  "num_rollouts": 256,
  "reward": 0.35546875,
  "format_accuracy": 0.84375,
  "answer_accuracy": 0.35546875,
  "avg_response_token_length": 190.21484375,
  "rollout_seconds": 9.628358602523804,
  "mean_reward": 0.35546875,
  "std_reward": 0.4795927405357361,
  "min_reward": 0.0,
  "max_reward": 1.0,
  "mean_advantage": 9.313225746154785e-10,
  "std_advantage": 0.8116775751113892,
  "num_groups": 32.0
}
