{
  "type": "rollout",
  "grpo_step": 130,
  "num_questions": 32,
  "group_size": 8.0,
  "num_rollouts": 256,
  "reward": 0.76171875,
  "format_accuracy": 0.94921875,
  "answer_accuracy": 0.76171875,
  "avg_response_token_length": 370.53125,
  "rollout_seconds": 13.236244440078735,
  "mean_reward": 0.76171875,
  "std_reward": 0.4268665611743927,
  "min_reward": 0.0,
  "max_reward": 1.0,
  "mean_advantage": 0.0,
  "std_advantage": 0.21351401507854462,
  "num_groups": 32.0
}
