{
  "type": "rollout",
  "grpo_step": 23,
  "num_questions": 32,
  "group_size": 8.0,
  "num_rollouts": 256,
  "reward": 0.50390625,
  "format_accuracy": 0.9296875,
  "answer_accuracy": 0.50390625,
  "avg_response_token_length": 257.5859375,
  "rollout_seconds": 12.767760276794434,
  "mean_reward": 0.50390625,
  "std_reward": 0.5009641647338867,
  "min_reward": 0.0,
  "max_reward": 1.0,
  "mean_advantage": 5.587935447692871e-09,
  "std_advantage": 0.7409567832946777,
  "num_groups": 32.0
}
