{
  "type": "rollout",
  "grpo_step": 12,
  "num_questions": 32,
  "group_size": 8.0,
  "num_rollouts": 256,
  "reward": 0.54296875,
  "format_accuracy": 0.84375,
  "answer_accuracy": 0.54296875,
  "avg_response_token_length": 308.265625,
  "rollout_seconds": 11.590764999389648,
  "mean_reward": 0.54296875,
  "std_reward": 0.4991260766983032,
  "min_reward": 0.0,
  "max_reward": 1.0,
  "mean_advantage": 0.0,
  "std_advantage": 0.8609140515327454,
  "num_groups": 32.0
}
