{
  "type": "rollout",
  "grpo_step": 103,
  "num_questions": 32,
  "group_size": 8.0,
  "num_rollouts": 256,
  "reward": 0.5625,
  "format_accuracy": 0.70703125,
  "answer_accuracy": 0.5625,
  "avg_response_token_length": 468.73046875,
  "rollout_seconds": 15.218212604522705,
  "mean_reward": 0.5625,
  "std_reward": 0.49705013632774353,
  "min_reward": 0.0,
  "max_reward": 1.0,
  "mean_advantage": -3.4924596548080444e-10,
  "std_advantage": 0.7221953272819519,
  "num_groups": 32.0
}
