{
  "type": "rollout",
  "grpo_step": 103,
  "num_questions": 32,
  "group_size": 8.0,
  "num_rollouts": 256,
  "reward": 0.734375,
  "format_accuracy": 0.9453125,
  "answer_accuracy": 0.734375,
  "avg_response_token_length": 284.5859375,
  "rollout_seconds": 21.885019779205322,
  "mean_reward": 0.734375,
  "std_reward": 0.4425306022167206,
  "min_reward": 0.0,
  "max_reward": 1.0,
  "mean_advantage": -1.3969838619232178e-09,
  "std_advantage": 0.4686221778392792,
  "num_groups": 32.0
}
