{
  "type": "rollout",
  "grpo_step": 116,
  "num_questions": 32,
  "group_size": 8.0,
  "num_rollouts": 256,
  "reward": 0.7734375,
  "format_accuracy": 0.921875,
  "answer_accuracy": 0.7734375,
  "avg_response_token_length": 531.1796875,
  "rollout_seconds": 17.174697875976562,
  "mean_reward": 0.7734375,
  "std_reward": 0.41942712664604187,
  "min_reward": 0.0,
  "max_reward": 1.0,
  "mean_advantage": -5.122274160385132e-09,
  "std_advantage": 0.5973784327507019,
  "num_groups": 32.0
}
