{
  "type": "rollout",
  "grpo_step": 116,
  "num_questions": 32,
  "group_size": 8.0,
  "num_rollouts": 256,
  "reward": 0.75,
  "format_accuracy": 0.94140625,
  "answer_accuracy": 0.75,
  "avg_response_token_length": 545.4296875,
  "rollout_seconds": 17.300347089767456,
  "mean_reward": 0.75,
  "std_reward": 0.4338609278202057,
  "min_reward": 0.0,
  "max_reward": 1.0,
  "mean_advantage": 0.0,
  "std_advantage": 0.24050600826740265,
  "num_groups": 32.0
}
