{
  "type": "rollout",
  "grpo_step": 131,
  "num_questions": 32,
  "group_size": 8.0,
  "num_rollouts": 256,
  "reward": 0.70703125,
  "format_accuracy": 0.91796875,
  "answer_accuracy": 0.70703125,
  "avg_response_token_length": 376.671875,
  "rollout_seconds": 10.141845226287842,
  "mean_reward": 0.70703125,
  "std_reward": 0.45601576566696167,
  "min_reward": 0.0,
  "max_reward": 1.0,
  "mean_advantage": -3.725290298461914e-09,
  "std_advantage": 0.46862223744392395,
  "num_groups": 32.0
}
