{
  "type": "rollout",
  "grpo_step": 6,
  "num_questions": 32,
  "group_size": 8.0,
  "num_rollouts": 256,
  "reward": 0.26953125,
  "format_accuracy": 0.96875,
  "answer_accuracy": 0.26953125,
  "avg_response_token_length": 168.94140625,
  "rollout_seconds": 8.77964448928833,
  "mean_reward": 0.26953125,
  "std_reward": 0.4445854723453522,
  "min_reward": 0.0,
  "max_reward": 1.0,
  "mean_advantage": -4.6566128730773926e-09,
  "std_advantage": 0.6627320051193237,
  "num_groups": 32.0
}
