{
  "type": "rollout",
  "grpo_step": 190,
  "num_questions": 32,
  "group_size": 8.0,
  "num_rollouts": 256,
  "reward": 0.53515625,
  "format_accuracy": 0.703125,
  "answer_accuracy": 0.53515625,
  "avg_response_token_length": 439.046875,
  "rollout_seconds": 14.946722507476807,
  "mean_reward": 0.53515625,
  "std_reward": 0.49973952770233154,
  "min_reward": 0.0,
  "max_reward": 1.0,
  "mean_advantage": -7.450580596923828e-09,
  "std_advantage": 0.7029333710670471,
  "num_groups": 32.0
}
