{
  "type": "rollout",
  "grpo_step": 316,
  "num_questions": 32,
  "group_size": 8.0,
  "num_rollouts": 256,
  "reward": 0.7734375,
  "format_accuracy": 0.9921875,
  "answer_accuracy": 0.7734375,
  "avg_response_token_length": 337.6171875,
  "rollout_seconds": 10.172293663024902,
  "mean_reward": 0.7734375,
  "std_reward": 0.41942712664604187,
  "min_reward": 0.0,
  "max_reward": 1.0,
  "mean_advantage": -1.0477378964424133e-09,
  "std_advantage": 0.4686221778392792,
  "num_groups": 32.0
}
