{
  "type": "rollout",
  "grpo_step": 125,
  "num_questions": 32,
  "group_size": 8.0,
  "num_rollouts": 256,
  "reward": 0.77734375,
  "format_accuracy": 0.94140625,
  "answer_accuracy": 0.77734375,
  "avg_response_token_length": 387.0078125,
  "rollout_seconds": 10.312360763549805,
  "mean_reward": 0.77734375,
  "std_reward": 0.41684433817863464,
  "min_reward": 0.0,
  "max_reward": 1.0,
  "mean_advantage": -1.979060471057892e-09,
  "std_advantage": 0.5739426016807556,
  "num_groups": 32.0
}
