{
  "num_examples": 3199,
  "reward": 0.6364488902782119,
  "format_accuracy": 0.9415442325726789,
  "answer_accuracy": 0.6364488902782119,
  "temperature": 1.0,
  "top_p": 1.0,
  "max_tokens": 1024,
  "stop": "</answer>",
  "include_stop_str_in_output": true,
  "eval_seconds": 139.2715129852295
}
