{
  "num_examples": 3199,
  "reward": 0.7205376680212566,
  "format_accuracy": 0.9402938418255705,
  "answer_accuracy": 0.7205376680212566,
  "temperature": 1.0,
  "top_p": 1.0,
  "max_tokens": 1024,
  "stop": "</answer>",
  "include_stop_str_in_output": true,
  "eval_seconds": 176.06360125541687
}
