{
  "num_examples": 3199,
  "reward": 0.7192872772741482,
  "format_accuracy": 0.9384182557049078,
  "answer_accuracy": 0.7192872772741482,
  "temperature": 1.0,
  "top_p": 1.0,
  "max_tokens": 1024,
  "stop": "</answer>",
  "include_stop_str_in_output": true,
  "eval_seconds": 182.04115748405457
}
