{
  "type": "rollout",
  "grpo_step": 5,
  "num_questions": 32,
  "group_size": 8.0,
  "num_rollouts": 256,
  "reward": 0.23828125,
  "format_accuracy": 0.71875,
  "answer_accuracy": 0.23828125,
  "avg_response_token_length": 256.71875,
  "rollout_seconds": 10.203784227371216,
  "mean_reward": 0.23828125,
  "std_reward": 0.4268665611743927,
  "min_reward": 0.0,
  "max_reward": 1.0,
  "mean_advantage": 0.0,
  "std_advantage": 0.34513425827026367,
  "num_groups": 32.0
}
