{
  "type": "rollout",
  "grpo_step": 5,
  "num_questions": 32,
  "group_size": 8.0,
  "num_rollouts": 256,
  "reward": 0.27734375,
  "format_accuracy": 0.67578125,
  "answer_accuracy": 0.27734375,
  "avg_response_token_length": 216.97265625,
  "rollout_seconds": 9.546744108200073,
  "mean_reward": 0.27734375,
  "std_reward": 0.4485645592212677,
  "min_reward": 0.0,
  "max_reward": 1.0,
  "mean_advantage": 0.0,
  "std_advantage": 0.3711402714252472,
  "num_groups": 32.0
}
