{
  "type": "rollout",
  "grpo_step": 243,
  "num_questions": 32,
  "group_size": 8.0,
  "num_rollouts": 256,
  "reward": 0.640625,
  "format_accuracy": 0.88671875,
  "answer_accuracy": 0.640625,
  "avg_response_token_length": 524.6015625,
  "rollout_seconds": 13.69875979423523,
  "mean_reward": 0.640625,
  "std_reward": 0.4807571768760681,
  "min_reward": 0.0,
  "max_reward": 1.0,
  "mean_advantage": 1.862645149230957e-09,
  "std_advantage": 0.5239356160163879,
  "num_groups": 32.0
}
