{
  "type": "rollout",
  "grpo_step": 116,
  "num_questions": 32,
  "group_size": 8.0,
  "num_rollouts": 256,
  "reward": 0.34765625,
  "format_accuracy": 0.94140625,
  "answer_accuracy": 0.34765625,
  "avg_response_token_length": 29.8828125,
  "rollout_seconds": 5.385582685470581,
  "mean_reward": 0.34765625,
  "std_reward": 0.4771590530872345,
  "min_reward": 0.0,
  "max_reward": 1.0,
  "mean_advantage": -3.725290298461914e-09,
  "std_advantage": 0.46862226724624634,
  "num_groups": 32.0
}
