{
  "type": "rollout",
  "grpo_step": 72,
  "num_questions": 32,
  "group_size": 8.0,
  "num_rollouts": 256,
  "reward": 0.6796875,
  "format_accuracy": 0.81640625,
  "answer_accuracy": 0.6796875,
  "avg_response_token_length": 356.03125,
  "rollout_seconds": 12.853713274002075,
  "mean_reward": 0.6796875,
  "std_reward": 0.4675106108188629,
  "min_reward": 0.0,
  "max_reward": 1.0,
  "mean_advantage": 0.0,
  "std_advantage": 0.2765331566333771,
  "num_groups": 32.0
}
