{
  "type": "rollout",
  "grpo_step": 135,
  "num_questions": 32,
  "group_size": 8.0,
  "num_rollouts": 256,
  "reward": 0.75,
  "format_accuracy": 0.921875,
  "answer_accuracy": 0.75,
  "avg_response_token_length": 397.98046875,
  "rollout_seconds": 13.5589919090271,
  "mean_reward": 0.75,
  "std_reward": 0.4338609278202057,
  "min_reward": 0.0,
  "max_reward": 1.0,
  "mean_advantage": 3.259629011154175e-09,
  "std_advantage": 0.46862223744392395,
  "num_groups": 32.0
}
