{
  "type": "rollout",
  "grpo_step": 126,
  "num_questions": 32,
  "group_size": 8.0,
  "num_rollouts": 256,
  "reward": 0.77734375,
  "format_accuracy": 0.99609375,
  "answer_accuracy": 0.77734375,
  "avg_response_token_length": 306.78125,
  "rollout_seconds": 12.115792036056519,
  "mean_reward": 0.77734375,
  "std_reward": 0.41684433817863464,
  "min_reward": 0.0,
  "max_reward": 1.0,
  "mean_advantage": 0.0,
  "std_advantage": 0.24753688275814056,
  "num_groups": 32.0
}
