{
  "type": "rollout",
  "grpo_step": 259,
  "num_questions": 32,
  "group_size": 8.0,
  "num_rollouts": 256,
  "reward": 0.74609375,
  "format_accuracy": 0.9453125,
  "answer_accuracy": 0.74609375,
  "avg_response_token_length": 463.52734375,
  "rollout_seconds": 12.810914278030396,
  "mean_reward": 0.74609375,
  "std_reward": 0.4360972046852112,
  "min_reward": 0.0,
  "max_reward": 1.0,
  "mean_advantage": -2.7939677238464355e-09,
  "std_advantage": 0.5495083332061768,
  "num_groups": 32.0
}
