{
  "type": "rollout",
  "grpo_step": 79,
  "num_questions": 32,
  "group_size": 8.0,
  "num_rollouts": 256,
  "reward": 0.75390625,
  "format_accuracy": 0.95703125,
  "answer_accuracy": 0.75390625,
  "avg_response_token_length": 461.63671875,
  "rollout_seconds": 15.105125427246094,
  "mean_reward": 0.75390625,
  "std_reward": 0.43157756328582764,
  "min_reward": 0.0,
  "max_reward": 1.0,
  "mean_advantage": 0.0,
  "std_advantage": 0.23535537719726562,
  "num_groups": 32.0
}
