{
  "type": "rollout",
  "grpo_step": 281,
  "num_questions": 32,
  "group_size": 8.0,
  "num_rollouts": 256,
  "reward": 0.81640625,
  "format_accuracy": 0.97265625,
  "answer_accuracy": 0.81640625,
  "avg_response_token_length": 381.0625,
  "rollout_seconds": 10.539924144744873,
  "mean_reward": 0.81640625,
  "std_reward": 0.3879109025001526,
  "min_reward": 0.0,
  "max_reward": 1.0,
  "mean_advantage": -1.862645149230957e-09,
  "std_advantage": 0.4383558928966522,
  "num_groups": 32.0
}
