{
  "num_examples": 3199,
  "reward": 0.41544232572678963,
  "format_accuracy": 0.9803063457330415,
  "answer_accuracy": 0.41544232572678963,
  "temperature": 1.0,
  "top_p": 1.0,
  "max_tokens": 1024,
  "stop": "</answer>",
  "include_stop_str_in_output": true
}
