{
  "num_examples": 3199,
  "reward": 0.38762113160362616,
  "format_accuracy": 0.9774929665520475,
  "answer_accuracy": 0.38762113160362616,
  "temperature": 1.0,
  "top_p": 1.0,
  "max_tokens": 1024,
  "stop": "</answer>",
  "include_stop_str_in_output": true
}
