{
  "num_examples": 3199,
  "reward": 0.4220068771491091,
  "format_accuracy": 0.9806189434198187,
  "answer_accuracy": 0.4220068771491091,
  "temperature": 1.0,
  "top_p": 1.0,
  "max_tokens": 1024,
  "stop": "</answer>",
  "include_stop_str_in_output": true
}
