{
  "num_examples": 3199,
  "reward": 0.4066895904970303,
  "format_accuracy": 0.9837449202875899,
  "answer_accuracy": 0.4066895904970303,
  "temperature": 1.0,
  "top_p": 1.0,
  "max_tokens": 1024,
  "stop": "</answer>",
  "include_stop_str_in_output": true
}
