{
  "type": "rollout",
  "grpo_step": 140,
  "num_questions": 32,
  "group_size": 8.0,
  "num_rollouts": 256,
  "reward": 0.546875,
  "format_accuracy": 0.9609375,
  "answer_accuracy": 0.546875,
  "avg_response_token_length": 385.828125,
  "rollout_seconds": 14.273973941802979,
  "mean_reward": 0.546875,
  "std_reward": 0.4987730085849762,
  "min_reward": 0.0,
  "max_reward": 1.0,
  "mean_advantage": 0.0,
  "std_advantage": 0.25819888710975647,
  "num_groups": 32.0
}
