{
  "type": "rollout",
  "grpo_step": 104,
  "num_questions": 32,
  "group_size": 8.0,
  "num_rollouts": 256,
  "reward": 0.6171875,
  "format_accuracy": 0.9375,
  "answer_accuracy": 0.6171875,
  "avg_response_token_length": 302.18359375,
  "rollout_seconds": 11.73023009300232,
  "mean_reward": 0.6171875,
  "std_reward": 0.48702529072761536,
  "min_reward": 0.0,
  "max_reward": 1.0,
  "mean_advantage": 0.0,
  "std_advantage": 0.6199288368225098,
  "num_groups": 32.0
}
