{
  "type": "rollout",
  "grpo_step": 23,
  "num_questions": 32,
  "group_size": 8.0,
  "num_rollouts": 256,
  "reward": 0.125,
  "format_accuracy": 0.921875,
  "answer_accuracy": 0.125,
  "avg_response_token_length": 39.0703125,
  "rollout_seconds": 5.828479766845703,
  "mean_reward": 0.125,
  "std_reward": 0.33136674761772156,
  "min_reward": 0.0,
  "max_reward": 1.0,
  "mean_advantage": 3.725290298461914e-09,
  "std_advantage": 0.5495081543922424,
  "num_groups": 32.0
}
