{
  "type": "rollout",
  "grpo_step": 27,
  "num_questions": 32,
  "group_size": 8.0,
  "num_rollouts": 256,
  "reward": 0.66015625,
  "format_accuracy": 0.94140625,
  "answer_accuracy": 0.66015625,
  "avg_response_token_length": 327.90234375,
  "rollout_seconds": 12.272762537002563,
  "mean_reward": 0.66015625,
  "std_reward": 0.47458380460739136,
  "min_reward": 0.0,
  "max_reward": 1.0,
  "mean_advantage": 9.313225746154785e-10,
  "std_advantage": 0.7409569025039673,
  "num_groups": 32.0
}
