{
  "type": "rollout",
  "grpo_step": 193,
  "num_questions": 32,
  "group_size": 8.0,
  "num_rollouts": 256,
  "reward": 0.828125,
  "format_accuracy": 0.98828125,
  "answer_accuracy": 0.828125,
  "avg_response_token_length": 345.40234375,
  "rollout_seconds": 12.202109813690186,
  "mean_reward": 0.828125,
  "std_reward": 0.3780107796192169,
  "min_reward": 0.0,
  "max_reward": 1.0,
  "mean_advantage": -9.313225746154785e-10,
  "std_advantage": 0.4383559226989746,
  "num_groups": 32.0
}
