{
  "type": "rollout",
  "grpo_step": 101,
  "num_questions": 32,
  "group_size": 8.0,
  "num_rollouts": 256,
  "reward": 0.70703125,
  "format_accuracy": 0.97265625,
  "answer_accuracy": 0.70703125,
  "avg_response_token_length": 227.96875,
  "rollout_seconds": 10.269273042678833,
  "mean_reward": 0.70703125,
  "std_reward": 0.45601576566696167,
  "min_reward": 0.0,
  "max_reward": 1.0,
  "mean_advantage": 0.0,
  "std_advantage": 0.273861289024353,
  "num_groups": 32.0
}
