{
  "type": "rollout",
  "grpo_step": 40,
  "num_questions": 32,
  "group_size": 8.0,
  "num_rollouts": 256,
  "reward": 0.63671875,
  "format_accuracy": 0.94921875,
  "answer_accuracy": 0.63671875,
  "avg_response_token_length": 285.3359375,
  "rollout_seconds": 11.33263611793518,
  "mean_reward": 0.63671875,
  "std_reward": 0.48188698291778564,
  "min_reward": 0.0,
  "max_reward": 1.0,
  "mean_advantage": 1.862645149230957e-09,
  "std_advantage": 0.5739427208900452,
  "num_groups": 32.0
}
