{
  "type": "rollout",
  "grpo_step": 158,
  "num_questions": 32,
  "group_size": 8.0,
  "num_rollouts": 256,
  "reward": 0.453125,
  "format_accuracy": 0.83984375,
  "answer_accuracy": 0.453125,
  "avg_response_token_length": 164.0078125,
  "rollout_seconds": 8.510939598083496,
  "mean_reward": 0.453125,
  "std_reward": 0.4987730085849762,
  "min_reward": 0.0,
  "max_reward": 1.0,
  "mean_advantage": -1.862645149230957e-09,
  "std_advantage": 0.7945877909660339,
  "num_groups": 32.0
}
