{
  "type": "rollout",
  "grpo_step": 57,
  "num_questions": 32,
  "group_size": 8.0,
  "num_rollouts": 256,
  "reward": 0.65234375,
  "format_accuracy": 0.97265625,
  "answer_accuracy": 0.65234375,
  "avg_response_token_length": 219.73046875,
  "rollout_seconds": 12.902472734451294,
  "mean_reward": 0.65234375,
  "std_reward": 0.4771590530872345,
  "min_reward": 0.0,
  "max_reward": 1.0,
  "mean_advantage": -8.381903171539307e-09,
  "std_advantage": 0.7221953868865967,
  "num_groups": 32.0
}
