{
  "type": "rollout",
  "grpo_step": 167,
  "num_questions": 32,
  "group_size": 8.0,
  "num_rollouts": 256,
  "reward": 0.8046875,
  "format_accuracy": 0.94921875,
  "answer_accuracy": 0.8046875,
  "avg_response_token_length": 451.2578125,
  "rollout_seconds": 11.60167407989502,
  "mean_reward": 0.8046875,
  "std_reward": 0.39721766114234924,
  "min_reward": 0.0,
  "max_reward": 1.0,
  "mean_advantage": 0.0,
  "std_advantage": 0.438355952501297,
  "num_groups": 32.0
}
