{
  "type": "rollout",
  "grpo_step": 201,
  "num_questions": 32,
  "group_size": 8.0,
  "num_rollouts": 256,
  "reward": 0.73046875,
  "format_accuracy": 0.96875,
  "answer_accuracy": 0.73046875,
  "avg_response_token_length": 419.7265625,
  "rollout_seconds": 11.271917581558228,
  "mean_reward": 0.73046875,
  "std_reward": 0.4445854723453522,
  "min_reward": 0.0,
  "max_reward": 1.0,
  "mean_advantage": -3.259629011154175e-09,
  "std_advantage": 0.5239355564117432,
  "num_groups": 32.0
}
