{
  "type": "rollout",
  "grpo_step": 55,
  "num_questions": 32,
  "group_size": 8.0,
  "num_rollouts": 256,
  "reward": 0.81640625,
  "format_accuracy": 0.95703125,
  "answer_accuracy": 0.81640625,
  "avg_response_token_length": 496.34765625,
  "rollout_seconds": 15.281402826309204,
  "mean_reward": 0.81640625,
  "std_reward": 0.3879109025001526,
  "min_reward": 0.0,
  "max_reward": 1.0,
  "mean_advantage": -5.587935447692871e-09,
  "std_advantage": 0.5973783731460571,
  "num_groups": 32.0
}
