{
  "type": "rollout",
  "grpo_step": 30,
  "num_questions": 32,
  "group_size": 8.0,
  "num_rollouts": 256,
  "reward": 0.4375,
  "format_accuracy": 0.8515625,
  "answer_accuracy": 0.4375,
  "avg_response_token_length": 322.79296875,
  "rollout_seconds": 12.222596406936646,
  "mean_reward": 0.4375,
  "std_reward": 0.49705013632774353,
  "min_reward": 0.0,
  "max_reward": 1.0,
  "mean_advantage": 3.725290298461914e-09,
  "std_advantage": 0.7592548131942749,
  "num_groups": 32.0
}
