{
  "type": "rollout",
  "grpo_step": 138,
  "num_questions": 32,
  "group_size": 8.0,
  "num_rollouts": 256,
  "reward": 0.83984375,
  "format_accuracy": 0.921875,
  "answer_accuracy": 0.83984375,
  "avg_response_token_length": 462.91796875,
  "rollout_seconds": 25.152415990829468,
  "mean_reward": 0.83984375,
  "std_reward": 0.36746931076049805,
  "min_reward": 0.0,
  "max_reward": 1.0,
  "mean_advantage": -9.313225746154785e-10,
  "std_advantage": 0.4383558928966522,
  "num_groups": 32.0
}
