{
  "type": "rollout",
  "grpo_step": 107,
  "num_questions": 32,
  "group_size": 8.0,
  "num_rollouts": 256,
  "reward": 0.546875,
  "format_accuracy": 0.8828125,
  "answer_accuracy": 0.546875,
  "avg_response_token_length": 241.25,
  "rollout_seconds": 10.129549264907837,
  "mean_reward": 0.546875,
  "std_reward": 0.4987730085849762,
  "min_reward": 0.0,
  "max_reward": 1.0,
  "mean_advantage": 3.026798367500305e-09,
  "std_advantage": 0.7221953868865967,
  "num_groups": 32.0
}
