{
  "type": "rollout",
  "grpo_step": 2,
  "num_questions": 32,
  "group_size": 8.0,
  "num_rollouts": 256,
  "reward": 0.18359375,
  "format_accuracy": 0.59765625,
  "answer_accuracy": 0.18359375,
  "avg_response_token_length": 201.06640625,
  "rollout_seconds": 10.014967918395996,
  "mean_reward": 0.18359375,
  "std_reward": 0.3879109025001526,
  "min_reward": 0.0,
  "max_reward": 1.0,
  "mean_advantage": 7.450580596923828e-09,
  "std_advantage": 0.7221953868865967,
  "num_groups": 32.0
}
