{
  "type": "rollout",
  "grpo_step": 40,
  "num_questions": 32,
  "group_size": 8.0,
  "num_rollouts": 256,
  "reward": 0.60546875,
  "format_accuracy": 0.92578125,
  "answer_accuracy": 0.60546875,
  "avg_response_token_length": 308.09375,
  "rollout_seconds": 14.669366598129272,
  "mean_reward": 0.60546875,
  "std_reward": 0.48970717191696167,
  "min_reward": 0.0,
  "max_reward": 1.0,
  "mean_advantage": 1.862645149230957e-09,
  "std_advantage": 0.5973784327507019,
  "num_groups": 32.0
}
