{
  "type": "rollout",
  "grpo_step": 97,
  "num_questions": 32,
  "group_size": 8.0,
  "num_rollouts": 256,
  "reward": 0.6171875,
  "format_accuracy": 0.91015625,
  "answer_accuracy": 0.6171875,
  "avg_response_token_length": 311.609375,
  "rollout_seconds": 11.75259017944336,
  "mean_reward": 0.6171875,
  "std_reward": 0.48702529072761536,
  "min_reward": 0.0,
  "max_reward": 1.0,
  "mean_advantage": 1.862645149230957e-09,
  "std_advantage": 0.7592547535896301,
  "num_groups": 32.0
}
