{
  "type": "rollout",
  "grpo_step": 199,
  "num_questions": 32,
  "group_size": 8.0,
  "num_rollouts": 256,
  "reward": 0.26171875,
  "format_accuracy": 0.75390625,
  "answer_accuracy": 0.26171875,
  "avg_response_token_length": 135.65234375,
  "rollout_seconds": 8.224988460540771,
  "mean_reward": 0.26171875,
  "std_reward": 0.4404313564300537,
  "min_reward": 0.0,
  "max_reward": 1.0,
  "mean_advantage": 2.3283064365386963e-09,
  "std_advantage": 0.5739427208900452,
  "num_groups": 32.0
}
