{
  "type": "rollout",
  "grpo_step": 56,
  "num_questions": 32,
  "group_size": 8.0,
  "num_rollouts": 256,
  "reward": 0.44921875,
  "format_accuracy": 0.9453125,
  "answer_accuracy": 0.44921875,
  "avg_response_token_length": 287.0546875,
  "rollout_seconds": 11.050990581512451,
  "mean_reward": 0.44921875,
  "std_reward": 0.49838894605636597,
  "min_reward": 0.0,
  "max_reward": 1.0,
  "mean_advantage": 0.0,
  "std_advantage": 0.7029332518577576,
  "num_groups": 32.0
}
