{
  "type": "rollout",
  "grpo_step": 69,
  "num_questions": 32,
  "group_size": 8.0,
  "num_rollouts": 256,
  "reward": 0.73828125,
  "format_accuracy": 0.95703125,
  "answer_accuracy": 0.73828125,
  "avg_response_token_length": 333.4609375,
  "rollout_seconds": 12.43288779258728,
  "mean_reward": 0.73828125,
  "std_reward": 0.4404313564300537,
  "min_reward": 0.0,
  "max_reward": 1.0,
  "mean_advantage": -1.3969838619232178e-09,
  "std_advantage": 0.5739426016807556,
  "num_groups": 32.0
}
