{
  "type": "rollout",
  "grpo_step": 137,
  "num_questions": 32,
  "group_size": 8.0,
  "num_rollouts": 256,
  "reward": 0.73046875,
  "format_accuracy": 0.90625,
  "answer_accuracy": 0.73046875,
  "avg_response_token_length": 452.734375,
  "rollout_seconds": 15.251361608505249,
  "mean_reward": 0.73046875,
  "std_reward": 0.4445854723453522,
  "min_reward": 0.0,
  "max_reward": 1.0,
  "mean_advantage": -1.3969838619232178e-09,
  "std_advantage": 0.5739426612854004,
  "num_groups": 32.0
}
