{
  "type": "rollout",
  "grpo_step": 151,
  "num_questions": 32,
  "group_size": 8.0,
  "num_rollouts": 256,
  "reward": 0.453125,
  "format_accuracy": 0.69140625,
  "answer_accuracy": 0.453125,
  "avg_response_token_length": 491.3359375,
  "rollout_seconds": 15.695901870727539,
  "mean_reward": 0.453125,
  "std_reward": 0.4987730085849762,
  "min_reward": 0.0,
  "max_reward": 1.0,
  "mean_advantage": -9.313225746154785e-10,
  "std_advantage": 0.7029333114624023,
  "num_groups": 32.0
}
