{
  "type": "rollout",
  "grpo_step": 198,
  "num_questions": 32,
  "group_size": 8.0,
  "num_rollouts": 256,
  "reward": 0.203125,
  "format_accuracy": 0.66015625,
  "answer_accuracy": 0.203125,
  "avg_response_token_length": 135.4140625,
  "rollout_seconds": 7.992446184158325,
  "mean_reward": 0.203125,
  "std_reward": 0.40311288833618164,
  "min_reward": 0.0,
  "max_reward": 1.0,
  "mean_advantage": -3.725290298461914e-09,
  "std_advantage": 0.5973786115646362,
  "num_groups": 32.0
}
