{
  "type": "rollout",
  "grpo_step": 11,
  "num_questions": 32,
  "group_size": 8.0,
  "num_rollouts": 256,
  "reward": 0.69140625,
  "format_accuracy": 0.9140625,
  "answer_accuracy": 0.69140625,
  "avg_response_token_length": 600.79296875,
  "rollout_seconds": 17.890464544296265,
  "mean_reward": 0.69140625,
  "std_reward": 0.46281784772872925,
  "min_reward": 0.0,
  "max_reward": 1.0,
  "mean_advantage": -2.7939677238464355e-09,
  "std_advantage": 0.7409567832946777,
  "num_groups": 32.0
}
