{
  "type": "rollout",
  "grpo_step": 93,
  "num_questions": 32,
  "group_size": 8.0,
  "num_rollouts": 256,
  "reward": 0.26953125,
  "format_accuracy": 0.86328125,
  "answer_accuracy": 0.26953125,
  "avg_response_token_length": 39.46484375,
  "rollout_seconds": 5.874895095825195,
  "mean_reward": 0.26953125,
  "std_reward": 0.4445854723453522,
  "min_reward": 0.0,
  "max_reward": 1.0,
  "mean_advantage": -4.889443516731262e-09,
  "std_advantage": 0.5739425420761108,
  "num_groups": 32.0
}
