{
  "type": "rollout",
  "grpo_step": 18,
  "num_questions": 32,
  "group_size": 8.0,
  "num_rollouts": 256,
  "reward": 0.20703125,
  "format_accuracy": 0.9296875,
  "answer_accuracy": 0.20703125,
  "avg_response_token_length": 127.76953125,
  "rollout_seconds": 8.935224294662476,
  "mean_reward": 0.20703125,
  "std_reward": 0.40597182512283325,
  "min_reward": 0.0,
  "max_reward": 1.0,
  "mean_advantage": 0.0,
  "std_advantage": 0.7221953272819519,
  "num_groups": 32.0
}
