{
  "type": "rollout",
  "grpo_step": 124,
  "num_questions": 32,
  "group_size": 8.0,
  "num_rollouts": 256,
  "reward": 0.5859375,
  "format_accuracy": 0.89453125,
  "answer_accuracy": 0.5859375,
  "avg_response_token_length": 202.23046875,
  "rollout_seconds": 10.06626582145691,
  "mean_reward": 0.5859375,
  "std_reward": 0.4935242533683777,
  "min_reward": 0.0,
  "max_reward": 1.0,
  "mean_advantage": -6.51925802230835e-09,
  "std_advantage": 0.7221953272819519,
  "num_groups": 32.0
}
