{
  "num_examples": 3199,
  "reward": 0.2185057830572054,
  "format_accuracy": 0.9456080025007815,
  "answer_accuracy": 0.2185057830572054,
  "temperature": 1.0,
  "top_p": 1.0,
  "max_tokens": 1024,
  "stop": "</answer>",
  "include_stop_str_in_output": true,
  "eval_seconds": 32.16446805000305
}
