{
  "type": "rollout",
  "grpo_step": 51,
  "num_questions": 32,
  "group_size": 8.0,
  "num_rollouts": 256,
  "reward": 0.32421875,
  "format_accuracy": 0.67578125,
  "answer_accuracy": 0.32421875,
  "avg_response_token_length": 196.32421875,
  "rollout_seconds": 9.314008951187134,
  "mean_reward": 0.32421875,
  "std_reward": 0.46899911761283875,
  "min_reward": 0.0,
  "max_reward": 1.0,
  "mean_advantage": 6.51925802230835e-09,
  "std_advantage": 0.8116775155067444,
  "num_groups": 32.0
}
