{
  "type": "rollout",
  "grpo_step": 52,
  "num_questions": 32,
  "group_size": 8.0,
  "num_rollouts": 256,
  "reward": 0.77734375,
  "format_accuracy": 0.9375,
  "answer_accuracy": 0.77734375,
  "avg_response_token_length": 312.85546875,
  "rollout_seconds": 14.982694625854492,
  "mean_reward": 0.77734375,
  "std_reward": 0.41684433817863464,
  "min_reward": 0.0,
  "max_reward": 1.0,
  "mean_advantage": -1.3969838619232178e-09,
  "std_advantage": 0.5495082139968872,
  "num_groups": 32.0
}
