{
  "type": "rollout",
  "grpo_step": 174,
  "num_questions": 32,
  "group_size": 8.0,
  "num_rollouts": 256,
  "reward": 0.59375,
  "format_accuracy": 0.765625,
  "answer_accuracy": 0.59375,
  "avg_response_token_length": 408.83984375,
  "rollout_seconds": 14.111266136169434,
  "mean_reward": 0.59375,
  "std_reward": 0.49209436774253845,
  "min_reward": 0.0,
  "max_reward": 1.0,
  "mean_advantage": 2.7939677238464355e-09,
  "std_advantage": 0.5495082139968872,
  "num_groups": 32.0
}
