{
  "type": "rollout",
  "grpo_step": 18,
  "num_questions": 32,
  "group_size": 8.0,
  "num_rollouts": 256,
  "reward": 0.49609375,
  "format_accuracy": 0.80859375,
  "answer_accuracy": 0.49609375,
  "avg_response_token_length": 334.26171875,
  "rollout_seconds": 9.298705577850342,
  "mean_reward": 0.49609375,
  "std_reward": 0.5009641647338867,
  "min_reward": 0.0,
  "max_reward": 1.0,
  "mean_advantage": 4.6566128730773926e-09,
  "std_advantage": 0.7029333710670471,
  "num_groups": 32.0
}
