{
  "type": "rollout",
  "grpo_step": 14,
  "num_questions": 32,
  "group_size": 8.0,
  "num_rollouts": 256,
  "reward": 0.50390625,
  "format_accuracy": 0.9296875,
  "answer_accuracy": 0.50390625,
  "avg_response_token_length": 115.3828125,
  "rollout_seconds": 7.5263354778289795,
  "mean_reward": 0.50390625,
  "std_reward": 0.5009641647338867,
  "min_reward": 0.0,
  "max_reward": 1.0,
  "mean_advantage": 0.0,
  "std_advantage": 0.3521641790866852,
  "num_groups": 32.0
}
