{
  "type": "rollout",
  "grpo_step": 26,
  "num_questions": 32,
  "group_size": 8.0,
  "num_rollouts": 256,
  "reward": 0.109375,
  "format_accuracy": 0.43359375,
  "answer_accuracy": 0.109375,
  "avg_response_token_length": 294.03515625,
  "rollout_seconds": 11.248160123825073,
  "mean_reward": 0.109375,
  "std_reward": 0.31272050738334656,
  "min_reward": 0.0,
  "max_reward": 1.0,
  "mean_advantage": 6.984919309616089e-09,
  "std_advantage": 0.6627318263053894,
  "num_groups": 32.0
}
