{
  "type": "rollout",
  "grpo_step": 121,
  "num_questions": 32,
  "group_size": 8.0,
  "num_rollouts": 256,
  "reward": 0.51953125,
  "format_accuracy": 0.85546875,
  "answer_accuracy": 0.51953125,
  "avg_response_token_length": 260.0625,
  "rollout_seconds": 10.586790084838867,
  "mean_reward": 0.51953125,
  "std_reward": 0.5005970597267151,
  "min_reward": 0.0,
  "max_reward": 1.0,
  "mean_advantage": -5.587935447692871e-09,
  "std_advantage": 0.7592546939849854,
  "num_groups": 32.0
}
