{
  "type": "rollout",
  "grpo_step": 9,
  "num_questions": 32,
  "group_size": 8.0,
  "num_rollouts": 256,
  "reward": 0.32421875,
  "format_accuracy": 0.94921875,
  "answer_accuracy": 0.32421875,
  "avg_response_token_length": 183.734375,
  "rollout_seconds": 18.71700382232666,
  "mean_reward": 0.32421875,
  "std_reward": 0.46899911761283875,
  "min_reward": 0.0,
  "max_reward": 1.0,
  "mean_advantage": 3.4924596548080444e-09,
  "std_advantage": 0.7221953868865967,
  "num_groups": 32.0
}
