{
  "type": "rollout",
  "grpo_step": 23,
  "num_questions": 32,
  "group_size": 8.0,
  "num_rollouts": 256,
  "reward": 0.21875,
  "format_accuracy": 0.94921875,
  "answer_accuracy": 0.21875,
  "avg_response_token_length": 35.9296875,
  "rollout_seconds": 5.743533611297607,
  "mean_reward": 0.21875,
  "std_reward": 0.41420844197273254,
  "min_reward": 0.0,
  "max_reward": 1.0,
  "mean_advantage": 3.259629011154175e-09,
  "std_advantage": 0.40583863854408264,
  "num_groups": 32.0
}
