{
  "type": "rollout",
  "grpo_step": 143,
  "num_questions": 32,
  "group_size": 8.0,
  "num_rollouts": 256,
  "reward": 0.6875,
  "format_accuracy": 0.828125,
  "answer_accuracy": 0.6875,
  "avg_response_token_length": 354.93359375,
  "rollout_seconds": 13.228001356124878,
  "mean_reward": 0.6875,
  "std_reward": 0.4644203782081604,
  "min_reward": 0.0,
  "max_reward": 1.0,
  "mean_advantage": 5.587935447692871e-09,
  "std_advantage": 0.549508273601532,
  "num_groups": 32.0
}
