{
  "type": "rollout",
  "grpo_step": 74,
  "num_questions": 32,
  "group_size": 8.0,
  "num_rollouts": 256,
  "reward": 0.6953125,
  "format_accuracy": 0.93359375,
  "answer_accuracy": 0.6953125,
  "avg_response_token_length": 327.89453125,
  "rollout_seconds": 16.37156319618225,
  "mean_reward": 0.6953125,
  "std_reward": 0.4611765742301941,
  "min_reward": 0.0,
  "max_reward": 1.0,
  "mean_advantage": -3.725290298461914e-09,
  "std_advantage": 0.5739426612854004,
  "num_groups": 32.0
}
