{
  "type": "rollout",
  "grpo_step": 10,
  "num_questions": 32,
  "group_size": 8.0,
  "num_rollouts": 256,
  "reward": 0.10546875,
  "format_accuracy": 0.3359375,
  "answer_accuracy": 0.10546875,
  "avg_response_token_length": 317.203125,
  "rollout_seconds": 11.471912622451782,
  "mean_reward": 0.10546875,
  "std_reward": 0.3077581524848938,
  "min_reward": 0.0,
  "max_reward": 1.0,
  "mean_advantage": 1.862645149230957e-09,
  "std_advantage": 0.5973784327507019,
  "num_groups": 32.0
}
