{
  "type": "rollout",
  "grpo_step": 130,
  "num_questions": 32,
  "group_size": 8.0,
  "num_rollouts": 256,
  "reward": 0.60546875,
  "format_accuracy": 0.93359375,
  "answer_accuracy": 0.60546875,
  "avg_response_token_length": 294.1328125,
  "rollout_seconds": 11.147599220275879,
  "mean_reward": 0.60546875,
  "std_reward": 0.48970717191696167,
  "min_reward": 0.0,
  "max_reward": 1.0,
  "mean_advantage": -3.725290298461914e-09,
  "std_advantage": 0.7221953272819519,
  "num_groups": 32.0
}
