{
  "type": "rollout",
  "grpo_step": 12,
  "num_questions": 32,
  "group_size": 8.0,
  "num_rollouts": 256,
  "reward": 0.26171875,
  "format_accuracy": 0.953125,
  "answer_accuracy": 0.26171875,
  "avg_response_token_length": 38.4296875,
  "rollout_seconds": 5.63578462600708,
  "mean_reward": 0.26171875,
  "std_reward": 0.4404313564300537,
  "min_reward": 0.0,
  "max_reward": 1.0,
  "mean_advantage": 0.0,
  "std_advantage": 0.2666053771972656,
  "num_groups": 32.0
}
