{
  "type": "rollout",
  "grpo_step": 158,
  "num_questions": 32,
  "group_size": 8.0,
  "num_rollouts": 256,
  "reward": 0.53125,
  "format_accuracy": 0.6875,
  "answer_accuracy": 0.53125,
  "avg_response_token_length": 455.89453125,
  "rollout_seconds": 15.61542272567749,
  "mean_reward": 0.53125,
  "std_reward": 0.5,
  "min_reward": 0.0,
  "max_reward": 1.0,
  "mean_advantage": 3.725290298461914e-09,
  "std_advantage": 0.740956723690033,
  "num_groups": 32.0
}
