{
  "type": "rollout",
  "grpo_step": 320,
  "num_questions": 32,
  "group_size": 8.0,
  "num_rollouts": 256,
  "reward": 0.90234375,
  "format_accuracy": 0.97265625,
  "answer_accuracy": 0.90234375,
  "avg_response_token_length": 354.83203125,
  "rollout_seconds": 9.961735010147095,
  "mean_reward": 0.90234375,
  "std_reward": 0.29743078351020813,
  "min_reward": 0.0,
  "max_reward": 1.0,
  "mean_advantage": -5.587935447692871e-09,
  "std_advantage": 0.5495082139968872,
  "num_groups": 32.0
}
