{
  "type": "rollout",
  "grpo_step": 101,
  "num_questions": 32,
  "group_size": 8.0,
  "num_rollouts": 256,
  "reward": 0.57421875,
  "format_accuracy": 0.93359375,
  "answer_accuracy": 0.57421875,
  "avg_response_token_length": 406.32421875,
  "rollout_seconds": 13.914350748062134,
  "mean_reward": 0.57421875,
  "std_reward": 0.49542948603630066,
  "min_reward": 0.0,
  "max_reward": 1.0,
  "mean_advantage": 0.0,
  "std_advantage": 0.233263298869133,
  "num_groups": 32.0
}
