{
  "type": "rollout",
  "grpo_step": 62,
  "num_questions": 32,
  "group_size": 8.0,
  "num_rollouts": 256,
  "reward": 0.2109375,
  "format_accuracy": 0.65625,
  "answer_accuracy": 0.2109375,
  "avg_response_token_length": 312.48828125,
  "rollout_seconds": 11.828016519546509,
  "mean_reward": 0.2109375,
  "std_reward": 0.408773273229599,
  "min_reward": 0.0,
  "max_reward": 1.0,
  "mean_advantage": 0.0,
  "std_advantage": 0.31777411699295044,
  "num_groups": 32.0
}
