{
  "type": "rollout",
  "grpo_step": 49,
  "num_questions": 32,
  "group_size": 8.0,
  "num_rollouts": 256,
  "reward": 0.78125,
  "format_accuracy": 0.94140625,
  "answer_accuracy": 0.78125,
  "avg_response_token_length": 316.6953125,
  "rollout_seconds": 11.942561149597168,
  "mean_reward": 0.78125,
  "std_reward": 0.41420844197273254,
  "min_reward": 0.0,
  "max_reward": 1.0,
  "mean_advantage": 4.656612873077393e-10,
  "std_advantage": 0.43835604190826416,
  "num_groups": 32.0
}
