{
  "type": "rollout",
  "grpo_step": 69,
  "num_questions": 32,
  "group_size": 8.0,
  "num_rollouts": 256,
  "reward": 0.43359375,
  "format_accuracy": 0.9375,
  "answer_accuracy": 0.43359375,
  "avg_response_token_length": 28.1953125,
  "rollout_seconds": 5.356971025466919,
  "mean_reward": 0.43359375,
  "std_reward": 0.4965413510799408,
  "min_reward": 0.0,
  "max_reward": 1.0,
  "mean_advantage": 1.862645149230957e-09,
  "std_advantage": 0.6199288368225098,
  "num_groups": 32.0
}
