{
  "type": "rollout",
  "grpo_step": 69,
  "num_questions": 32,
  "group_size": 8.0,
  "num_rollouts": 256,
  "reward": 0.37890625,
  "format_accuracy": 0.96484375,
  "answer_accuracy": 0.37890625,
  "avg_response_token_length": 20.87890625,
  "rollout_seconds": 1.4703900814056396,
  "mean_reward": 0.37890625,
  "std_reward": 0.48606500029563904,
  "min_reward": 0.0,
  "max_reward": 1.0,
  "mean_advantage": -5.587935447692871e-09,
  "std_advantage": 0.49704888463020325,
  "num_groups": 32.0
}
