{
  "type": "rollout",
  "grpo_step": 150,
  "num_questions": 32,
  "group_size": 8.0,
  "num_rollouts": 256,
  "reward": 0.5390625,
  "format_accuracy": 0.78125,
  "answer_accuracy": 0.5390625,
  "avg_response_token_length": 512.9453125,
  "rollout_seconds": 16.544277906417847,
  "mean_reward": 0.5390625,
  "std_reward": 0.4994482398033142,
  "min_reward": 0.0,
  "max_reward": 1.0,
  "mean_advantage": 0.0,
  "std_advantage": 0.2852587401866913,
  "num_groups": 32.0
}
