{
  "type": "rollout",
  "grpo_step": 95,
  "num_questions": 32,
  "group_size": 8.0,
  "num_rollouts": 256,
  "reward": 0.46484375,
  "format_accuracy": 0.9140625,
  "answer_accuracy": 0.46484375,
  "avg_response_token_length": 201.68359375,
  "rollout_seconds": 9.449779987335205,
  "mean_reward": 0.46484375,
  "std_reward": 0.49973952770233154,
  "min_reward": 0.0,
  "max_reward": 1.0,
  "mean_advantage": 4.6566128730773926e-09,
  "std_advantage": 0.7945877313613892,
  "num_groups": 32.0
}
