{
  "type": "rollout",
  "grpo_step": 353,
  "num_questions": 32,
  "group_size": 8.0,
  "num_rollouts": 256,
  "reward": 0.76953125,
  "format_accuracy": 0.93359375,
  "answer_accuracy": 0.76953125,
  "avg_response_token_length": 485.0,
  "rollout_seconds": 12.01557993888855,
  "mean_reward": 0.76953125,
  "std_reward": 0.4219578206539154,
  "min_reward": 0.0,
  "max_reward": 1.0,
  "mean_advantage": -1.862645149230957e-09,
  "std_advantage": 0.5239356160163879,
  "num_groups": 32.0
}
