{
  "type": "rollout",
  "grpo_step": 28,
  "num_questions": 32,
  "group_size": 8.0,
  "num_rollouts": 256,
  "reward": 0.6171875,
  "format_accuracy": 0.8828125,
  "answer_accuracy": 0.6171875,
  "avg_response_token_length": 256.1015625,
  "rollout_seconds": 10.440463066101074,
  "mean_reward": 0.6171875,
  "std_reward": 0.48702529072761536,
  "min_reward": 0.0,
  "max_reward": 1.0,
  "mean_advantage": 0.0,
  "std_advantage": 0.3238857090473175,
  "num_groups": 32.0
}
