{
  "type": "rollout",
  "grpo_step": 19,
  "num_questions": 32,
  "group_size": 8.0,
  "num_rollouts": 256,
  "reward": 0.4453125,
  "format_accuracy": 0.8828125,
  "answer_accuracy": 0.4453125,
  "avg_response_token_length": 231.296875,
  "rollout_seconds": 9.931013107299805,
  "mean_reward": 0.4453125,
  "std_reward": 0.49797382950782776,
  "min_reward": 0.0,
  "max_reward": 1.0,
  "mean_advantage": -6.51925802230835e-09,
  "std_advantage": 0.7409569025039673,
  "num_groups": 32.0
}
