{
  "type": "rollout",
  "grpo_step": 11,
  "num_questions": 32,
  "group_size": 8.0,
  "num_rollouts": 256,
  "reward": 0.1796875,
  "format_accuracy": 0.9609375,
  "answer_accuracy": 0.1796875,
  "avg_response_token_length": 41.16015625,
  "rollout_seconds": 6.0563695430755615,
  "mean_reward": 0.1796875,
  "std_reward": 0.38467901945114136,
  "min_reward": 0.0,
  "max_reward": 1.0,
  "mean_advantage": 0.0,
  "std_advantage": 0.21004201471805573,
  "num_groups": 32.0
}
