{
  "type": "rollout",
  "grpo_step": 146,
  "num_questions": 32,
  "group_size": 8.0,
  "num_rollouts": 256,
  "reward": 0.55078125,
  "format_accuracy": 0.796875,
  "answer_accuracy": 0.55078125,
  "avg_response_token_length": 388.171875,
  "rollout_seconds": 13.495726823806763,
  "mean_reward": 0.55078125,
  "std_reward": 0.49838894605636597,
  "min_reward": 0.0,
  "max_reward": 1.0,
  "mean_advantage": 5.122274160385132e-09,
  "std_advantage": 0.5739427208900452,
  "num_groups": 32.0
}
