{
  "type": "rollout",
  "grpo_step": 25,
  "num_questions": 32,
  "group_size": 8.0,
  "num_rollouts": 256,
  "reward": 0.5546875,
  "format_accuracy": 0.84765625,
  "answer_accuracy": 0.5546875,
  "avg_response_token_length": 372.47265625,
  "rollout_seconds": 14.903987407684326,
  "mean_reward": 0.5546875,
  "std_reward": 0.49797382950782776,
  "min_reward": 0.0,
  "max_reward": 1.0,
  "mean_advantage": -7.450580596923828e-09,
  "std_advantage": 0.7029332518577576,
  "num_groups": 32.0
}
