{
  "type": "rollout",
  "grpo_step": 199,
  "num_questions": 32,
  "group_size": 8.0,
  "num_rollouts": 256,
  "reward": 0.46875,
  "format_accuracy": 0.65625,
  "answer_accuracy": 0.46875,
  "avg_response_token_length": 472.30078125,
  "rollout_seconds": 15.587214231491089,
  "mean_reward": 0.46875,
  "std_reward": 0.5,
  "min_reward": 0.0,
  "max_reward": 1.0,
  "mean_advantage": -4.656612873077393e-10,
  "std_advantage": 0.6627320051193237,
  "num_groups": 32.0
}
