{
  "type": "rollout",
  "grpo_step": 102,
  "num_questions": 32,
  "group_size": 8.0,
  "num_rollouts": 256,
  "reward": 0.64453125,
  "format_accuracy": 0.92578125,
  "answer_accuracy": 0.64453125,
  "avg_response_token_length": 298.328125,
  "rollout_seconds": 11.5323805809021,
  "mean_reward": 0.64453125,
  "std_reward": 0.4795927405357361,
  "min_reward": 0.0,
  "max_reward": 1.0,
  "mean_advantage": 0.0,
  "std_advantage": 0.2756454050540924,
  "num_groups": 32.0
}
