{
  "type": "rollout",
  "grpo_step": 167,
  "num_questions": 32,
  "group_size": 8.0,
  "num_rollouts": 256,
  "reward": 0.78125,
  "format_accuracy": 0.95703125,
  "answer_accuracy": 0.78125,
  "avg_response_token_length": 376.09765625,
  "rollout_seconds": 22.47054672241211,
  "mean_reward": 0.78125,
  "std_reward": 0.41420844197273254,
  "min_reward": 0.0,
  "max_reward": 1.0,
  "mean_advantage": 1.280568540096283e-09,
  "std_advantage": 0.438355952501297,
  "num_groups": 32.0
}
