{
  "type": "rollout",
  "grpo_step": 91,
  "num_questions": 32,
  "group_size": 8.0,
  "num_rollouts": 256,
  "reward": 0.62109375,
  "format_accuracy": 0.9453125,
  "answer_accuracy": 0.62109375,
  "avg_response_token_length": 415.765625,
  "rollout_seconds": 14.756089687347412,
  "mean_reward": 0.62109375,
  "std_reward": 0.48606500029563904,
  "min_reward": 0.0,
  "max_reward": 1.0,
  "mean_advantage": 6.51925802230835e-09,
  "std_advantage": 0.5739427208900452,
  "num_groups": 32.0
}
