{
  "type": "rollout",
  "ei_step": 1,
  "num_questions": 512,
  "rollouts_per_question": 2,
  "num_rollouts": 1024,
  "num_accepted": 27,
  "accepted_fraction": 0.0263671875,
  "question_coverage_with_accept": 0.05078125,
  "reward": 0.0263671875,
  "format_accuracy": 0.1552734375,
  "answer_accuracy": 0.0263671875,
  "avg_token_entropy": 0.9143037796020508,
  "avg_accepted_token_entropy": 0.7561125578703703,
  "avg_response_token_length": 365.73046875,
  "avg_accepted_response_token_length": 122.33333333333333,
  "rollout_seconds": 77.74146246910095
}
