{
  "type": "rollout",
  "grpo_step": 368,
  "num_questions": 32,
  "group_size": 8.0,
  "num_rollouts": 256,
  "reward": 0.765625,
  "format_accuracy": 0.9296875,
  "answer_accuracy": 0.765625,
  "avg_response_token_length": 435.8359375,
  "rollout_seconds": 14.437233924865723,
  "mean_reward": 0.765625,
  "std_reward": 0.42443734407424927,
  "min_reward": 0.0,
  "max_reward": 1.0,
  "mean_advantage": 1.3969838619232178e-09,
  "std_advantage": 0.4686223268508911,
  "num_groups": 32.0
}
