{
  "type": "rollout",
  "grpo_step": 111,
  "num_questions": 32,
  "group_size": 8.0,
  "num_rollouts": 256,
  "reward": 0.23046875,
  "format_accuracy": 0.9765625,
  "answer_accuracy": 0.23046875,
  "avg_response_token_length": 14.27734375,
  "rollout_seconds": 1.2883915901184082,
  "mean_reward": 0.23046875,
  "std_reward": 0.4219578206539154,
  "min_reward": 0.0,
  "max_reward": 1.0,
  "mean_advantage": 2.0954757928848267e-09,
  "std_advantage": 0.3313659727573395,
  "num_groups": 32.0
}
