{
  "type": "rollout",
  "grpo_step": 57,
  "num_questions": 32,
  "group_size": 8.0,
  "num_rollouts": 256,
  "reward": 0.80859375,
  "format_accuracy": 0.9453125,
  "answer_accuracy": 0.80859375,
  "avg_response_token_length": 456.55078125,
  "rollout_seconds": 17.97552990913391,
  "mean_reward": 0.80859375,
  "std_reward": 0.39417868852615356,
  "min_reward": 0.0,
  "max_reward": 1.0,
  "mean_advantage": 0.0,
  "std_advantage": 0.273861289024353,
  "num_groups": 32.0
}
