{
  "type": "rollout",
  "grpo_step": 322,
  "num_questions": 32,
  "group_size": 8.0,
  "num_rollouts": 256,
  "reward": 0.8125,
  "format_accuracy": 0.921875,
  "answer_accuracy": 0.8125,
  "avg_response_token_length": 389.3203125,
  "rollout_seconds": 13.326027631759644,
  "mean_reward": 0.8125,
  "std_reward": 0.3910769522190094,
  "min_reward": 0.0,
  "max_reward": 1.0,
  "mean_advantage": -1.862645149230957e-09,
  "std_advantage": 0.40583884716033936,
  "num_groups": 32.0
}
