{
  "type": "rollout",
  "grpo_step": 3,
  "num_questions": 32,
  "group_size": 8.0,
  "num_rollouts": 256,
  "reward": 0.125,
  "format_accuracy": 0.7109375,
  "answer_accuracy": 0.125,
  "avg_response_token_length": 238.94921875,
  "rollout_seconds": 9.921489715576172,
  "mean_reward": 0.125,
  "std_reward": 0.33136674761772156,
  "min_reward": 0.0,
  "max_reward": 1.0,
  "mean_advantage": 3.026798367500305e-09,
  "std_advantage": 0.5739427208900452,
  "num_groups": 32.0
}
