{
  "type": "rollout",
  "grpo_step": 47,
  "num_questions": 32,
  "group_size": 8.0,
  "num_rollouts": 256,
  "reward": 0.25,
  "format_accuracy": 0.80078125,
  "answer_accuracy": 0.25,
  "avg_response_token_length": 141.265625,
  "rollout_seconds": 8.18837594985962,
  "mean_reward": 0.25,
  "std_reward": 0.4338609278202057,
  "min_reward": 0.0,
  "max_reward": 1.0,
  "mean_advantage": 5.587935447692871e-09,
  "std_advantage": 0.7221953868865967,
  "num_groups": 32.0
}
