{
  "type": "rollout",
  "grpo_step": 134,
  "num_questions": 32,
  "group_size": 8.0,
  "num_rollouts": 256,
  "reward": 0.26171875,
  "format_accuracy": 0.8046875,
  "answer_accuracy": 0.26171875,
  "avg_response_token_length": 167.3984375,
  "rollout_seconds": 8.646217346191406,
  "mean_reward": 0.26171875,
  "std_reward": 0.4404313564300537,
  "min_reward": 0.0,
  "max_reward": 1.0,
  "mean_advantage": 9.313225746154785e-10,
  "std_advantage": 0.6831284761428833,
  "num_groups": 32.0
}
