{
  "type": "rollout",
  "grpo_step": 43,
  "num_questions": 32,
  "group_size": 8.0,
  "num_rollouts": 256,
  "reward": 0.47265625,
  "format_accuracy": 0.9765625,
  "answer_accuracy": 0.47265625,
  "avg_response_token_length": 249.13671875,
  "rollout_seconds": 10.107971668243408,
  "mean_reward": 0.47265625,
  "std_reward": 0.5002297163009644,
  "min_reward": 0.0,
  "max_reward": 1.0,
  "mean_advantage": 0.0,
  "std_advantage": 0.7945877313613892,
  "num_groups": 32.0
}
