{
  "type": "rollout",
  "grpo_step": 99,
  "num_questions": 32,
  "group_size": 8.0,
  "num_rollouts": 256,
  "reward": 0.67578125,
  "format_accuracy": 0.8828125,
  "answer_accuracy": 0.67578125,
  "avg_response_token_length": 445.19921875,
  "rollout_seconds": 11.179963111877441,
  "mean_reward": 0.67578125,
  "std_reward": 0.46899911761283875,
  "min_reward": 0.0,
  "max_reward": 1.0,
  "mean_advantage": 0.0,
  "std_advantage": 0.6416871547698975,
  "num_groups": 32.0
}
