{
  "type": "rollout",
  "grpo_step": 191,
  "num_questions": 32,
  "group_size": 8.0,
  "num_rollouts": 256,
  "reward": 0.40625,
  "format_accuracy": 0.90234375,
  "answer_accuracy": 0.40625,
  "avg_response_token_length": 60.76953125,
  "rollout_seconds": 6.276459455490112,
  "mean_reward": 0.40625,
  "std_reward": 0.49209436774253845,
  "min_reward": 0.0,
  "max_reward": 1.0,
  "mean_advantage": 3.4924596548080444e-10,
  "std_advantage": 0.4970487952232361,
  "num_groups": 32.0
}
