{
  "type": "rollout",
  "grpo_step": 166,
  "num_questions": 32,
  "group_size": 8.0,
  "num_rollouts": 256,
  "reward": 0.7265625,
  "format_accuracy": 0.95703125,
  "answer_accuracy": 0.7265625,
  "avg_response_token_length": 386.8515625,
  "rollout_seconds": 13.835494756698608,
  "mean_reward": 0.7265625,
  "std_reward": 0.44659659266471863,
  "min_reward": 0.0,
  "max_reward": 1.0,
  "mean_advantage": -6.51925802230835e-09,
  "std_advantage": 0.6627318263053894,
  "num_groups": 32.0
}
