{
  "type": "rollout",
  "grpo_step": 103,
  "num_questions": 32,
  "group_size": 8.0,
  "num_rollouts": 256,
  "reward": 0.3359375,
  "format_accuracy": 0.8125,
  "answer_accuracy": 0.3359375,
  "avg_response_token_length": 160.72265625,
  "rollout_seconds": 8.689395189285278,
  "mean_reward": 0.3359375,
  "std_reward": 0.4732423722743988,
  "min_reward": 0.0,
  "max_reward": 1.0,
  "mean_advantage": 5.587935447692871e-09,
  "std_advantage": 0.7029333710670471,
  "num_groups": 32.0
}
