{
  "type": "rollout",
  "grpo_step": 103,
  "num_questions": 32,
  "group_size": 8.0,
  "num_rollouts": 256,
  "reward": 0.546875,
  "format_accuracy": 0.921875,
  "answer_accuracy": 0.546875,
  "avg_response_token_length": 200.08203125,
  "rollout_seconds": 9.417951345443726,
  "mean_reward": 0.546875,
  "std_reward": 0.4987730085849762,
  "min_reward": 0.0,
  "max_reward": 1.0,
  "mean_advantage": -2.7939677238464355e-09,
  "std_advantage": 0.7592548131942749,
  "num_groups": 32.0
}
