{
  "type": "rollout",
  "grpo_step": 48,
  "num_questions": 32,
  "group_size": 8.0,
  "num_rollouts": 256,
  "reward": 0.5390625,
  "format_accuracy": 0.828125,
  "answer_accuracy": 0.5390625,
  "avg_response_token_length": 359.6796875,
  "rollout_seconds": 12.632696151733398,
  "mean_reward": 0.5390625,
  "std_reward": 0.4994482398033142,
  "min_reward": 0.0,
  "max_reward": 1.0,
  "mean_advantage": 3.725290298461914e-09,
  "std_advantage": 0.6627318263053894,
  "num_groups": 32.0
}
