{
  "type": "rollout",
  "grpo_step": 72,
  "num_questions": 32,
  "group_size": 8.0,
  "num_rollouts": 256,
  "reward": 0.73828125,
  "format_accuracy": 0.94140625,
  "answer_accuracy": 0.73828125,
  "avg_response_token_length": 338.73828125,
  "rollout_seconds": 9.818346500396729,
  "mean_reward": 0.73828125,
  "std_reward": 0.4404313564300537,
  "min_reward": 0.0,
  "max_reward": 1.0,
  "mean_advantage": 0.0,
  "std_advantage": 0.49704882502555847,
  "num_groups": 32.0
}
