{
  "type": "rollout",
  "grpo_step": 72,
  "num_questions": 32,
  "group_size": 8.0,
  "num_rollouts": 256,
  "reward": 0.71484375,
  "format_accuracy": 0.88671875,
  "answer_accuracy": 0.71484375,
  "avg_response_token_length": 276.60546875,
  "rollout_seconds": 16.200151205062866,
  "mean_reward": 0.71484375,
  "std_reward": 0.4523732364177704,
  "min_reward": 0.0,
  "max_reward": 1.0,
  "mean_advantage": -4.656612873077393e-10,
  "std_advantage": 0.5239354372024536,
  "num_groups": 32.0
}
