{
  "num_examples": 1024,
  "reward": 0.3408203125,
  "format_accuracy": 0.9521484375,
  "answer_accuracy": 0.3408203125,
  "temperature": 1.0,
  "top_p": 1.0,
  "max_tokens": 1024,
  "stop": "</answer>",
  "include_stop_str_in_output": true,
  "eval_seconds": 23.59614133834839
}
