{
  "type": "rollout",
  "grpo_step": 66,
  "num_questions": 32,
  "group_size": 8.0,
  "num_rollouts": 256,
  "reward": 0.59765625,
  "format_accuracy": 0.96484375,
  "answer_accuracy": 0.59765625,
  "avg_response_token_length": 255.05078125,
  "rollout_seconds": 14.333686351776123,
  "mean_reward": 0.59765625,
  "std_reward": 0.4913311004638672,
  "min_reward": 0.0,
  "max_reward": 1.0,
  "mean_advantage": -5.587935447692871e-09,
  "std_advantage": 0.6416874527931213,
  "num_groups": 32.0
}
