{
  "type": "rollout",
  "grpo_step": 50,
  "num_questions": 32,
  "group_size": 8.0,
  "num_rollouts": 256,
  "reward": 0.73828125,
  "format_accuracy": 0.94140625,
  "answer_accuracy": 0.73828125,
  "avg_response_token_length": 494.89453125,
  "rollout_seconds": 15.271408557891846,
  "mean_reward": 0.73828125,
  "std_reward": 0.4404313564300537,
  "min_reward": 0.0,
  "max_reward": 1.0,
  "mean_advantage": -3.725290298461914e-09,
  "std_advantage": 0.5495082139968872,
  "num_groups": 32.0
}
