{
  "type": "rollout",
  "grpo_step": 15,
  "num_questions": 32,
  "group_size": 8.0,
  "num_rollouts": 256,
  "reward": 0.5546875,
  "format_accuracy": 0.9375,
  "answer_accuracy": 0.5546875,
  "avg_response_token_length": 156.828125,
  "rollout_seconds": 8.100093603134155,
  "mean_reward": 0.5546875,
  "std_reward": 0.49797382950782776,
  "min_reward": 0.0,
  "max_reward": 1.0,
  "mean_advantage": 5.587935447692871e-09,
  "std_advantage": 0.7592546939849854,
  "num_groups": 32.0
}
