{
  "type": "rollout",
  "grpo_step": 307,
  "num_questions": 32,
  "group_size": 8.0,
  "num_rollouts": 256,
  "reward": 0.8046875,
  "format_accuracy": 0.96484375,
  "answer_accuracy": 0.8046875,
  "avg_response_token_length": 365.01953125,
  "rollout_seconds": 10.128122329711914,
  "mean_reward": 0.8046875,
  "std_reward": 0.39721766114234924,
  "min_reward": 0.0,
  "max_reward": 1.0,
  "mean_advantage": -1.862645149230957e-09,
  "std_advantage": 0.5495082139968872,
  "num_groups": 32.0
}
