{
  "num_examples": 1024,
  "reward": 0.7783203125,
  "format_accuracy": 0.9892578125,
  "answer_accuracy": 0.7783203125,
  "temperature": 1.0,
  "top_p": 1.0,
  "max_tokens": 1024,
  "stop": "</answer>",
  "include_stop_str_in_output": true,
  "eval_seconds": 38.2851448059082
}
