{
  "type": "rollout",
  "grpo_step": 12,
  "num_questions": 32,
  "group_size": 8.0,
  "num_rollouts": 256,
  "reward": 0.48046875,
  "format_accuracy": 0.8984375,
  "answer_accuracy": 0.48046875,
  "avg_response_token_length": 121.94921875,
  "rollout_seconds": 7.563299179077148,
  "mean_reward": 0.48046875,
  "std_reward": 0.5005970597267151,
  "min_reward": 0.0,
  "max_reward": 1.0,
  "mean_advantage": 0.0,
  "std_advantage": 0.3604191541671753,
  "num_groups": 32.0
}
