{
  "type": "rollout",
  "grpo_step": 31,
  "num_questions": 32,
  "group_size": 8.0,
  "num_rollouts": 256,
  "reward": 0.3203125,
  "format_accuracy": 0.953125,
  "answer_accuracy": 0.3203125,
  "avg_response_token_length": 19.29296875,
  "rollout_seconds": 6.146970510482788,
  "mean_reward": 0.3203125,
  "std_reward": 0.4675106108188629,
  "min_reward": 0.0,
  "max_reward": 1.0,
  "mean_advantage": -9.313225746154785e-09,
  "std_advantage": 0.6416874527931213,
  "num_groups": 32.0
}
