{
  "type": "rollout",
  "grpo_step": 114,
  "num_questions": 32,
  "group_size": 8.0,
  "num_rollouts": 256,
  "reward": 0.49609375,
  "format_accuracy": 0.70703125,
  "answer_accuracy": 0.49609375,
  "avg_response_token_length": 460.65234375,
  "rollout_seconds": 14.972050428390503,
  "mean_reward": 0.49609375,
  "std_reward": 0.5009641647338867,
  "min_reward": 0.0,
  "max_reward": 1.0,
  "mean_advantage": -1.3969838619232178e-09,
  "std_advantage": 0.5973784923553467,
  "num_groups": 32.0
}
