{
  "type": "rollout",
  "grpo_step": 117,
  "num_questions": 32,
  "group_size": 8.0,
  "num_rollouts": 256,
  "reward": 0.24609375,
  "format_accuracy": 0.53515625,
  "answer_accuracy": 0.24609375,
  "avg_response_token_length": 440.66796875,
  "rollout_seconds": 14.85442042350769,
  "mean_reward": 0.24609375,
  "std_reward": 0.43157756328582764,
  "min_reward": 0.0,
  "max_reward": 1.0,
  "mean_advantage": 0.0,
  "std_advantage": 0.34228184819221497,
  "num_groups": 32.0
}
