{
  "type": "rollout",
  "grpo_step": 166,
  "num_questions": 32,
  "group_size": 8.0,
  "num_rollouts": 256,
  "reward": 0.328125,
  "format_accuracy": 0.984375,
  "answer_accuracy": 0.328125,
  "avg_response_token_length": 29.03125,
  "rollout_seconds": 5.6577677726745605,
  "mean_reward": 0.328125,
  "std_reward": 0.47045034170150757,
  "min_reward": 0.0,
  "max_reward": 1.0,
  "mean_advantage": 2.7939677238464355e-09,
  "std_advantage": 0.4058387279510498,
  "num_groups": 32.0
}
