{
  "type": "rollout",
  "grpo_step": 166,
  "num_questions": 32,
  "group_size": 8.0,
  "num_rollouts": 256,
  "reward": 0.21875,
  "format_accuracy": 0.828125,
  "answer_accuracy": 0.21875,
  "avg_response_token_length": 41.77734375,
  "rollout_seconds": 6.280203104019165,
  "mean_reward": 0.21875,
  "std_reward": 0.41420844197273254,
  "min_reward": 0.0,
  "max_reward": 1.0,
  "mean_advantage": 1.1641532182693481e-10,
  "std_advantage": 0.5495083928108215,
  "num_groups": 32.0
}
