{
  "num_examples": 1024,
  "reward": 0.7099609375,
  "format_accuracy": 0.94921875,
  "answer_accuracy": 0.7099609375,
  "temperature": 1.0,
  "top_p": 1.0,
  "max_tokens": 1024,
  "stop": "</answer>",
  "include_stop_str_in_output": true,
  "eval_seconds": 33.832157373428345
}
