{
  "num_examples": 1024,
  "reward": 0.744140625,
  "format_accuracy": 0.9501953125,
  "answer_accuracy": 0.744140625,
  "temperature": 1.0,
  "top_p": 1.0,
  "max_tokens": 1024,
  "stop": "</answer>",
  "include_stop_str_in_output": true,
  "eval_seconds": 37.813618421554565
}
