{
  "type": "rollout",
  "grpo_step": 18,
  "num_questions": 32,
  "group_size": 8.0,
  "num_rollouts": 256,
  "reward": 0.41796875,
  "format_accuracy": 0.83203125,
  "answer_accuracy": 0.41796875,
  "avg_response_token_length": 322.0390625,
  "rollout_seconds": 11.882537364959717,
  "mean_reward": 0.41796875,
  "std_reward": 0.49419113993644714,
  "min_reward": 0.0,
  "max_reward": 1.0,
  "mean_advantage": 0.0,
  "std_advantage": 0.3535533845424652,
  "num_groups": 32.0
}
