{
  "type": "rollout",
  "grpo_step": 39,
  "num_questions": 32,
  "group_size": 8.0,
  "num_rollouts": 256,
  "reward": 0.66796875,
  "format_accuracy": 0.94921875,
  "answer_accuracy": 0.66796875,
  "avg_response_token_length": 284.16015625,
  "rollout_seconds": 11.551284074783325,
  "mean_reward": 0.66796875,
  "std_reward": 0.47186464071273804,
  "min_reward": 0.0,
  "max_reward": 1.0,
  "mean_advantage": 9.313225746154785e-10,
  "std_advantage": 0.5239354968070984,
  "num_groups": 32.0
}
