{
  "type": "rollout",
  "grpo_step": 35,
  "num_questions": 32,
  "group_size": 8.0,
  "num_rollouts": 256,
  "reward": 0.6015625,
  "format_accuracy": 0.9375,
  "answer_accuracy": 0.6015625,
  "avg_response_token_length": 326.19921875,
  "rollout_seconds": 12.139164924621582,
  "mean_reward": 0.6015625,
  "std_reward": 0.4905354082584381,
  "min_reward": 0.0,
  "max_reward": 1.0,
  "mean_advantage": -4.656612873077393e-10,
  "std_advantage": 0.6831283569335938,
  "num_groups": 32.0
}
