{
  "type": "rollout",
  "grpo_step": 51,
  "num_questions": 32,
  "group_size": 8.0,
  "num_rollouts": 256,
  "reward": 0.6875,
  "format_accuracy": 0.92578125,
  "answer_accuracy": 0.6875,
  "avg_response_token_length": 322.16796875,
  "rollout_seconds": 12.213293075561523,
  "mean_reward": 0.6875,
  "std_reward": 0.4644203782081604,
  "min_reward": 0.0,
  "max_reward": 1.0,
  "mean_advantage": 0.0,
  "std_advantage": 0.29372522234916687,
  "num_groups": 32.0
}
