{
  "type": "rollout",
  "grpo_step": 54,
  "num_questions": 32,
  "group_size": 8.0,
  "num_rollouts": 256,
  "reward": 0.72265625,
  "format_accuracy": 0.90234375,
  "answer_accuracy": 0.72265625,
  "avg_response_token_length": 356.765625,
  "rollout_seconds": 12.8431875705719,
  "mean_reward": 0.72265625,
  "std_reward": 0.4485645592212677,
  "min_reward": 0.0,
  "max_reward": 1.0,
  "mean_advantage": -5.587935447692871e-09,
  "std_advantage": 0.7409567832946777,
  "num_groups": 32.0
}
