{
  "type": "rollout",
  "grpo_step": 18,
  "num_questions": 32,
  "group_size": 8.0,
  "num_rollouts": 256,
  "reward": 0.4453125,
  "format_accuracy": 0.90234375,
  "answer_accuracy": 0.4453125,
  "avg_response_token_length": 226.08984375,
  "rollout_seconds": 11.074577331542969,
  "mean_reward": 0.4453125,
  "std_reward": 0.49797382950782776,
  "min_reward": 0.0,
  "max_reward": 1.0,
  "mean_advantage": -4.6566128730773926e-09,
  "std_advantage": 0.7771221399307251,
  "num_groups": 32.0
}
