{
  "type": "rollout",
  "grpo_step": 82,
  "num_questions": 32,
  "group_size": 8.0,
  "num_rollouts": 256,
  "reward": 0.6953125,
  "format_accuracy": 0.95703125,
  "answer_accuracy": 0.6953125,
  "avg_response_token_length": 245.0703125,
  "rollout_seconds": 10.467052936553955,
  "mean_reward": 0.6953125,
  "std_reward": 0.4611765742301941,
  "min_reward": 0.0,
  "max_reward": 1.0,
  "mean_advantage": 4.656612873077393e-10,
  "std_advantage": 0.662731945514679,
  "num_groups": 32.0
}
