{
  "type": "rollout",
  "grpo_step": 170,
  "num_questions": 32,
  "group_size": 8.0,
  "num_rollouts": 256,
  "reward": 0.3515625,
  "format_accuracy": 0.984375,
  "answer_accuracy": 0.3515625,
  "avg_response_token_length": 30.203125,
  "rollout_seconds": 5.562600374221802,
  "mean_reward": 0.3515625,
  "std_reward": 0.47839346528053284,
  "min_reward": 0.0,
  "max_reward": 1.0,
  "mean_advantage": 0.0,
  "std_advantage": 0.5495083332061768,
  "num_groups": 32.0
}
