{
  "type": "rollout",
  "grpo_step": 22,
  "num_questions": 32,
  "group_size": 8.0,
  "num_rollouts": 256,
  "reward": 0.46484375,
  "format_accuracy": 0.92578125,
  "answer_accuracy": 0.46484375,
  "avg_response_token_length": 278.95703125,
  "rollout_seconds": 21.77017092704773,
  "mean_reward": 0.46484375,
  "std_reward": 0.49973952770233154,
  "min_reward": 0.0,
  "max_reward": 1.0,
  "mean_advantage": -4.656612873077393e-10,
  "std_advantage": 0.7409567832946777,
  "num_groups": 32.0
}
