{
  "type": "rollout",
  "grpo_step": 152,
  "num_questions": 32,
  "group_size": 8.0,
  "num_rollouts": 256,
  "reward": 0.41796875,
  "format_accuracy": 0.97265625,
  "answer_accuracy": 0.41796875,
  "avg_response_token_length": 19.73828125,
  "rollout_seconds": 5.330962419509888,
  "mean_reward": 0.41796875,
  "std_reward": 0.49419113993644714,
  "min_reward": 0.0,
  "max_reward": 1.0,
  "mean_advantage": 3.725290298461914e-09,
  "std_advantage": 0.6199288964271545,
  "num_groups": 32.0
}
