{
  "type": "rollout",
  "grpo_step": 54,
  "num_questions": 32,
  "group_size": 8.0,
  "num_rollouts": 256,
  "reward": 0.59375,
  "format_accuracy": 0.96875,
  "answer_accuracy": 0.59375,
  "avg_response_token_length": 224.2265625,
  "rollout_seconds": 10.108766555786133,
  "mean_reward": 0.59375,
  "std_reward": 0.49209436774253845,
  "min_reward": 0.0,
  "max_reward": 1.0,
  "mean_advantage": 0.0,
  "std_advantage": 0.6627317667007446,
  "num_groups": 32.0
}
