{
  "type": "rollout",
  "grpo_step": 41,
  "num_questions": 32,
  "group_size": 8.0,
  "num_rollouts": 256,
  "reward": 0.79296875,
  "format_accuracy": 0.9375,
  "answer_accuracy": 0.79296875,
  "avg_response_token_length": 520.3515625,
  "rollout_seconds": 18.59351086616516,
  "mean_reward": 0.79296875,
  "std_reward": 0.40597182512283325,
  "min_reward": 0.0,
  "max_reward": 1.0,
  "mean_advantage": 0.0,
  "std_advantage": 0.28439822793006897,
  "num_groups": 32.0
}
