{
  "type": "rollout",
  "grpo_step": 111,
  "num_questions": 32,
  "group_size": 8.0,
  "num_rollouts": 256,
  "reward": 0.48046875,
  "format_accuracy": 0.88671875,
  "answer_accuracy": 0.48046875,
  "avg_response_token_length": 440.3359375,
  "rollout_seconds": 15.613908529281616,
  "mean_reward": 0.48046875,
  "std_reward": 0.5005970597267151,
  "min_reward": 0.0,
  "max_reward": 1.0,
  "mean_advantage": 5.587935447692871e-09,
  "std_advantage": 0.6831284165382385,
  "num_groups": 32.0
}
