{
  "type": "rollout",
  "grpo_step": 16,
  "num_questions": 32,
  "group_size": 8.0,
  "num_rollouts": 256,
  "reward": 0.2578125,
  "format_accuracy": 0.90234375,
  "answer_accuracy": 0.2578125,
  "avg_response_token_length": 104.8046875,
  "rollout_seconds": 7.5544068813323975,
  "mean_reward": 0.2578125,
  "std_reward": 0.4382871091365814,
  "min_reward": 0.0,
  "max_reward": 1.0,
  "mean_advantage": 0.0,
  "std_advantage": 0.3146738111972809,
  "num_groups": 32.0
}
