{
  "type": "rollout",
  "grpo_step": 171,
  "num_questions": 32,
  "group_size": 8.0,
  "num_rollouts": 256,
  "reward": 0.5078125,
  "format_accuracy": 0.91796875,
  "answer_accuracy": 0.5078125,
  "avg_response_token_length": 230.47265625,
  "rollout_seconds": 10.385095357894897,
  "mean_reward": 0.5078125,
  "std_reward": 0.5009182691574097,
  "min_reward": 0.0,
  "max_reward": 1.0,
  "mean_advantage": 3.725290298461914e-09,
  "std_advantage": 0.7221953272819519,
  "num_groups": 32.0
}
