{
  "type": "rollout",
  "grpo_step": 20,
  "num_questions": 32,
  "group_size": 8.0,
  "num_rollouts": 256,
  "reward": 0.4296875,
  "format_accuracy": 0.81640625,
  "answer_accuracy": 0.4296875,
  "avg_response_token_length": 272.2578125,
  "rollout_seconds": 10.83882737159729,
  "mean_reward": 0.4296875,
  "std_reward": 0.49600115418434143,
  "min_reward": 0.0,
  "max_reward": 1.0,
  "mean_advantage": 0.0,
  "std_advantage": 0.30996522307395935,
  "num_groups": 32.0
}
