{
  "type": "rollout",
  "grpo_step": 197,
  "num_questions": 32,
  "group_size": 8.0,
  "num_rollouts": 256,
  "reward": 0.76953125,
  "format_accuracy": 0.9609375,
  "answer_accuracy": 0.76953125,
  "avg_response_token_length": 352.92578125,
  "rollout_seconds": 12.993916511535645,
  "mean_reward": 0.76953125,
  "std_reward": 0.4219578206539154,
  "min_reward": 0.0,
  "max_reward": 1.0,
  "mean_advantage": -2.3283064365386963e-09,
  "std_advantage": 0.6199290156364441,
  "num_groups": 32.0
}
