{
  "type": "rollout",
  "grpo_step": 53,
  "num_questions": 32,
  "group_size": 8.0,
  "num_rollouts": 256,
  "reward": 0.53515625,
  "format_accuracy": 0.93359375,
  "answer_accuracy": 0.53515625,
  "avg_response_token_length": 298.703125,
  "rollout_seconds": 14.45090389251709,
  "mean_reward": 0.53515625,
  "std_reward": 0.49973952770233154,
  "min_reward": 0.0,
  "max_reward": 1.0,
  "mean_advantage": 2.7939677238464355e-09,
  "std_advantage": 0.828414797782898,
  "num_groups": 32.0
}
