{
  "type": "rollout",
  "grpo_step": 99,
  "num_questions": 32,
  "group_size": 8.0,
  "num_rollouts": 256,
  "reward": 0.22265625,
  "format_accuracy": 0.55859375,
  "answer_accuracy": 0.22265625,
  "avg_response_token_length": 467.93359375,
  "rollout_seconds": 15.770179986953735,
  "mean_reward": 0.22265625,
  "std_reward": 0.41684433817863464,
  "min_reward": 0.0,
  "max_reward": 1.0,
  "mean_advantage": 0.0,
  "std_advantage": 0.2912111282348633,
  "num_groups": 32.0
}
