{
  "type": "rollout",
  "grpo_step": 51,
  "num_questions": 32,
  "group_size": 8.0,
  "num_rollouts": 256,
  "reward": 0.5390625,
  "format_accuracy": 0.90234375,
  "answer_accuracy": 0.5390625,
  "avg_response_token_length": 222.01171875,
  "rollout_seconds": 12.370594501495361,
  "mean_reward": 0.5390625,
  "std_reward": 0.4994482398033142,
  "min_reward": 0.0,
  "max_reward": 1.0,
  "mean_advantage": -9.313225746154785e-10,
  "std_advantage": 0.6416875123977661,
  "num_groups": 32.0
}
