{
  "type": "rollout",
  "grpo_step": 196,
  "num_questions": 32,
  "group_size": 8.0,
  "num_rollouts": 256,
  "reward": 0.703125,
  "format_accuracy": 0.890625,
  "answer_accuracy": 0.703125,
  "avg_response_token_length": 573.61328125,
  "rollout_seconds": 17.781683683395386,
  "mean_reward": 0.703125,
  "std_reward": 0.45777595043182373,
  "min_reward": 0.0,
  "max_reward": 1.0,
  "mean_advantage": -6.984919309616089e-09,
  "std_advantage": 0.5739426612854004,
  "num_groups": 32.0
}
