{
  "type": "rollout",
  "grpo_step": 105,
  "num_questions": 32,
  "group_size": 8.0,
  "num_rollouts": 256,
  "reward": 0.2109375,
  "format_accuracy": 1.0,
  "answer_accuracy": 0.2109375,
  "avg_response_token_length": 16.07421875,
  "rollout_seconds": 1.3638195991516113,
  "mean_reward": 0.2109375,
  "std_reward": 0.408773273229599,
  "min_reward": 0.0,
  "max_reward": 1.0,
  "mean_advantage": 0.0,
  "std_advantage": 0.3704783618450165,
  "num_groups": 32.0
}
