{
  "type": "rollout",
  "grpo_step": 132,
  "num_questions": 32,
  "group_size": 8.0,
  "num_rollouts": 256,
  "reward": 0.8125,
  "format_accuracy": 0.98046875,
  "answer_accuracy": 0.8125,
  "avg_response_token_length": 380.890625,
  "rollout_seconds": 13.499098062515259,
  "mean_reward": 0.8125,
  "std_reward": 0.3910769522190094,
  "min_reward": 0.0,
  "max_reward": 1.0,
  "mean_advantage": 0.0,
  "std_advantage": 0.4058387875556946,
  "num_groups": 32.0
}
