{
  "type": "rollout",
  "grpo_step": 94,
  "num_questions": 32,
  "group_size": 8.0,
  "num_rollouts": 256,
  "reward": 0.7890625,
  "format_accuracy": 0.91015625,
  "answer_accuracy": 0.7890625,
  "avg_response_token_length": 421.47265625,
  "rollout_seconds": 14.229458808898926,
  "mean_reward": 0.7890625,
  "std_reward": 0.408773273229599,
  "min_reward": 0.0,
  "max_reward": 1.0,
  "mean_advantage": 0.0,
  "std_advantage": 0.5739425420761108,
  "num_groups": 32.0
}
