{
  "type": "rollout",
  "grpo_step": 158,
  "num_questions": 32,
  "group_size": 8.0,
  "num_rollouts": 256,
  "reward": 0.7578125,
  "format_accuracy": 0.9375,
  "answer_accuracy": 0.7578125,
  "avg_response_token_length": 337.74609375,
  "rollout_seconds": 12.515279531478882,
  "mean_reward": 0.7578125,
  "std_reward": 0.42924636602401733,
  "min_reward": 0.0,
  "max_reward": 1.0,
  "mean_advantage": 1.3969838619232178e-09,
  "std_advantage": 0.5495081543922424,
  "num_groups": 32.0
}
