{
  "type": "rollout",
  "grpo_step": 4,
  "num_questions": 32,
  "group_size": 8.0,
  "num_rollouts": 256,
  "reward": 0.16015625,
  "format_accuracy": 0.97265625,
  "answer_accuracy": 0.16015625,
  "avg_response_token_length": 31.01953125,
  "rollout_seconds": 5.707727909088135,
  "mean_reward": 0.16015625,
  "std_reward": 0.36746931076049805,
  "min_reward": 0.0,
  "max_reward": 1.0,
  "mean_advantage": 0.0,
  "std_advantage": 0.2495093196630478,
  "num_groups": 32.0
}
