{
  "type": "rollout",
  "grpo_step": 4,
  "num_questions": 32,
  "group_size": 8.0,
  "num_rollouts": 256,
  "reward": 0.13671875,
  "format_accuracy": 0.84375,
  "answer_accuracy": 0.13671875,
  "avg_response_token_length": 84.7421875,
  "rollout_seconds": 6.830898284912109,
  "mean_reward": 0.13671875,
  "std_reward": 0.34422317147254944,
  "min_reward": 0.0,
  "max_reward": 1.0,
  "mean_advantage": 9.313225746154785e-10,
  "std_advantage": 0.40583860874176025,
  "num_groups": 32.0
}
