{
  "type": "rollout",
  "grpo_step": 15,
  "num_questions": 32,
  "group_size": 8.0,
  "num_rollouts": 256,
  "reward": 0.42578125,
  "format_accuracy": 0.9140625,
  "answer_accuracy": 0.42578125,
  "avg_response_token_length": 175.765625,
  "rollout_seconds": 8.56045150756836,
  "mean_reward": 0.42578125,
  "std_reward": 0.49542948603630066,
  "min_reward": 0.0,
  "max_reward": 1.0,
  "mean_advantage": -9.313225746154785e-10,
  "std_advantage": 0.7029334902763367,
  "num_groups": 32.0
}
