{
  "type": "rollout",
  "grpo_step": 3,
  "num_questions": 32,
  "group_size": 8.0,
  "num_rollouts": 256,
  "reward": 0.1953125,
  "format_accuracy": 0.4765625,
  "answer_accuracy": 0.1953125,
  "avg_response_token_length": 279.17578125,
  "rollout_seconds": 10.935373067855835,
  "mean_reward": 0.1953125,
  "std_reward": 0.39721766114234924,
  "min_reward": 0.0,
  "max_reward": 1.0,
  "mean_advantage": -3.725290298461914e-09,
  "std_advantage": 0.6831285357475281,
  "num_groups": 32.0
}
