{
  "type": "rollout",
  "grpo_step": 127,
  "num_questions": 32,
  "group_size": 8.0,
  "num_rollouts": 256,
  "reward": 0.71875,
  "format_accuracy": 0.91015625,
  "answer_accuracy": 0.71875,
  "avg_response_token_length": 402.83984375,
  "rollout_seconds": 28.15600061416626,
  "mean_reward": 0.71875,
  "std_reward": 0.45048993825912476,
  "min_reward": 0.0,
  "max_reward": 1.0,
  "mean_advantage": -1.1641532182693481e-10,
  "std_advantage": 0.2869713604450226,
  "num_groups": 32.0
}
