{
  "type": "rollout",
  "grpo_step": 193,
  "num_questions": 32,
  "group_size": 8.0,
  "num_rollouts": 256,
  "reward": 0.83984375,
  "format_accuracy": 0.953125,
  "answer_accuracy": 0.83984375,
  "avg_response_token_length": 446.39453125,
  "rollout_seconds": 30.435868978500366,
  "mean_reward": 0.83984375,
  "std_reward": 0.36746931076049805,
  "min_reward": 0.0,
  "max_reward": 1.0,
  "mean_advantage": 3.725290298461914e-09,
  "std_advantage": 0.4383560121059418,
  "num_groups": 32.0
}
