{
  "type": "rollout",
  "grpo_step": 185,
  "num_questions": 32,
  "group_size": 8.0,
  "num_rollouts": 256,
  "reward": 0.35546875,
  "format_accuracy": 0.78515625,
  "answer_accuracy": 0.35546875,
  "avg_response_token_length": 255.02734375,
  "rollout_seconds": 10.621261358261108,
  "mean_reward": 0.35546875,
  "std_reward": 0.4795927405357361,
  "min_reward": 0.0,
  "max_reward": 1.0,
  "mean_advantage": 0.0,
  "std_advantage": 0.37245869636535645,
  "num_groups": 32.0
}
