{
  "type": "rollout",
  "grpo_step": 77,
  "num_questions": 32,
  "group_size": 8.0,
  "num_rollouts": 256,
  "reward": 0.5,
  "format_accuracy": 0.93359375,
  "answer_accuracy": 0.5,
  "avg_response_token_length": 344.50390625,
  "rollout_seconds": 12.423132419586182,
  "mean_reward": 0.5,
  "std_reward": 0.5009794235229492,
  "min_reward": 0.0,
  "max_reward": 1.0,
  "mean_advantage": 3.259629011154175e-09,
  "std_advantage": 0.6831285357475281,
  "num_groups": 32.0
}
