{
  "type": "rollout",
  "grpo_step": 85,
  "num_questions": 32,
  "group_size": 8.0,
  "num_rollouts": 256,
  "reward": 0.35546875,
  "format_accuracy": 0.984375,
  "answer_accuracy": 0.35546875,
  "avg_response_token_length": 23.40625,
  "rollout_seconds": 5.488552808761597,
  "mean_reward": 0.35546875,
  "std_reward": 0.4795927405357361,
  "min_reward": 0.0,
  "max_reward": 1.0,
  "mean_advantage": -7.450580596923828e-09,
  "std_advantage": 0.6199289560317993,
  "num_groups": 32.0
}
