{
  "type": "rollout",
  "grpo_step": 98,
  "num_questions": 32,
  "group_size": 8.0,
  "num_rollouts": 256,
  "reward": 0.73828125,
  "format_accuracy": 0.90625,
  "answer_accuracy": 0.73828125,
  "avg_response_token_length": 508.5703125,
  "rollout_seconds": 15.975794792175293,
  "mean_reward": 0.73828125,
  "std_reward": 0.4404313564300537,
  "min_reward": 0.0,
  "max_reward": 1.0,
  "mean_advantage": -1.862645149230957e-09,
  "std_advantage": 0.49704891443252563,
  "num_groups": 32.0
}
