{
  "type": "rollout",
  "grpo_step": 125,
  "num_questions": 32,
  "group_size": 8.0,
  "num_rollouts": 256,
  "reward": 0.4375,
  "format_accuracy": 0.58203125,
  "answer_accuracy": 0.4375,
  "avg_response_token_length": 539.05078125,
  "rollout_seconds": 17.033456325531006,
  "mean_reward": 0.4375,
  "std_reward": 0.49705013632774353,
  "min_reward": 0.0,
  "max_reward": 1.0,
  "mean_advantage": 2.7939677238464355e-09,
  "std_advantage": 0.7409568428993225,
  "num_groups": 32.0
}
