{
  "type": "rollout",
  "grpo_step": 41,
  "num_questions": 32,
  "group_size": 8.0,
  "num_rollouts": 256,
  "reward": 0.35546875,
  "format_accuracy": 0.796875,
  "answer_accuracy": 0.35546875,
  "avg_response_token_length": 251.515625,
  "rollout_seconds": 10.375187873840332,
  "mean_reward": 0.35546875,
  "std_reward": 0.4795927405357361,
  "min_reward": 0.0,
  "max_reward": 1.0,
  "mean_advantage": -5.587935447692871e-09,
  "std_advantage": 0.7771220803260803,
  "num_groups": 32.0
}
