{
  "type": "rollout",
  "grpo_step": 13,
  "num_questions": 32,
  "group_size": 8.0,
  "num_rollouts": 256,
  "reward": 0.59375,
  "format_accuracy": 0.9140625,
  "answer_accuracy": 0.59375,
  "avg_response_token_length": 289.03515625,
  "rollout_seconds": 11.558054447174072,
  "mean_reward": 0.59375,
  "std_reward": 0.49209436774253845,
  "min_reward": 0.0,
  "max_reward": 1.0,
  "mean_advantage": -1.3969838619232178e-09,
  "std_advantage": 0.5973784923553467,
  "num_groups": 32.0
}
