{
  "type": "rollout",
  "grpo_step": 13,
  "num_questions": 32,
  "group_size": 8.0,
  "num_rollouts": 256,
  "reward": 0.16015625,
  "format_accuracy": 0.29296875,
  "answer_accuracy": 0.16015625,
  "avg_response_token_length": 315.765625,
  "rollout_seconds": 11.778625726699829,
  "mean_reward": 0.16015625,
  "std_reward": 0.36746931076049805,
  "min_reward": 0.0,
  "max_reward": 1.0,
  "mean_advantage": 0.0,
  "std_advantage": 0.2553352415561676,
  "num_groups": 32.0
}
